{
    "name": "root",
    "metadata": {
        "timer_format_version": "0.1.0",
        "start_time_seconds": "1632988734",
        "python_version": "3.9.5 (tags/v3.9.5:0a7dcbd, May  3 2021, 17:27:52) [MSC v.1928 64 bit (AMD64)]",
        "command_line_arguments": "D:\\Uni Work\\CGS\\Level Design Solo Project\\virtualenv\\Scripts\\mlagents-learn config/2DPlat.yaml --run-id=2DPlat3",
        "mlagents_version": "0.27.0",
        "mlagents_envs_version": "0.27.0",
        "communication_protocol_version": "1.5.0",
        "pytorch_version": "1.7.1+cu110",
        "numpy_version": "1.21.2",
        "end_time_seconds": "1632988815"
    },
    "total": 80.2208114,
    "count": 1,
    "self": 0.005095099999991248,
    "children": {
        "run_training.setup": {
            "total": 0.09718939999999998,
            "count": 1,
            "self": 0.09718939999999998
        },
        "TrainerController.start_learning": {
            "total": 80.1185269,
            "count": 1,
            "self": 0.08061020000018004,
            "children": {
                "TrainerController._reset_env": {
                    "total": 11.8246907,
                    "count": 1,
                    "self": 11.8246907
                },
                "TrainerController.advance": {
                    "total": 68.12337989999983,
                    "count": 4565,
                    "self": 0.07305770000002099,
                    "children": {
                        "env_step": {
                            "total": 64.509312,
                            "count": 4565,
                            "self": 55.78608900000047,
                            "children": {
                                "SubprocessEnvManager._take_step": {
                                    "total": 8.675486799999717,
                                    "count": 4565,
                                    "self": 0.2421643999991705,
                                    "children": {
                                        "TorchPolicy.evaluate": {
                                            "total": 8.433322400000547,
                                            "count": 4562,
                                            "self": 3.6703836000007275,
                                            "children": {
                                                "TorchPolicy.sample_actions": {
                                                    "total": 4.762938799999819,
                                                    "count": 4562,
                                                    "self": 4.762938799999819
                                                }
                                            }
                                        }
                                    }
                                },
                                "workers": {
                                    "total": 0.047736199999805606,
                                    "count": 4564,
                                    "self": 0.0,
                                    "children": {
                                        "worker_root": {
                                            "total": 69.38225419999979,
                                            "count": 4564,
                                            "is_parallel": true,
                                            "self": 17.37195349999945,
                                            "children": {
                                                "steps_from_proto": {
                                                    "total": 0.0002295000000014369,
                                                    "count": 1,
                                                    "is_parallel": true,
                                                    "self": 0.0001058000000018211,
                                                    "children": {
                                                        "_process_rank_one_or_two_observation": {
                                                            "total": 0.00012369999999961578,
                                                            "count": 2,
                                                            "is_parallel": true,
                                                            "self": 0.00012369999999961578
                                                        }
                                                    }
                                                },
                                                "UnityEnvironment.step": {
                                                    "total": 52.01007120000034,
                                                    "count": 4564,
                                                    "is_parallel": true,
                                                    "self": 0.31043999999979377,
                                                    "children": {
                                                        "UnityEnvironment._generate_step_input": {
                                                            "total": 0.24923069999979575,
                                                            "count": 4564,
                                                            "is_parallel": true,
                                                            "self": 0.24923069999979575
                                                        },
                                                        "communicator.exchange": {
                                                            "total": 50.6038283000002,
                                                            "count": 4564,
                                                            "is_parallel": true,
                                                            "self": 50.6038283000002
                                                        },
                                                        "steps_from_proto": {
                                                            "total": 0.846572200000546,
                                                            "count": 4564,
                                                            "is_parallel": true,
                                                            "self": 0.446386700000879,
                                                            "children": {
                                                                "_process_rank_one_or_two_observation": {
                                                                    "total": 0.400185499999667,
                                                                    "count": 9128,
                                                                    "is_parallel": true,
                                                                    "self": 0.400185499999667
                                                                }
                                                            }
                                                        }
                                                    }
                                                }
                                            }
                                        }
                                    }
                                }
                            }
                        },
                        "trainer_advance": {
                            "total": 3.541010199999814,
                            "count": 4564,
                            "self": 0.0879699999996344,
                            "children": {
                                "process_trajectory": {
                                    "total": 0.2745060000001782,
                                    "count": 4564,
                                    "self": 0.2745060000001782
                                },
                                "_update_policy": {
                                    "total": 3.1785342000000014,