{
    "name": "root",
    "gauges": {
        "2DPlat.Policy.Entropy.mean": {
            "value": 1.4228883981704712,
            "min": 1.4189382791519165,
            "max": 1.4251019954681396,
            "count": 5
        },
        "2DPlat.Policy.Entropy.sum": {
            "value": 14228.8837890625,
            "min": 14200.734375,
            "max": 14285.22265625,
            "count": 5
        },
        "2DPlat.Environment.EpisodeLength.mean": {
            "value": 4999.0,
            "min": 335.0,
            "max": 4999.0,
            "count": 5
        },
        "2DPlat.Environment.EpisodeLength.sum": {
            "value": 9998.0,
            "min": 7894.0,
            "max": 10792.0,
            "count": 5
        },
        "2DPlat.Step.mean": {
            "value": 49926.0,
            "min": 9908.0,
            "max": 49926.0,
            "count": 5
        },
        "2DPlat.Step.sum": {
            "value": 49926.0,
            "min": 9908.0,
            "max": 49926.0,
            "count": 5
        },
        "2DPlat.Policy.ExtrinsicValueEstimate.mean": {
            "value": 0.03698202967643738,
            "min": 0.03698202967643738,
            "max": 2.47225022315979,
            "count": 5
        },
        "2DPlat.Policy.ExtrinsicValueEstimate.sum": {
            "value": 3.6982028484344482,
            "min": 3.6982028484344482,
            "max": 284.30877685546875,
            "count": 5
        },
        "2DPlat.Environment.CumulativeReward.mean": {
            "value": 0.00011755000079105571,
            "min": -0.9999890417856001,
            "max": 0.00011755000079105571,
            "count": 5
        },
        "2DPlat.Environment.CumulativeReward.sum": {
            "value": 0.00023510000158211142,
            "min": -27.999693169996803,
            "max": 0.00023510000158211142,
            "count": 5
        },
        "2DPlat.Policy.ExtrinsicReward.mean": {
            "value": 0.00011755000079105571,
            "min": -0.9999890417856001,
            "max": 0.00011755000079105571,
            "count": 5
        },
        "2DPlat.Policy.ExtrinsicReward.sum": {
            "value": 0.00023510000158211142,
            "min": -27.999693169996803,
            "max": 0.00023510000158211142,
            "count": 5
        },
        "2DPlat.IsTraining.mean": {
            "value": 1.0,
            "min": 1.0,
            "max": 1.0,
            "count": 5
        },
        "2DPlat.IsTraining.sum": {
            "value": 1.0,
            "min": 1.0,
            "max": 1.0,
            "count": 5
        },
        "2DPlat.Losses.PolicyLoss.mean": {
            "value": 0.031500838123458,
            "min": 0.03145191027831874,
            "max": 0.03404823774471879,
            "count": 4
        },
        "2DPlat.Losses.PolicyLoss.sum": {
            "value": 0.031500838123458,
            "min": 0.03145191027831874,
            "max": 0.03404823774471879,
            "count": 4
        },
        "2DPlat.Losses.ValueLoss.mean": {
            "value": 0.0007576760909471073,
            "min": 0.0007576760909471073,
            "max": 0.19652152163417716,
            "count": 4
        },
        "2DPlat.Losses.ValueLoss.sum": {
            "value": 0.0007576760909471073,
            "min": 0.0007576760909471073,
            "max": 0.19652152163417716,
            "count": 4
        },
        "2DPlat.Policy.LearningRate.mean": {
            "value": 5.864408045200002e-05,
            "min": 5.864408045200002e-05,
            "max": 0.00023995202001600004,
            "count": 4
        },
        "2DPlat.Policy.LearningRate.sum": {
            "value": 5.864408045200002e-05,
            "min": 5.864408045200002e-05,
            "max": 0.00023995202001600004,
            "count": 4
        },
        "2DPlat.Policy.Epsilon.mean": {
            "value": 0.119548,
            "min": 0.119548,
            "max": 0.17998400000000003,
            "count": 4
        },
        "2DPlat.Policy.Epsilon.sum": {
            "value": 0.119548,
            "min": 0.119548,
            "max": 0.17998400000000003,
            "count": 4
        },
        "2DPlat.Policy.Beta.mean": {
            "value": 0.0002035251999999999,
            "min": 0.0002035251999999999,
            "max": 0.0008018416000000006,
            "count": 4
        },
        "2DPlat.Policy.Beta.sum": {
            "value": 0.0002035251999999999,
            "min": 0.0002035251999999999,
            "max": 0.0008018416000000006,
            "count": 4
        }
    },
    "metadata": {
        "timer_format_version": "0.1.0",
        "start_time_seconds": "1632996064",
        "python_version": "3.9.5 (tags/v3.9.5:0a7dcbd, May  3 2021, 17:27:52) [MSC v.1928 64 bit (AMD64)]",
        "command_line_arguments": "D:\\Uni Work\\CGS\\Level Design Solo Project\\virtualenv\\Scripts\\mlagents-learn config/2DPlat.yaml --run-id=2DPlat14",
        "mlagents_version": "0.27.0",
        "mlagents_envs_version": "0.27.0",
        "communication_protocol_version": "1.5.0",
        "pytorch_version": "1.7.1+cu110",
        "numpy_version": "1.21.2",
        "end_time_seconds": "1632996806"
    },
    "total": 741.627476,
    "count": 1,
    "self": 0.008277200000065932,
    "children": {
        "run_training.setup": {
            "total": 0.09454160000000011,
            "count": 1,
            "self": 0.09454160000000011
        },
        "TrainerController.start_learning": {
            "total": 741.5246572,
            "count": 1,
            "self": 0.9273993000026621,
            "children": {
                "TrainerController._reset_env": {
                    "total": 7.2037061,
                    "count": 1,
                    "self": 7.2037061
                },
                "TrainerController.advance": {
                    "total": 733.3421819999974,
                    "count": 50064,
                    "self": 0.8888278999864951,
                    "children": {
                        "env_step": {
                            "total": 715.672830300001,
                            "count": 50064,
                            "self": 624.8950134000013,
                            "children": {
                                "SubprocessEnvManager._take_step": {
                                    "total": 90.21114359999979,
                                    "count": 50064,
                                    "self": 2.676487599990395,
                                    "children": {
                                        "TorchPolicy.evaluate": {
                                            "total": 87.53465600000939,
                                            "count": 50026,
                                            "self": 38.194461800007545,
                                            "children": {
                                                "TorchPolicy.sample_actions": {
                                                    "total": 49.34019420000185,
                                                    "count": 50026,
                                                    "self": 49.34019420000185
                                                }
                                            }
                                        }
                                    }
                                },
                                "workers": {
                                    "total": 0.5666732999999926,
                                    "count": 50064,
                                    "self": 0.0,
                                    "children": {
                                        "worker_root": {
                                            "total": 734.2359452000057,
                                            "count": 50064,
                                            "is_parallel": true,
                                            "self": 150.91467820000514,