{
    "name": "root",
    "gauges": {
        "2DPlat.Policy.Entropy.mean": {
            "value": 0.39620211720466614,
            "min": 0.22707268595695496,
            "max": 0.4173702299594879,
            "count": 20
        },
        "2DPlat.Policy.Entropy.sum": {
            "value": 19791.087890625,
            "min": 11360.900390625,
            "max": 20861.833984375,
            "count": 20
        },
        "2DPlat.Environment.EpisodeLength.mean": {
            "value": 10.724501758499414,
            "min": 10.625203441060219,
            "max": 10.958143984692658,
            "count": 20
        },
        "2DPlat.Environment.EpisodeLength.sum": {
            "value": 45740.0,
            "min": 45699.0,
            "max": 45816.0,
            "count": 20
        },
        "2DPlat.Step.mean": {
            "value": 999996.0,
            "min": 49996.0,
            "max": 999996.0,
            "count": 20
        },
        "2DPlat.Step.sum": {
            "value": 999996.0,
            "min": 49996.0,
            "max": 999996.0,
            "count": 20
        },
        "2DPlat.Policy.ExtrinsicValueEstimate.mean": {
            "value": 0.8139330148696899,
            "min": 0.7705532312393188,
            "max": 0.8868899941444397,
            "count": 20
        },
        "2DPlat.Policy.ExtrinsicValueEstimate.sum": {
            "value": 3471.42431640625,
            "min": 3221.68310546875,
            "max": 3778.1513671875,
            "count": 20
        },
        "2DPlat.Environment.CumulativeReward.mean": {
            "value": 0.8668229777256741,
            "min": 0.8387945467591486,
            "max": 0.923943661971831,
            "count": 20
        },
        "2DPlat.Environment.CumulativeReward.sum": {
            "value": 3697.0,
            "min": 3507.0,
            "max": 3936.0,
            "count": 20
        },
        "2DPlat.Policy.ExtrinsicReward.mean": {
            "value": 0.8668229777256741,
            "min": 0.8387945467591486,
            "max": 0.923943661971831,
            "count": 20
        },
        "2DPlat.Policy.ExtrinsicReward.sum": {
            "value": 3697.0,
            "min": 3507.0,
            "max": 3936.0,
            "count": 20
        },
        "2DPlat.Losses.PolicyLoss.mean": {
            "value": 0.03660776830230165,
            "min": 0.032562090450598075,
            "max": 2.304400953820816,
            "count": 20
        },
        "2DPlat.Losses.PolicyLoss.sum": {
            "value": 0.10982330490690495,
            "min": 0.09768627135179422,
            "max": 6.913202861462447,
            "count": 20
        },
        "2DPlat.Losses.ValueLoss.mean": {
            "value": 0.04119385126175294,
            "min": 0.029197736212384254,
            "max": 0.06726696633937201,
            "count": 20
        },
        "2DPlat.Losses.ValueLoss.sum": {
            "value": 0.12358155378525883,
            "min": 0.08759320863715277,
            "max": 0.20180089901811604,
            "count": 20
        },
        "2DPlat.Policy.LearningRate.mean": {
            "value": 7.251697582800003e-06,
            "min": 7.251697582800003e-06,
            "max": 0.0002909936030021333,
            "count": 20
        },
        "2DPlat.Policy.LearningRate.sum": {
            "value": 2.175509274840001e-05,
            "min": 2.175509274840001e-05,
            "max": 0.0009928164690611997,
            "count": 20
        },
        "2DPlat.Policy.Epsilon.mean": {
            "value": 0.10120860000000002,
            "min": 0.10120860000000002,
            "max": 0.1484989333333333,
            "count": 20
        },
        "2DPlat.Policy.Epsilon.sum": {
            "value": 0.30362580000000006,
            "min": 0.30362580000000006,
            "max": 0.5654694,
            "count": 20
        },
        "2DPlat.Policy.Beta.mean": {
            "value": 0.0002031342800000001,
            "min": 0.0002031342800000001,
            "max": 0.007760129546666668,
            "count": 20
        },
        "2DPlat.Policy.Beta.sum": {
            "value": 0.0006094028400000003,
            "min": 0.0006094028400000003,
            "max": 0.026482010119999993,
            "count": 20
        },
        "2DPlat.IsTraining.mean": {
            "value": 1.0,
            "min": 1.0,
            "max": 1.0,
            "count": 20
        },
        "2DPlat.IsTraining.sum": {
            "value": 1.0,
            "min": 1.0,
            "max": 1.0,
            "count": 20
        }
    },
    "metadata": {
        "timer_format_version": "0.1.0",
        "start_time_seconds": "1638247255",
        "python_version": "3.9.5 (tags/v3.9.5:0a7dcbd, May  3 2021, 17:27:52) [MSC v.1928 64 bit (AMD64)]",
        "command_line_arguments": "D:\\Uni Work\\CGS\\Level Design Solo Project\\virtualenv\\Scripts\\mlagents-learn config/2DPlatAlterPostStats.yaml --initialize-from=2DPlatAltPostStatsGap3Wide-37-35RANDOMTRY27 --run-id=2DPlatAltPostStatsGap3Wide-37-35RANDOMTRY28",
        "mlagents_version": "0.27.0",
        "mlagents_envs_version": "0.27.0",
        "communication_protocol_version": "1.5.0",
        "pytorch_version": "1.7.1+cu110",
        "numpy_version": "1.21.2",
        "end_time_seconds": "1638250092"
    },
    "total": 2837.194181,
    "count": 1,
    "self": 0.007597400000122434,
    "children": {
        "run_training.setup": {
            "total": 0.10384079999999996,
            "count": 1,
            "self": 0.10384079999999996
        },
        "TrainerController.start_learning": {
            "total": 2837.0827428,
            "count": 1,
            "self": 2.4682968999636614,
            "children": {
                "TrainerController._reset_env": {
                    "total": 24.9727745,
                    "count": 1,
                    "self": 24.9727745
                },
                "TrainerController.advance": {
                    "total": 2809.5716112000364,
                    "count": 118299,
                    "self": 2.262933600013639,
                    "children": {
                        "env_step": {
                            "total": 2291.977955300055,
                            "count": 118299,
                            "self": 2075.5220062000285,
                            "children": {
                                "SubprocessEnvManager._take_step": {
                                    "total": 214.9831459000372,
                                    "count": 118299,
                                    "self": 4.144341100028157,
                                    "children": {
                                        "TorchPolicy.evaluate": {
                                            "total": 210.83880480000903,
                                            "count": 62504,
                                            "self": 75.42704429997829,
                                            "children": {
                                                "TorchPolicy.sample_actions": {
                                                    "total": 135.41176050003074,
                                                    "count": 62504,
                                                    "self": 135.41176050003074
                                                }
                                            }
                                        }
                                    }
                                },
                                "workers": {
                                    "total": 1.472803199989304,
                                    "count": 118299,
                                    "self": 0.0,
                                    "children": {
                                        "worker_root": {
                                            "total": 2810.319333500009,
                                            "count": 118299,
                                            "is_parallel": true,