{
    "name": "root",
    "gauges": {
        "2DPlat.Policy.Entropy.mean": {
            "value": 0.5099332332611084,
            "min": 0.4942755699157715,
            "max": 0.6672835946083069,
            "count": 20
        },
        "2DPlat.Policy.Entropy.sum": {
            "value": 25488.50390625,
            "min": 24697.9609375,
            "max": 33460.26953125,
            "count": 20
        },
        "2DPlat.Environment.EpisodeLength.mean": {
            "value": 12.352736982643524,
            "min": 12.352736982643524,
            "max": 24.31048805815161,
            "count": 20
        },
        "2DPlat.Environment.EpisodeLength.sum": {
            "value": 46261.0,
            "min": 46261.0,
            "max": 48578.0,
            "count": 20
        },
        "2DPlat.Step.mean": {
            "value": 999996.0,
            "min": 49975.0,
            "max": 999996.0,
            "count": 20
        },
        "2DPlat.Step.sum": {
            "value": 999996.0,
            "min": 49975.0,
            "max": 999996.0,
            "count": 20
        },
        "2DPlat.Policy.ExtrinsicValueEstimate.mean": {
            "value": 0.8921903967857361,
            "min": 0.6802345514297485,
            "max": 0.8921903967857361,
            "count": 20
        },
        "2DPlat.Policy.ExtrinsicValueEstimate.sum": {
            "value": 3341.2529296875,
            "min": 1511.4058837890625,
            "max": 3341.2529296875,
            "count": 20
        },
        "2DPlat.Environment.CumulativeReward.mean": {
            "value": 0.9578104138851803,
            "min": 0.729776247848537,
            "max": 0.9578104138851803,
            "count": 20
        },
        "2DPlat.Environment.CumulativeReward.sum": {
            "value": 3587.0,
            "min": 1444.0,
            "max": 3587.0,
            "count": 20
        },
        "2DPlat.Policy.ExtrinsicReward.mean": {
            "value": 0.9578104138851803,
            "min": 0.729776247848537,
            "max": 0.9578104138851803,
            "count": 20
        },
        "2DPlat.Policy.ExtrinsicReward.sum": {
            "value": 3587.0,
            "min": 1444.0,
            "max": 3587.0,
            "count": 20
        },
        "2DPlat.Losses.PolicyLoss.mean": {
            "value": 0.03362474084869241,
            "min": 0.030691023683175445,
            "max": 0.04259553274150466,
            "count": 20
        },
        "2DPlat.Losses.PolicyLoss.sum": {
            "value": 0.10087422254607722,
            "min": 0.09207307104952633,
            "max": 0.14386487739353343,
            "count": 20
        },
        "2DPlat.Losses.ValueLoss.mean": {
            "value": 0.0314861823210557,
            "min": 0.0314861823210557,
            "max": 0.08762128977640264,
            "count": 20
        },
        "2DPlat.Losses.ValueLoss.sum": {
            "value": 0.09445854696316709,
            "min": 0.09445854696316709,
            "max": 0.3057463381054073,
            "count": 20
        },
        "2DPlat.Policy.LearningRate.mean": {
            "value": 7.296497567866658e-06,
            "min": 7.296497567866658e-06,
            "max": 0.0002909945030018333,
            "count": 20
        },
        "2DPlat.Policy.LearningRate.sum": {
            "value": 2.1889492703599975e-05,
            "min": 2.1889492703599975e-05,
            "max": 0.0009928872690376,
            "count": 20
        },
        "2DPlat.Policy.Epsilon.mean": {
            "value": 0.10121606666666667,
            "min": 0.10121606666666667,
            "max": 0.1484990833333333,
            "count": 20
        },
        "2DPlat.Policy.Epsilon.sum": {
            "value": 0.30364820000000003,
            "min": 0.30364820000000003,
            "max": 0.5654811999999998,
            "count": 20
        },
        "2DPlat.Policy.Beta.mean": {
            "value": 0.0002043274533333331,
            "min": 0.0002043274533333331,
            "max": 0.007760153516666667,
            "count": 20
        },
        "2DPlat.Policy.Beta.sum": {
            "value": 0.0006129823599999993,
            "min": 0.0006129823599999993,
            "max": 0.026483895759999997,
            "count": 20
        },
        "2DPlat.IsTraining.mean": {
            "value": 1.0,
            "min": 1.0,
            "max": 1.0,
            "count": 20
        },
        "2DPlat.IsTraining.sum": {
            "value": 1.0,
            "min": 1.0,
            "max": 1.0,
            "count": 20
        }
    },
    "metadata": {
        "timer_format_version": "0.1.0",
        "start_time_seconds": "1638069602",
        "python_version": "3.9.5 (tags/v3.9.5:0a7dcbd, May  3 2021, 17:27:52) [MSC v.1928 64 bit (AMD64)]",
        "command_line_arguments": "D:\\Uni Work\\CGS\\Level Design Solo Project\\virtualenv\\Scripts\\mlagents-learn config/2DPlatAlterPostStats.yaml --initialize-from=2DPlatAltPostStatsGap3Wide-37-35RANDOMTRY8 --run-id=2DPlatAltPostStatsGap3Wide-37-35RANDOMTRY9",
        "mlagents_version": "0.27.0",
        "mlagents_envs_version": "0.27.0",
        "communication_protocol_version": "1.5.0",
        "pytorch_version": "1.7.1+cu110",
        "numpy_version": "1.21.2",
        "end_time_seconds": "1638072271"
    },
    "total": 2669.2919371000003,
    "count": 1,
    "self": 0.007279600000401842,
    "children": {
        "run_training.setup": {
            "total": 0.09845560000000009,
            "count": 1,
            "self": 0.09845560000000009
        },
        "TrainerController.start_learning": {
            "total": 2669.1862019,
            "count": 1,
            "self": 2.3736476000203766,
            "children": {
                "TrainerController._reset_env": {
                    "total": 16.507457600000002,
                    "count": 1,
                    "self": 16.507457600000002
                },
                "TrainerController.advance": {
                    "total": 2650.239649299979,
                    "count": 112494,
                    "self": 2.1395075999598703,
                    "children": {
                        "env_step": {
                            "total": 2178.796881499998,
                            "count": 112494,
                            "self": 1966.3574987999366,
                            "children": {
                                "SubprocessEnvManager._take_step": {
                                    "total": 211.0037560999744,
                                    "count": 112494,
                                    "self": 4.1841267999859895,
                                    "children": {
                                        "TorchPolicy.evaluate": {
                                            "total": 206.8196292999884,
                                            "count": 62506,
                                            "self": 73.169315699968,
                                            "children": {
                                                "TorchPolicy.sample_actions": {
                                                    "total": 133.6503136000204,
                                                    "count": 62506,
                                                    "self": 133.6503136000204
                                                }
                                            }
                                        }
                                    }
                                },
                                "workers": {
                                    "total": 1.435626600087101,
                                    "count": 112494,
                                    "self": 0.0,
                                    "children": {
                                        "worker_root": {
                                            "total": 2650.956354600069,
                                            "count": 112494,
                                            "is_parallel": true,