{
    "name": "root",
    "metadata": {
        "timer_format_version": "0.1.0",
        "start_time_seconds": "1632993699",
        "python_version": "3.9.5 (tags/v3.9.5:0a7dcbd, May  3 2021, 17:27:52) [MSC v.1928 64 bit (AMD64)]",
        "command_line_arguments": "D:\\Uni Work\\CGS\\Level Design Solo Project\\virtualenv\\Scripts\\mlagents-learn config/2DPlat.yaml --run-id=2DPlat9",
        "mlagents_version": "0.27.0",
        "mlagents_envs_version": "0.27.0",
        "communication_protocol_version": "1.5.0",
        "pytorch_version": "1.7.1+cu110",
        "numpy_version": "1.21.2",
        "end_time_seconds": "1632993746"
    },
    "total": 47.1315904,
    "count": 1,
    "self": 0.005117700000006664,
    "children": {
        "run_training.setup": {
            "total": 0.0993096,
            "count": 1,
            "self": 0.0993096
        },
        "TrainerController.start_learning": {
            "total": 47.027163099999996,
            "count": 1,
            "self": 0.05085140000009147,
            "children": {
                "TrainerController._reset_env": {
                    "total": 5.8343807,
                    "count": 1,
                    "self": 5.8343807
                },
                "TrainerController.advance": {
                    "total": 41.08190319999991,
                    "count": 3068,
                    "self": 0.05057810000004537,
                    "children": {
                        "env_step": {
                            "total": 40.786724499999906,
                            "count": 3068,
                            "self": 35.11294029999996,
                            "children": {
                                "SubprocessEnvManager._take_step": {
                                    "total": 5.644273499999942,
                                    "count": 3068,
                                    "self": 0.15433739999965113,
                                    "children": {
                                        "TorchPolicy.evaluate": {
                                            "total": 5.489936100000291,
                                            "count": 3059,
                                            "self": 2.208210300000462,
                                            "children": {
                                                "TorchPolicy.sample_actions": {
                                                    "total": 3.281725799999829,
                                                    "count": 3059,
                                                    "self": 3.281725799999829
                                                }
                                            }
                                        }
                                    }
                                },
                                "workers": {
                                    "total": 0.02951069999999767,
                                    "count": 3067,
                                    "self": 0.0,
                                    "children": {
                                        "worker_root": {
                                            "total": 42.27740529999987,
                                            "count": 3067,
                                            "is_parallel": true,
                                            "self": 9.579634299999732,
                                            "children": {
                                                "steps_from_proto": {
                                                    "total": 0.00021959999999943136,
                                                    "count": 1,
                                                    "is_parallel": true,
                                                    "self": 9.769999999953427e-05,
                                                    "children": {
                                                        "_process_rank_one_or_two_observation": {
                                                            "total": 0.00012189999999989709,
                                                            "count": 2,
                                                            "is_parallel": true,
                                                            "self": 0.00012189999999989709
                                                        }
                                                    }
                                                },
                                                "UnityEnvironment.step": {
                                                    "total": 32.69755140000014,
                                                    "count": 3067,
                                                    "is_parallel": true,
                                                    "self": 0.19918470000003907,
                                                    "children": {
                                                        "UnityEnvironment._generate_step_input": {
                                                            "total": 0.1628229999998947,
                                                            "count": 3067,
                                                            "is_parallel": true,
                                                            "self": 0.1628229999998947
                                                        },
                                                        "communicator.exchange": {
                                                            "total": 31.79268680000004,
                                                            "count": 3067,
                                                            "is_parallel": true,
                                                            "self": 31.79268680000004
                                                        },
                                                        "steps_from_proto": {
                                                            "total": 0.5428569000001628,
                                                            "count": 3067,
                                                            "is_parallel": true,
                                                            "self": 0.2846315000000734,
                                                            "children": {
                                                                "_process_rank_one_or_two_observation": {
                                                                    "total": 0.2582254000000894,
                                                                    "count": 6134,
                                                                    "is_parallel": true,
                                                                    "self": 0.2582254000000894
                                                                }
                                                            }
                                                        }
                                                    }
                                                }
                                            }
                                        }
                                    }
                                }
                            }
                        },
                        "trainer_advance": {
                            "total": 0.24460059999995387,
                            "count": 3067,
                            "self": 0.06094059999993018,
                            "children": {
                                "process_trajectory": {
                                    "total": 0.1836600000000237,
                                    "count": 3067,
                                    "self": 0.1836600000000237
                                }
                            }
                        }
                    }
                },