{
    "name": "root",
    "gauges": {
        "2DPlat.Policy.Entropy.mean": {
            "value": 0.4968259036540985,
            "min": 0.3547112047672272,
            "max": 0.5941283106803894,
            "count": 20
        },
        "2DPlat.Policy.Entropy.sum": {
            "value": 24841.294921875,
            "min": 17729.884765625,
            "max": 29782.46484375,
            "count": 20
        },
        "2DPlat.Environment.EpisodeLength.mean": {
            "value": 17.90998487140696,
            "min": 17.90998487140696,
            "max": 22.16211208893006,
            "count": 20
        },
        "2DPlat.Environment.EpisodeLength.sum": {
            "value": 47354.0,
            "min": 47354.0,
            "max": 47848.0,
            "count": 20
        },
        "2DPlat.Step.mean": {
            "value": 999983.0,
            "min": 49989.0,
            "max": 999983.0,
            "count": 20
        },
        "2DPlat.Step.sum": {
            "value": 999983.0,
            "min": 49989.0,
            "max": 999983.0,
            "count": 20
        },
        "2DPlat.Policy.ExtrinsicValueEstimate.mean": {
            "value": 0.3979033827781677,
            "min": 0.24937404692173004,
            "max": 0.6342300772666931,
            "count": 20
        },
        "2DPlat.Policy.ExtrinsicValueEstimate.sum": {
            "value": 1052.4544677734375,
            "min": 610.9664306640625,
            "max": 1380.0845947265625,
            "count": 20
        },
        "2DPlat.Environment.CumulativeReward.mean": {
            "value": 0.5060514372163388,
            "min": 0.37285363859362225,
            "max": 0.5060514372163388,
            "count": 20
        },
        "2DPlat.Environment.CumulativeReward.sum": {
            "value": 1338.0,
            "min": 846.0,
            "max": 1338.0,
            "count": 20
        },
        "2DPlat.Policy.ExtrinsicReward.mean": {
            "value": 0.5060514372163388,
            "min": 0.37285363859362225,
            "max": 0.5060514372163388,
            "count": 20
        },
        "2DPlat.Policy.ExtrinsicReward.sum": {
            "value": 1338.0,
            "min": 846.0,
            "max": 1338.0,
            "count": 20
        },
        "2DPlat.Losses.PolicyLoss.mean": {
            "value": 0.0258734775086244,
            "min": 0.02166969874640927,
            "max": 0.0258734775086244,
            "count": 20
        },
        "2DPlat.Losses.PolicyLoss.sum": {
            "value": 0.129367387543122,
            "min": 0.08704373009192447,
            "max": 0.129367387543122,
            "count": 20
        },
        "2DPlat.Losses.ValueLoss.mean": {
            "value": 0.21965328206618623,
            "min": 0.21273206690947216,
            "max": 1.6804068684577942,
            "count": 20
        },
        "2DPlat.Losses.ValueLoss.sum": {
            "value": 1.0982664103309312,
            "min": 0.8974465250968934,
            "max": 6.721627473831177,
            "count": 20
        },
        "2DPlat.Policy.LearningRate.mean": {
            "value": 7.770217409959995e-06,
            "min": 7.770217409959995e-06,
            "max": 0.000292313027562325,
            "count": 20
        },
        "2DPlat.Policy.LearningRate.sum": {
            "value": 3.8851087049799977e-05,
            "min": 3.8851087049799977e-05,
            "max": 0.00139236003588,
            "count": 20
        },
        "2DPlat.Policy.Epsilon.mean": {
            "value": 0.10259004000000001,
            "min": 0.10259004000000001,
            "max": 0.19743767500000006,
            "count": 20
        },
        "2DPlat.Policy.Epsilon.sum": {
            "value": 0.5129502,
            "min": 0.4698175000000001,
            "max": 0.9641199999999999,
            "count": 20
        },
        "2DPlat.Policy.Beta.mean": {
            "value": 0.0001392429959999999,
            "min": 0.0001392429959999999,
            "max": 0.004872139982500001,
            "count": 20
        },
        "2DPlat.Policy.Beta.sum": {
            "value": 0.0006962149799999995,
            "min": 0.0006962149799999995,
            "max": 0.023209588,
            "count": 20
        },
        "2DPlat.IsTraining.mean": {
            "value": 1.0,
            "min": 1.0,
            "max": 1.0,
            "count": 20
        },
        "2DPlat.IsTraining.sum": {
            "value": 1.0,
            "min": 1.0,
            "max": 1.0,
            "count": 20
        }
    },
    "metadata": {
        "timer_format_version": "0.1.0",
        "start_time_seconds": "1636763825",
        "python_version": "3.9.5 (tags/v3.9.5:0a7dcbd, May  3 2021, 17:27:52) [MSC v.1928 64 bit (AMD64)]",
        "command_line_arguments": "D:\\Uni Work\\CGS\\Level Design Solo Project\\virtualenv\\Scripts\\mlagents-learn config/defaultconfig.yaml --initialize-from=2DPlatDefaultPostNovGap-36TRY2 --run-id=2DPlatDefaultPostNovGap-36TRY3",
        "mlagents_version": "0.27.0",
        "mlagents_envs_version": "0.27.0",
        "communication_protocol_version": "1.5.0",
        "pytorch_version": "1.7.1+cu110",
        "numpy_version": "1.21.2",
        "end_time_seconds": "1636767905"
    },
    "total": 4079.9415565000004,
    "count": 1,
    "self": 0.16463390000080835,
    "children": {
        "run_training.setup": {
            "total": 0.2585312999999978,
            "count": 1,
            "self": 0.2585312999999978
        },
        "TrainerController.start_learning": {
            "total": 4079.5183912999996,
            "count": 1,
            "self": 3.8069348999842987,
            "children": {
                "TrainerController._reset_env": {
                    "total": 38.240509200000005,
                    "count": 1,
                    "self": 38.240509200000005
                },
                "TrainerController.advance": {
                    "total": 4037.3777158000153,
                    "count": 164567,
                    "self": 3.4189985999842065,
                    "children": {
                        "env_step": {
                            "total": 3647.5262244000282,
                            "count": 164567,
                            "self": 3178.3722994001128,
                            "children": {
                                "SubprocessEnvManager._take_step": {
                                    "total": 466.8033005999277,
                                    "count": 164567,
                                    "self": 8.558556099935743,
                                    "children": {
                                        "TorchPolicy.evaluate": {
                                            "total": 458.24474449999195,
                                            "count": 125011,
                                            "self": 152.81767399994567,
                                            "children": {
                                                "TorchPolicy.sample_actions": {
                                                    "total": 305.4270705000463,
                                                    "count": 125011,
                                                    "self": 305.4270705000463
                                                }
                                            }
                                        }
                                    }
                                },
                                "workers": {
                                    "total": 2.3506243999876375,
                                    "count": 164567,
                                    "self": 0.0,
                                    "children": {
                                        "worker_root": {
                                            "total": 4047.5571897999102,
                                            "count": 164567,
                                            "is_parallel": true,