{
    "name": "root",
    "gauges": {
        "2DPlat.Policy.Entropy.mean": {
            "value": 0.10994143784046173,
            "min": 0.04126527160406113,
            "max": 0.1761448085308075,
            "count": 20
        },
        "2DPlat.Policy.Entropy.sum": {
            "value": 5500.58984375,
            "min": 2065.904541015625,
            "max": 8810.05859375,
            "count": 20
        },
        "2DPlat.Environment.EpisodeLength.mean": {
            "value": 10.579629629629629,
            "min": 7.496516567544605,
            "max": 10.66472235184321,
            "count": 20
        },
        "2DPlat.Environment.EpisodeLength.sum": {
            "value": 45704.0,
            "min": 44117.0,
            "max": 45717.0,
            "count": 20
        },
        "2DPlat.Step.mean": {
            "value": 999991.0,
            "min": 49991.0,
            "max": 999991.0,
            "count": 20
        },
        "2DPlat.Step.sum": {
            "value": 999991.0,
            "min": 49991.0,
            "max": 999991.0,
            "count": 20
        },
        "2DPlat.Policy.ExtrinsicValueEstimate.mean": {
            "value": 0.9296862483024597,
            "min": 0.7780745625495911,
            "max": 0.9371283054351807,
            "count": 20
        },
        "2DPlat.Policy.ExtrinsicValueEstimate.sum": {
            "value": 4014.38525390625,
            "min": 3725.075439453125,
            "max": 4907.0498046875,
            "count": 20
        },
        "2DPlat.Environment.CumulativeReward.mean": {
            "value": 0.968503937007874,
            "min": 0.771894832275612,
            "max": 0.968503937007874,
            "count": 20
        },
        "2DPlat.Environment.CumulativeReward.sum": {
            "value": 4182.0,
            "min": 3997.0,
            "max": 4605.0,
            "count": 20
        },
        "2DPlat.Policy.ExtrinsicReward.mean": {
            "value": 0.968503937007874,
            "min": 0.771894832275612,
            "max": 0.968503937007874,
            "count": 20
        },
        "2DPlat.Policy.ExtrinsicReward.sum": {
            "value": 4182.0,
            "min": 3997.0,
            "max": 4605.0,
            "count": 20
        },
        "2DPlat.Losses.PolicyLoss.mean": {
            "value": 0.03430808527310159,
            "min": 0.03163890020801648,
            "max": 0.03646391865418238,
            "count": 20
        },
        "2DPlat.Losses.PolicyLoss.sum": {
            "value": 0.10292425581930478,
            "min": 0.09748951319547303,
            "max": 0.14585567461672952,
            "count": 20
        },
        "2DPlat.Losses.ValueLoss.mean": {
            "value": 0.02857368719100353,
            "min": 0.02857368719100353,
            "max": 1.9897636969241947,
            "count": 20
        },
        "2DPlat.Losses.ValueLoss.sum": {
            "value": 0.08572106157301058,
            "min": 0.08572106157301058,
            "max": 5.969291090772584,
            "count": 20
        },
        "2DPlat.Policy.LearningRate.mean": {
            "value": 7.2724975758666685e-06,
            "min": 7.2724975758666685e-06,
            "max": 0.00029099200300266665,
            "count": 20
        },
        "2DPlat.Policy.LearningRate.sum": {
            "value": 2.1817492727600005e-05,
            "min": 2.1817492727600005e-05,
            "max": 0.0009928323690559,
            "count": 20
        },
        "2DPlat.Policy.Epsilon.mean": {
            "value": 0.1012120666666667,
            "min": 0.1012120666666667,
            "max": 0.14849866666666667,
            "count": 20
        },
        "2DPlat.Policy.Epsilon.sum": {
            "value": 0.3036362000000001,
            "min": 0.3036362000000001,
            "max": 0.5654720500000001,
            "count": 20
        },
        "2DPlat.Policy.Beta.mean": {
            "value": 0.00020368825333333333,
            "min": 0.00020368825333333333,
            "max": 0.007760086933333334,
            "count": 20
        },
        "2DPlat.Policy.Beta.sum": {
            "value": 0.00061106476,
            "min": 0.00061106476,
            "max": 0.02648243359,
            "count": 20
        },
        "2DPlat.IsTraining.mean": {
            "value": 1.0,
            "min": 1.0,
            "max": 1.0,
            "count": 20
        },
        "2DPlat.IsTraining.sum": {
            "value": 1.0,
            "min": 1.0,
            "max": 1.0,
            "count": 20
        }
    },
    "metadata": {
        "timer_format_version": "0.1.0",
        "start_time_seconds": "1639186631",
        "python_version": "3.9.5 (tags/v3.9.5:0a7dcbd, May  3 2021, 17:27:52) [MSC v.1928 64 bit (AMD64)]",
        "command_line_arguments": "D:\\Uni Work\\CGS\\Level Design Solo Project\\virtualenv\\Scripts\\mlagents-learn config/2DPlatAlterPostStats.yaml --initialize-from=2DPlatLevel1TIMEGapTraining-10-11 --run-id=2DPlatLevel1TIMEGapTraining-10-11TRY2",
        "mlagents_version": "0.27.0",
        "mlagents_envs_version": "0.27.0",
        "communication_protocol_version": "1.5.0",
        "pytorch_version": "1.7.1+cu110",
        "numpy_version": "1.21.2",
        "end_time_seconds": "1639189464"
    },
    "total": 2833.640583,
    "count": 1,
    "self": 0.3617357000002812,
    "children": {
        "run_training.setup": {
            "total": 0.09611959999999997,
            "count": 1,
            "self": 0.09611959999999997
        },
        "TrainerController.start_learning": {
            "total": 2833.1827276999998,
            "count": 1,
            "self": 3.065298400040774,
            "children": {
                "TrainerController._reset_env": {
                    "total": 6.2171085,
                    "count": 1,
                    "self": 6.2171085
                },
                "TrainerController.advance": {
                    "total": 2823.774162399959,
                    "count": 121164,
                    "self": 2.827434399986487,
                    "children": {
                        "env_step": {
                            "total": 2180.2993777000083,
                            "count": 121164,
                            "self": 1881.2119925999814,
                            "children": {
                                "SubprocessEnvManager._take_step": {
                                    "total": 297.30656880001254,
                                    "count": 121164,
                                    "self": 5.156738800006167,
                                    "children": {
                                        "TorchPolicy.evaluate": {
                                            "total": 292.1498300000064,
                                            "count": 62507,
                                            "self": 78.47644380002262,
                                            "children": {
                                                "TorchPolicy.sample_actions": {
                                                    "total": 213.67338619998375,
                                                    "count": 62507,
                                                    "self": 213.67338619998375
                                                }
                                            }
                                        }
                                    }
                                },
                                "workers": {
                                    "total": 1.7808163000144956,
                                    "count": 121164,
                                    "self": 0.0,
                                    "children": {
                                        "worker_root": {
                                            "total": 2824.4068262999567,
                                            "count": 121164,
                                            "is_parallel": true,