{
    "name": "root",
    "gauges": {
        "2DPlat.Policy.Entropy.mean": {
            "value": 0.4955499768257141,
            "min": 0.05398982763290405,
            "max": 0.5271335244178772,
            "count": 20
        },
        "2DPlat.Policy.Entropy.sum": {
            "value": 24769.5703125,
            "min": 2701.218994140625,
            "max": 26369.326171875,
            "count": 20
        },
        "2DPlat.Environment.EpisodeLength.mean": {
            "value": 15.227523531321,
            "min": 13.820983995257855,
            "max": 17.560876020786935,
            "count": 20
        },
        "2DPlat.Environment.EpisodeLength.sum": {
            "value": 46916.0,
            "min": 46626.0,
            "max": 47309.0,
            "count": 20
        },
        "2DPlat.Step.mean": {
            "value": 999993.0,
            "min": 49984.0,
            "max": 999993.0,
            "count": 20
        },
        "2DPlat.Step.sum": {
            "value": 999993.0,
            "min": 49984.0,
            "max": 999993.0,
            "count": 20
        },
        "2DPlat.Policy.ExtrinsicValueEstimate.mean": {
            "value": 0.3495400846004486,
            "min": -0.4742836058139801,
            "max": 0.3813127875328064,
            "count": 20
        },
        "2DPlat.Policy.ExtrinsicValueEstimate.sum": {
            "value": 1076.9329833984375,
            "min": -1470.236328125,
            "max": 1148.51416015625,
            "count": 20
        },
        "2DPlat.Environment.CumulativeReward.mean": {
            "value": 0.36579032781564425,
            "min": -0.8811734125510583,
            "max": 0.40172642762284194,
            "count": 20
        },
        "2DPlat.Environment.CumulativeReward.sum": {
            "value": 1127.0,
            "min": -2373.0,
            "max": 1210.0,
            "count": 20
        },
        "2DPlat.Policy.ExtrinsicReward.mean": {
            "value": 0.36579032781564425,
            "min": -0.8811734125510583,
            "max": 0.40172642762284194,
            "count": 20
        },
        "2DPlat.Policy.ExtrinsicReward.sum": {
            "value": 1127.0,
            "min": -2373.0,
            "max": 1210.0,
            "count": 20
        },
        "2DPlat.Losses.PolicyLoss.mean": {
            "value": 0.023362505369198823,
            "min": 0.02086615291191265,
            "max": 0.027521771654331437,
            "count": 20
        },
        "2DPlat.Losses.PolicyLoss.sum": {
            "value": 0.11681252684599411,
            "min": 0.0834646116476506,
            "max": 0.12626304354052992,
            "count": 20
        },
        "2DPlat.Losses.ValueLoss.mean": {
            "value": 0.3452645375331243,
            "min": 0.3270276898145676,
            "max": 0.7180844271148089,
            "count": 20
        },
        "2DPlat.Losses.ValueLoss.sum": {
            "value": 1.7263226876656215,
            "min": 1.4589972575505574,
            "max": 2.8723377084592356,
            "count": 20
        },
        "2DPlat.Policy.LearningRate.mean": {
            "value": 7.8084973972e-06,
            "min": 7.8084973972e-06,
            "max": 0.000292275677574775,
            "count": 20
        },
        "2DPlat.Policy.LearningRate.sum": {
            "value": 3.9042486986000004e-05,
            "min": 3.9042486986000004e-05,
            "max": 0.0013921035359654998,
            "count": 20
        },
        "2DPlat.Policy.Epsilon.mean": {
            "value": 0.10260280000000002,
            "min": 0.10260280000000002,
            "max": 0.19742522499999998,
            "count": 20
        },
        "2DPlat.Policy.Epsilon.sum": {
            "value": 0.5130140000000001,
            "min": 0.4698756,
            "max": 0.9640345,
            "count": 20
        },
        "2DPlat.Policy.Beta.mean": {
            "value": 0.00013987972000000006,
            "min": 0.00013987972000000006,
            "max": 0.0048715187274999995,
            "count": 20
        },
        "2DPlat.Policy.Beta.sum": {
            "value": 0.0006993986000000003,
            "min": 0.0006993986000000003,
            "max": 0.023205321549999998,
            "count": 20
        },
        "2DPlat.IsTraining.mean": {
            "value": 1.0,
            "min": 1.0,
            "max": 1.0,
            "count": 20
        },
        "2DPlat.IsTraining.sum": {
            "value": 1.0,
            "min": 1.0,
            "max": 1.0,
            "count": 20
        }
    },
    "metadata": {
        "timer_format_version": "0.1.0",
        "start_time_seconds": "1635261714",
        "python_version": "3.9.5 (tags/v3.9.5:0a7dcbd, May  3 2021, 17:27:52) [MSC v.1928 64 bit (AMD64)]",
        "command_line_arguments": "D:\\Uni Work\\CGS\\Level Design Solo Project\\virtualenv\\Scripts\\mlagents-learn config/defaultconfig.yaml --initialize-from=2DPlatDefault3BlockStair-36CoinRowOfFourMILLIONSTEPSINITIALISEDFROM2BLOCK --run-id=2DPlatDefaultGap-35-36CoinRowOfFourMILLIONSTEPSINITIALISEDFROM3BLOCK",
        "mlagents_version": "0.27.0",
        "mlagents_envs_version": "0.27.0",
        "communication_protocol_version": "1.5.0",
        "pytorch_version": "1.7.1+cu110",
        "numpy_version": "1.21.2",
        "end_time_seconds": "1635264387"
    },
    "total": 2671.5744021,
    "count": 1,
    "self": 0.2887127999997574,
    "children": {
        "run_training.setup": {
            "total": 0.4333968,
            "count": 1,
            "self": 0.4333968
        },
        "TrainerController.start_learning": {
            "total": 2670.8522925,
            "count": 1,
            "self": 3.505091900059597,
            "children": {
                "TrainerController._reset_env": {
                    "total": 39.2419227,
                    "count": 1,
                    "self": 39.2419227
                },
                "TrainerController.advance": {
                    "total": 2628.0370604999407,
                    "count": 175922,
                    "self": 3.301091899945277,
                    "children": {
                        "env_step": {
                            "total": 2247.242741500042,
                            "count": 175922,
                            "self": 1829.457867200001,
                            "children": {
                                "SubprocessEnvManager._take_step": {
                                    "total": 415.63348030001924,
                                    "count": 175922,
                                    "self": 7.072226000008811,
                                    "children": {
                                        "TorchPolicy.evaluate": {
                                            "total": 408.56125430001043,
                                            "count": 125009,
                                            "self": 138.63193150003065,
                                            "children": {
                                                "TorchPolicy.sample_actions": {
                                                    "total": 269.9293227999798,
                                                    "count": 125009,
                                                    "self": 269.9293227999798
                                                }
                                            }
                                        }
                                    }
                                },
                                "workers": {
                                    "total": 2.1513940000219307,
                                    "count": 175922,
                                    "self": 0.0,
                                    "children": {
                                        "worker_root": {
                                            "total": 2638.0568946000444,
                                            "count": 175922,
                                            "is_parallel": true,