{
    "name": "root",
    "gauges": {
        "2DPlat.Policy.Entropy.mean": {
            "value": 0.28351154923439026,
            "min": 0.28351154923439026,
            "max": 1.0748612880706787,
            "count": 20
        },
        "2DPlat.Policy.Entropy.sum": {
            "value": 14175.5771484375,
            "min": 14175.5771484375,
            "max": 53768.86328125,
            "count": 20
        },
        "2DPlat.Environment.EpisodeLength.mean": {
            "value": 5.0005999520038396,
            "min": 5.0005999520038396,
            "max": 8.063066328379847,
            "count": 20
        },
        "2DPlat.Environment.EpisodeLength.sum": {
            "value": 41675.0,
            "min": 41656.0,
            "max": 44492.0,
            "count": 20
        },
        "2DPlat.Step.mean": {
            "value": 999997.0,
            "min": 49998.0,
            "max": 999997.0,
            "count": 20
        },
        "2DPlat.Step.sum": {
            "value": 999997.0,
            "min": 49998.0,
            "max": 999997.0,
            "count": 20
        },
        "2DPlat.Policy.ExtrinsicValueEstimate.mean": {
            "value": 0.9751153588294983,
            "min": 0.5579226613044739,
            "max": 1.0456281900405884,
            "count": 20
        },
        "2DPlat.Policy.ExtrinsicValueEstimate.sum": {
            "value": 8125.63623046875,
            "min": 3196.89697265625,
            "max": 8657.8017578125,
            "count": 20
        },
        "2DPlat.Environment.CumulativeReward.mean": {
            "value": 1.0,
            "min": 0.8343302519485227,
            "max": 1.0,
            "count": 20
        },
        "2DPlat.Environment.CumulativeReward.sum": {
            "value": 8333.0,
            "min": 4603.0,
            "max": 8333.0,
            "count": 20
        },
        "2DPlat.Policy.ExtrinsicReward.mean": {
            "value": 1.0,
            "min": 0.8343302519485227,
            "max": 1.0,
            "count": 20
        },
        "2DPlat.Policy.ExtrinsicReward.sum": {
            "value": 8333.0,
            "min": 4603.0,
            "max": 8333.0,
            "count": 20
        },
        "2DPlat.Losses.PolicyLoss.mean": {
            "value": 0.035762702911597444,
            "min": 0.03311651497205734,
            "max": 0.03686116876658694,
            "count": 20
        },
        "2DPlat.Losses.PolicyLoss.sum": {
            "value": 0.10728810873479233,
            "min": 0.0999573361885519,
            "max": 0.14744467506634776,
            "count": 20
        },
        "2DPlat.Losses.ValueLoss.mean": {
            "value": 5.964235016767032e-05,
            "min": 5.964235016767032e-05,
            "max": 0.30686775330539745,
            "count": 20
        },
        "2DPlat.Losses.ValueLoss.sum": {
            "value": 0.00017892705050301096,
            "min": 0.00017892705050301096,
            "max": 0.9206032599161924,
            "count": 20
        },
        "2DPlat.Policy.LearningRate.mean": {
            "value": 7.360397546566662e-06,
            "min": 7.360397546566662e-06,
            "max": 0.0002909969030010333,
            "count": 20
        },
        "2DPlat.Policy.LearningRate.sum": {
            "value": 2.2081192639699986e-05,
            "min": 2.2081192639699986e-05,
            "max": 0.0009928872690376,
            "count": 20
        },
        "2DPlat.Policy.Epsilon.mean": {
            "value": 0.10122671666666666,
            "min": 0.10122671666666666,
            "max": 0.14849948333333338,
            "count": 20
        },
        "2DPlat.Policy.Epsilon.sum": {
            "value": 0.30368015,
            "min": 0.30368015,
            "max": 0.5654812,
            "count": 20
        },
        "2DPlat.Policy.Beta.mean": {
            "value": 0.00020602932333333327,
            "min": 0.00020602932333333327,
            "max": 0.007760217436666668,
            "count": 20
        },
        "2DPlat.Policy.Beta.sum": {
            "value": 0.0006180879699999998,
            "min": 0.0006180879699999998,
            "max": 0.026483895759999997,
            "count": 20
        },
        "2DPlat.IsTraining.mean": {
            "value": 1.0,
            "min": 1.0,
            "max": 1.0,
            "count": 20
        },
        "2DPlat.IsTraining.sum": {
            "value": 1.0,
            "min": 1.0,
            "max": 1.0,
            "count": 20
        }
    },
    "metadata": {
        "timer_format_version": "0.1.0",
        "start_time_seconds": "1638668495",
        "python_version": "3.9.5 (tags/v3.9.5:0a7dcbd, May  3 2021, 17:27:52) [MSC v.1928 64 bit (AMD64)]",
        "command_line_arguments": "D:\\Uni Work\\CGS\\Level Design Solo Project\\virtualenv\\Scripts\\mlagents-learn config/2DPlatAlterPostStats.yaml --initialize-from=2DPlatAltStableRunBlock --run-id=2DPlatAltStableRunGap3Wide-37-35",
        "mlagents_version": "0.27.0",
        "mlagents_envs_version": "0.27.0",
        "communication_protocol_version": "1.5.0",
        "pytorch_version": "1.7.1+cu110",
        "numpy_version": "1.21.2",
        "end_time_seconds": "1638673950"
    },
    "total": 5455.5495694,
    "count": 1,
    "self": 0.11064919999989797,
    "children": {
        "run_training.setup": {
            "total": 0.09114399999999989,
            "count": 1,
            "self": 0.09114399999999989
        },
        "TrainerController.start_learning": {
            "total": 5455.3477762,
            "count": 1,
            "self": 4.975084900085676,
            "children": {
                "TrainerController._reset_env": {
                    "total": 21.5478948,
                    "count": 1,
                    "self": 21.5478948
                },
                "TrainerController.advance": {
                    "total": 5428.718638499915,
                    "count": 162737,
                    "self": 4.314897199934421,
                    "children": {
                        "env_step": {
                            "total": 4360.229775600102,
                            "count": 162737,
                            "self": 3514.347150199959,
                            "children": {
                                "SubprocessEnvManager._take_step": {
                                    "total": 843.2078167000346,
                                    "count": 162737,
                                    "self": 11.336169700099617,
                                    "children": {
                                        "TorchPolicy.evaluate": {
                                            "total": 831.871646999935,
                                            "count": 125003,
                                            "self": 265.9000356997599,
                                            "children": {
                                                "TorchPolicy.sample_actions": {
                                                    "total": 565.9716113001751,
                                                    "count": 125003,
                                                    "self": 565.9716113001751
                                                }
                                            }
                                        }
                                    }
                                },
                                "workers": {
                                    "total": 2.674808700108329,
                                    "count": 162737,
                                    "self": 0.0,
                                    "children": {
                                        "worker_root": {
                                            "total": 5429.402904100015,
                                            "count": 162737,
                                            "is_parallel": true,
                                            "self": 2160.1712842999846,