{
    "name": "root",
    "gauges": {
        "2DPlat.Policy.Entropy.mean": {
            "value": 0.5241568684577942,
            "min": 0.5241568684577942,
            "max": 0.7549481987953186,
            "count": 20
        },
        "2DPlat.Policy.Entropy.sum": {
            "value": 26241.388671875,
            "min": 26241.388671875,
            "max": 37711.171875,
            "count": 20
        },
        "2DPlat.Environment.EpisodeLength.mean": {
            "value": 12.894137260350098,
            "min": 12.459488559892328,
            "max": 21.872892938496584,
            "count": 20
        },
        "2DPlat.Environment.EpisodeLength.sum": {
            "value": 46406.0,
            "min": 46287.0,
            "max": 48011.0,
            "count": 20
        },
        "2DPlat.Step.mean": {
            "value": 999998.0,
            "min": 49995.0,
            "max": 999998.0,
            "count": 20
        },
        "2DPlat.Step.sum": {
            "value": 999998.0,
            "min": 49995.0,
            "max": 999998.0,
            "count": 20
        },
        "2DPlat.Policy.ExtrinsicValueEstimate.mean": {
            "value": 0.6480919718742371,
            "min": 0.5612606406211853,
            "max": 0.6856792569160461,
            "count": 20
        },
        "2DPlat.Policy.ExtrinsicValueEstimate.sum": {
            "value": 2333.131103515625,
            "min": 1445.0126953125,
            "max": 2375.6708984375,
            "count": 20
        },
        "2DPlat.Environment.CumulativeReward.mean": {
            "value": 0.71158655181995,
            "min": 0.6279844530816213,
            "max": 0.7264347308950342,
            "count": 20
        },
        "2DPlat.Environment.CumulativeReward.sum": {
            "value": 2561.0,
            "min": 1436.0,
            "max": 2603.0,
            "count": 20
        },
        "2DPlat.Policy.ExtrinsicReward.mean": {
            "value": 0.71158655181995,
            "min": 0.6279844530816213,
            "max": 0.7264347308950342,
            "count": 20
        },
        "2DPlat.Policy.ExtrinsicReward.sum": {
            "value": 2561.0,
            "min": 1436.0,
            "max": 2603.0,
            "count": 20
        },
        "2DPlat.Losses.PolicyLoss.mean": {
            "value": 0.033705020619117405,
            "min": 0.03315332100389461,
            "max": 0.03754025132491671,
            "count": 20
        },
        "2DPlat.Losses.PolicyLoss.sum": {
            "value": 0.10111506185735222,
            "min": 0.09945996301168383,
            "max": 0.14617678022477776,
            "count": 20
        },
        "2DPlat.Losses.ValueLoss.mean": {
            "value": 0.0984312158249233,
            "min": 0.08459395039612534,
            "max": 0.16035887616119165,
            "count": 20
        },
        "2DPlat.Losses.ValueLoss.sum": {
            "value": 0.2952936474747699,
            "min": 0.25378185118837604,
            "max": 0.5871136752438956,
            "count": 20
        },
        "2DPlat.Policy.LearningRate.mean": {
            "value": 7.28159757283333e-06,
            "min": 7.28159757283333e-06,
            "max": 0.00029099480300173334,
            "count": 20
        },
        "2DPlat.Policy.LearningRate.sum": {
            "value": 2.184479271849999e-05,
            "min": 2.184479271849999e-05,
            "max": 0.0009928413690529,
            "count": 20
        },
        "2DPlat.Policy.Epsilon.mean": {
            "value": 0.10121358333333334,
            "min": 0.10121358333333334,
            "max": 0.14849913333333334,
            "count": 20
        },
        "2DPlat.Policy.Epsilon.sum": {
            "value": 0.30364075,
            "min": 0.30364075,
            "max": 0.5654735500000001,
            "count": 20
        },
        "2DPlat.Policy.Beta.mean": {
            "value": 0.0002039306166666666,
            "min": 0.0002039306166666666,
            "max": 0.007760161506666666,
            "count": 20
        },
        "2DPlat.Policy.Beta.sum": {
            "value": 0.0006117918499999998,
            "min": 0.0006117918499999998,
            "max": 0.026482673289999998,
            "count": 20
        },
        "2DPlat.IsTraining.mean": {
            "value": 1.0,
            "min": 1.0,
            "max": 1.0,
            "count": 20
        },
        "2DPlat.IsTraining.sum": {
            "value": 1.0,
            "min": 1.0,
            "max": 1.0,
            "count": 20
        }
    },
    "metadata": {
        "timer_format_version": "0.1.0",
        "start_time_seconds": "1638062545",
        "python_version": "3.9.5 (tags/v3.9.5:0a7dcbd, May  3 2021, 17:27:52) [MSC v.1928 64 bit (AMD64)]",
        "command_line_arguments": "D:\\Uni Work\\CGS\\Level Design Solo Project\\virtualenv\\Scripts\\mlagents-learn config/2DPlatAlterPostStats.yaml --initialize-from=2DPlatAltPostStatsGap3Wide-37-35RANDOMTRY6 --run-id=2DPlatAltPostStatsGap3Wide-37-35RANDOMTRY7",
        "mlagents_version": "0.27.0",
        "mlagents_envs_version": "0.27.0",
        "communication_protocol_version": "1.5.0",
        "pytorch_version": "1.7.1+cu110",
        "numpy_version": "1.21.2",
        "end_time_seconds": "1638065631"
    },
    "total": 3085.9694535,
    "count": 1,
    "self": 0.014437699999689357,
    "children": {
        "run_training.setup": {
            "total": 0.091059,
            "count": 1,
            "self": 0.091059
        },
        "TrainerController.start_learning": {
            "total": 3085.8639568000003,
            "count": 1,
            "self": 2.654846300000372,
            "children": {
                "TrainerController._reset_env": {
                    "total": 9.636145599999999,
                    "count": 1,
                    "self": 9.636145599999999
                },
                "TrainerController.advance": {
                    "total": 3073.1694208999997,
                    "count": 113744,
                    "self": 2.5232456000831007,
                    "children": {
                        "env_step": {
                            "total": 2542.275554299937,
                            "count": 113744,
                            "self": 2316.241220899946,
                            "children": {
                                "SubprocessEnvManager._take_step": {
                                    "total": 224.45608290000195,
                                    "count": 113744,
                                    "self": 4.784358699973382,
                                    "children": {
                                        "TorchPolicy.evaluate": {
                                            "total": 219.67172420002856,
                                            "count": 62512,
                                            "self": 72.04713039995687,
                                            "children": {
                                                "TorchPolicy.sample_actions": {
                                                    "total": 147.6245938000717,
                                                    "count": 62512,
                                                    "self": 147.6245938000717
                                                }
                                            }
                                        }
                                    }
                                },
                                "workers": {
                                    "total": 1.5782504999892417,
                                    "count": 113744,
                                    "self": 0.0,
                                    "children": {
                                        "worker_root": {
                                            "total": 3073.6140164999997,
                                            "count": 113744,
                                            "is_parallel": true,