{
    "name": "root",
    "gauges": {
        "2DPlat.Policy.Entropy.mean": {
            "value": 0.13870063424110413,
            "min": 0.06353998929262161,
            "max": 0.13870063424110413,
            "count": 20
        },
        "2DPlat.Policy.Entropy.sum": {
            "value": 6935.03173828125,
            "min": 3177.5078125,
            "max": 6935.03173828125,
            "count": 20
        },
        "2DPlat.Environment.EpisodeLength.mean": {
            "value": 15.655677655677655,
            "min": 13.037619314991577,
            "max": 15.878346323280244,
            "count": 20
        },
        "2DPlat.Environment.EpisodeLength.sum": {
            "value": 47014.0,
            "min": 46440.0,
            "max": 47111.0,
            "count": 20
        },
        "2DPlat.Step.mean": {
            "value": 999979.0,
            "min": 49986.0,
            "max": 999979.0,
            "count": 20
        },
        "2DPlat.Step.sum": {
            "value": 999979.0,
            "min": 49986.0,
            "max": 999979.0,
            "count": 20
        },
        "2DPlat.Policy.ExtrinsicValueEstimate.mean": {
            "value": 0.4062560498714447,
            "min": 0.35109779238700867,
            "max": 0.5764966607093811,
            "count": 20
        },
        "2DPlat.Policy.ExtrinsicValueEstimate.sum": {
            "value": 1219.9869384765625,
            "min": 1042.4093017578125,
            "max": 2068.469970703125,
            "count": 20
        },
        "2DPlat.Environment.CumulativeReward.mean": {
            "value": 0.4652014652014652,
            "min": 0.4085550690468171,
            "max": 0.6304408873911822,
            "count": 20
        },
        "2DPlat.Environment.CumulativeReward.sum": {
            "value": 1397.0,
            "min": 1213.0,
            "max": 2245.0,
            "count": 20
        },
        "2DPlat.Policy.ExtrinsicReward.mean": {
            "value": 0.4652014652014652,
            "min": 0.4085550690468171,
            "max": 0.6304408873911822,
            "count": 20
        },
        "2DPlat.Policy.ExtrinsicReward.sum": {
            "value": 1397.0,
            "min": 1213.0,
            "max": 2245.0,
            "count": 20
        },
        "2DPlat.Losses.PolicyLoss.mean": {
            "value": 0.03681588309800959,
            "min": 0.032794365560336186,
            "max": 0.03834224332675295,
            "count": 20
        },
        "2DPlat.Losses.PolicyLoss.sum": {
            "value": 0.11044764929402875,
            "min": 0.09838309668100856,
            "max": 0.14720410393382388,
            "count": 20
        },
        "2DPlat.Losses.ValueLoss.mean": {
            "value": 0.15587977274995427,
            "min": 0.15587977274995427,
            "max": 0.1998105392545119,
            "count": 20
        },
        "2DPlat.Losses.ValueLoss.sum": {
            "value": 0.46763931824986277,
            "min": 0.46763931824986277,
            "max": 0.7930512920278928,
            "count": 20
        },
        "2DPlat.Policy.LearningRate.mean": {
            "value": 1.6947330912299992e-05,
            "min": 1.6947330912299992e-05,
            "max": 0.000678995336334,
            "count": 20
        },
        "2DPlat.Policy.LearningRate.sum": {
            "value": 5.084199273689998e-05,
            "min": 5.084199273689998e-05,
            "max": 0.0023166374690518,
            "count": 20
        },
        "2DPlat.Policy.Epsilon.mean": {
            "value": 0.10242103333333336,
            "min": 0.10242103333333336,
            "max": 0.1969993333333334,
            "count": 20
        },
        "2DPlat.Policy.Epsilon.sum": {
            "value": 0.30726310000000007,
            "min": 0.30726310000000007,
            "max": 0.7309482,
            "count": 20
        },
        "2DPlat.Policy.Beta.mean": {
            "value": 8.238889666666667e-05,
            "min": 8.238889666666667e-05,
            "max": 0.0029102800666666664,
            "count": 20
        },
        "2DPlat.Policy.Beta.sum": {
            "value": 0.00024716669,
            "min": 0.00024716669,
            "max": 0.00993535118,
            "count": 20
        },
        "2DPlat.IsTraining.mean": {
            "value": 1.0,
            "min": 1.0,
            "max": 1.0,
            "count": 20
        },
        "2DPlat.IsTraining.sum": {
            "value": 1.0,
            "min": 1.0,
            "max": 1.0,
            "count": 20
        }
    },
    "metadata": {
        "timer_format_version": "0.1.0",
        "start_time_seconds": "1637467172",
        "python_version": "3.9.5 (tags/v3.9.5:0a7dcbd, May  3 2021, 17:27:52) [MSC v.1928 64 bit (AMD64)]",
        "command_line_arguments": "D:\\Uni Work\\CGS\\Level Design Solo Project\\virtualenv\\Scripts\\mlagents-learn config/2DPlatAlter2.yaml --initialize-from=RAYMOVEREWARD2DPlatGap3Wide-37-35RANDOMTRY3 --run-id=RAYMOVEREWARD2DPlatGap3Wide-37-35RANDOMTRY4",
        "mlagents_version": "0.27.0",
        "mlagents_envs_version": "0.27.0",
        "communication_protocol_version": "1.5.0",
        "pytorch_version": "1.7.1+cu110",
        "numpy_version": "1.21.2",
        "end_time_seconds": "1637472066"
    },
    "total": 4894.652401400001,
    "count": 1,
    "self": 0.07706400000097346,
    "children": {
        "run_training.setup": {
            "total": 0.18264270000000005,
            "count": 1,
            "self": 0.18264270000000005
        },
        "TrainerController.start_learning": {
            "total": 4894.3926947,
            "count": 1,
            "self": 3.975355500063415,
            "children": {
                "TrainerController._reset_env": {
                    "total": 9.4582891,
                    "count": 1,
                    "self": 9.4582891
                },
                "TrainerController.advance": {
                    "total": 4880.886357999937,
                    "count": 171511,
                    "self": 3.6481656999358165,
                    "children": {
                        "env_step": {
                            "total": 4316.242576000067,
                            "count": 171511,
                            "self": 3770.9344401000913,
                            "children": {
                                "SubprocessEnvManager._take_step": {
                                    "total": 542.9135021999833,
                                    "count": 171511,
                                    "self": 8.793104300000095,
                                    "children": {
                                        "TorchPolicy.evaluate": {
                                            "total": 534.1203978999832,
                                            "count": 125010,
                                            "self": 198.50053569993554,
                                            "children": {
                                                "TorchPolicy.sample_actions": {
                                                    "total": 335.6198622000477,
                                                    "count": 125010,
                                                    "self": 335.6198622000477
                                                }
                                            }
                                        }
                                    }
                                },
                                "workers": {
                                    "total": 2.3946336999924664,
                                    "count": 171511,
                                    "self": 0.0,
                                    "children": {
                                        "worker_root": {
                                            "total": 4880.991114600024,
                                            "count": 171511,
                                            "is_parallel": true,