{
    "name": "root",
    "gauges": {
        "2DPlat.Policy.Entropy.mean": {
            "value": 1.7913821935653687,
            "min": 1.7913821935653687,
            "max": 1.7913821935653687,
            "count": 1
        },
        "2DPlat.Policy.Entropy.sum": {
            "value": 17944.275390625,
            "min": 17944.275390625,
            "max": 17944.275390625,
            "count": 1
        },
        "2DPlat.Step.mean": {
            "value": 9934.0,
            "min": 9934.0,
            "max": 9934.0,
            "count": 1
        },
        "2DPlat.Step.sum": {
            "value": 9934.0,
            "min": 9934.0,
            "max": 9934.0,
            "count": 1
        },
        "2DPlat.Policy.ExtrinsicValueEstimate.mean": {
            "value": 1.556236982345581,
            "min": 1.556236982345581,
            "max": 1.556236982345581,
            "count": 1
        },
        "2DPlat.Policy.ExtrinsicValueEstimate.sum": {
            "value": 261.44781494140625,
            "min": 261.44781494140625,
            "max": 261.44781494140625,
            "count": 1
        },
        "2DPlat.Environment.EpisodeLength.mean": {
            "value": 88.4375,
            "min": 88.4375,
            "max": 88.4375,
            "count": 1
        },
        "2DPlat.Environment.EpisodeLength.sum": {
            "value": 9905.0,
            "min": 9905.0,
            "max": 9905.0,
            "count": 1
        },
        "2DPlat.Environment.CumulativeReward.mean": {
            "value": -0.8198154401300152,
            "min": -0.8198154401300152,
            "max": -0.8198154401300152,
            "count": 1
        },
        "2DPlat.Environment.CumulativeReward.sum": {
            "value": -90.99951385443168,
            "min": -90.99951385443168,
            "max": -90.99951385443168,
            "count": 1
        },
        "2DPlat.Policy.ExtrinsicReward.mean": {
            "value": -0.8198154401300152,
            "min": -0.8198154401300152,
            "max": -0.8198154401300152,
            "count": 1
        },
        "2DPlat.Policy.ExtrinsicReward.sum": {
            "value": -90.99951385443168,
            "min": -90.99951385443168,
            "max": -90.99951385443168,
            "count": 1
        },
        "2DPlat.IsTraining.mean": {
            "value": 1.0,
            "min": 1.0,
            "max": 1.0,
            "count": 1
        },
        "2DPlat.IsTraining.sum": {
            "value": 1.0,
            "min": 1.0,
            "max": 1.0,
            "count": 1
        }
    },
    "metadata": {
        "timer_format_version": "0.1.0",
        "start_time_seconds": "1632995205",
        "python_version": "3.9.5 (tags/v3.9.5:0a7dcbd, May  3 2021, 17:27:52) [MSC v.1928 64 bit (AMD64)]",
        "command_line_arguments": "D:\\Uni Work\\CGS\\Level Design Solo Project\\virtualenv\\Scripts\\mlagents-learn config/2DPlat.yaml --run-id=2DPlat12",
        "mlagents_version": "0.27.0",
        "mlagents_envs_version": "0.27.0",
        "communication_protocol_version": "1.5.0",
        "pytorch_version": "1.7.1+cu110",
        "numpy_version": "1.21.2",
        "end_time_seconds": "1632995395"
    },
    "total": 189.98733810000002,
    "count": 1,
    "self": 0.005026900000018486,
    "children": {
        "run_training.setup": {
            "total": 0.09203849999999991,
            "count": 1,
            "self": 0.09203849999999991
        },
        "TrainerController.start_learning": {
            "total": 189.8902727,
            "count": 1,
            "self": 0.18865739999858988,
            "children": {
                "TrainerController._reset_env": {
                    "total": 5.6312954,
                    "count": 1,
                    "self": 5.6312954
                },
                "TrainerController.advance": {
                    "total": 183.98929470000138,
                    "count": 10822,
                    "self": 0.18425810000175602,
                    "children": {
                        "env_step": {
                            "total": 175.95746109999982,
                            "count": 10822,
                            "self": 140.0045547000001,
                            "children": {
                                "SubprocessEnvManager._take_step": {
                                    "total": 35.84132490000101,
                                    "count": 10822,
                                    "self": 0.5083880000013608,
                                    "children": {
                                        "TorchPolicy.evaluate": {
                                            "total": 35.33293689999965,
                                            "count": 10716,
                                            "self": 11.179432299999686,
                                            "children": {
                                                "TorchPolicy.sample_actions": {
                                                    "total": 24.153504599999966,
                                                    "count": 10716,
                                                    "self": 24.153504599999966
                                                }
                                            }
                                        }
                                    }
                                },
                                "workers": {
                                    "total": 0.11158149999869682,
                                    "count": 10821,
                                    "self": 0.0,
                                    "children": {
                                        "worker_root": {
                                            "total": 185.01635870000035,
                                            "count": 10821,
                                            "is_parallel": true,
                                            "self": 54.17927649999913,
                                            "children": {
                                                "steps_from_proto": {
                                                    "total": 0.00035890000000016187,
                                                    "count": 1,
                                                    "is_parallel": true,
                                                    "self": 0.00021380000000004173,
                                                    "children": {
                                                        "_process_rank_one_or_two_observation": {
                                                            "total": 0.00014510000000012013,
                                                            "count": 2,
                                                            "is_parallel": true,
                                                            "self": 0.00014510000000012013
                                                        }
                                                    }
                                                },
                                                "UnityEnvironment.step": {
                                                    "total": 130.8367233000012,
                                                    "count": 10821,
                                                    "is_parallel": true,
                                                    "self": 0.7380271000017444,
                                                    "children": {
                                                        "UnityEnvironment._generate_step_input": {
                                                            "total": 0.6390175999999554,
                                                            "count": 10821,
                                                            "is_parallel": true,