{
    "name": "root",
    "gauges": {
        "2DPlat.Policy.Entropy.mean": {
            "value": 0.2360983043909073,
            "min": 0.09333112090826035,
            "max": 0.3212377429008484,
            "count": 20
        },
        "2DPlat.Policy.Entropy.sum": {
            "value": 11806.8037109375,
            "min": 4666.55615234375,
            "max": 16090.15625,
            "count": 20
        },
        "2DPlat.Environment.EpisodeLength.mean": {
            "value": 11.853508095605243,
            "min": 10.77301624676242,
            "max": 15.204604409857328,
            "count": 20
        },
        "2DPlat.Environment.EpisodeLength.sum": {
            "value": 46122.0,
            "min": 45753.0,
            "max": 46891.0,
            "count": 20
        },
        "2DPlat.Step.mean": {
            "value": 999981.0,
            "min": 49983.0,
            "max": 999981.0,
            "count": 20
        },
        "2DPlat.Step.sum": {
            "value": 999981.0,
            "min": 49983.0,
            "max": 999981.0,
            "count": 20
        },
        "2DPlat.Policy.ExtrinsicValueEstimate.mean": {
            "value": 0.831786572933197,
            "min": 0.4019123911857605,
            "max": 0.8355684280395508,
            "count": 20
        },
        "2DPlat.Policy.ExtrinsicValueEstimate.sum": {
            "value": 3244.79931640625,
            "min": 1614.884033203125,
            "max": 3379.64794921875,
            "count": 20
        },
        "2DPlat.Environment.CumulativeReward.mean": {
            "value": 0.9090208172706246,
            "min": 0.4035656401944895,
            "max": 0.9223516361619523,
            "count": 20
        },
        "2DPlat.Environment.CumulativeReward.sum": {
            "value": 3537.0,
            "min": 1245.0,
            "max": 3677.0,
            "count": 20
        },
        "2DPlat.Policy.ExtrinsicReward.mean": {
            "value": 0.9090208172706246,
            "min": 0.4035656401944895,
            "max": 0.9223516361619523,
            "count": 20
        },
        "2DPlat.Policy.ExtrinsicReward.sum": {
            "value": 3537.0,
            "min": 1245.0,
            "max": 3677.0,
            "count": 20
        },
        "2DPlat.Losses.PolicyLoss.mean": {
            "value": 0.02358316252628962,
            "min": 0.02051068109770616,
            "max": 0.026574464002624153,
            "count": 20
        },
        "2DPlat.Losses.PolicyLoss.sum": {
            "value": 0.1179158126314481,
            "min": 0.08785385825516034,
            "max": 0.13287232001312077,
            "count": 20
        },
        "2DPlat.Losses.ValueLoss.mean": {
            "value": 0.0802758240699768,
            "min": 0.06310423992574214,
            "max": 0.3490216323484977,
            "count": 20
        },
        "2DPlat.Losses.ValueLoss.sum": {
            "value": 0.401379120349884,
            "min": 0.3155211996287107,
            "max": 1.704827042420705,
            "count": 20
        },
        "2DPlat.Policy.LearningRate.mean": {
            "value": 7.89501736836e-06,
            "min": 7.89501736836e-06,
            "max": 0.0002923136275621251,
            "count": 20
        },
        "2DPlat.Policy.LearningRate.sum": {
            "value": 3.94750868418e-05,
            "min": 3.94750868418e-05,
            "max": 0.0013923819358726997,
            "count": 20
        },
        "2DPlat.Policy.Epsilon.mean": {
            "value": 0.10263164,
            "min": 0.10263164,
            "max": 0.19743787499999998,
            "count": 20
        },
        "2DPlat.Policy.Epsilon.sum": {
            "value": 0.5131582,
            "min": 0.46996550000000004,
            "max": 0.9641273000000004,
            "count": 20
        },
        "2DPlat.Policy.Beta.mean": {
            "value": 0.00014131883599999997,
            "min": 0.00014131883599999997,
            "max": 0.004872149962500001,
            "count": 20
        },
        "2DPlat.Policy.Beta.sum": {
            "value": 0.0007065941799999999,
            "min": 0.0007065941799999999,
            "max": 0.02320995227,
            "count": 20
        },
        "2DPlat.IsTraining.mean": {
            "value": 1.0,
            "min": 1.0,
            "max": 1.0,
            "count": 20
        },
        "2DPlat.IsTraining.sum": {
            "value": 1.0,
            "min": 1.0,
            "max": 1.0,
            "count": 20
        }
    },
    "metadata": {
        "timer_format_version": "0.1.0",
        "start_time_seconds": "1635444965",
        "python_version": "3.9.5 (tags/v3.9.5:0a7dcbd, May  3 2021, 17:27:52) [MSC v.1928 64 bit (AMD64)]",
        "command_line_arguments": "D:\\Uni Work\\CGS\\Level Design Solo Project\\virtualenv\\Scripts\\mlagents-learn config/defaultconfig.yaml --initialize-from=2DPlatDefaultGap-35-36CoinRowOfFourMILLIONSTEPS8TH --run-id=2DPlatDefaultGap-35-36CoinRowOfFourMILLIONSTEPS8thPART2",
        "mlagents_version": "0.27.0",
        "mlagents_envs_version": "0.27.0",
        "communication_protocol_version": "1.5.0",
        "pytorch_version": "1.7.1+cu110",
        "numpy_version": "1.21.2",
        "end_time_seconds": "1635449221"
    },
    "total": 4256.5523137,
    "count": 1,
    "self": 0.05665459999909217,
    "children": {
        "run_training.setup": {
            "total": 0.18765389999999993,
            "count": 1,
            "self": 0.18765389999999993
        },
        "TrainerController.start_learning": {
            "total": 4256.3080052000005,
            "count": 1,
            "self": 4.283082300048591,
            "children": {
                "TrainerController._reset_env": {
                    "total": 16.4577355,
                    "count": 1,
                    "self": 16.4577355
                },
                "TrainerController.advance": {
                    "total": 4235.486983399952,
                    "count": 183036,
                    "self": 3.894156499877681,
                    "children": {
                        "env_step": {
                            "total": 3763.1010392000444,
                            "count": 183036,
                            "self": 3278.804986000079,
                            "children": {
                                "SubprocessEnvManager._take_step": {
                                    "total": 481.7875304000559,
                                    "count": 183036,
                                    "self": 8.683970000054558,
                                    "children": {
                                        "TorchPolicy.evaluate": {
                                            "total": 473.10356040000136,
                                            "count": 125008,
                                            "self": 162.37904080002636,
                                            "children": {
                                                "TorchPolicy.sample_actions": {
                                                    "total": 310.724519599975,
                                                    "count": 125008,
                                                    "self": 310.724519599975
                                                }
                                            }
                                        }
                                    }
                                },
                                "workers": {
                                    "total": 2.508522799909109,
                                    "count": 183036,
                                    "self": 0.0,
                                    "children": {
                                        "worker_root": {
                                            "total": 4244.226223700068,
                                            "count": 183036,
                                            "is_parallel": true,