{
    "name": "root",
    "gauges": {
        "2DPlat.Policy.Entropy.mean": {
            "value": 0.3035050630569458,
            "min": 0.3035050630569458,
            "max": 0.5253572463989258,
            "count": 20
        },
        "2DPlat.Policy.Entropy.sum": {
            "value": 15180.109375,
            "min": 15178.7314453125,
            "max": 26280.470703125,
            "count": 20
        },
        "2DPlat.Environment.EpisodeLength.mean": {
            "value": 10.886617542191585,
            "min": 10.886617542191585,
            "max": 13.947667464114833,
            "count": 20
        },
        "2DPlat.Environment.EpisodeLength.sum": {
            "value": 45800.0,
            "min": 45796.0,
            "max": 46641.0,
            "count": 20
        },
        "2DPlat.Step.mean": {
            "value": 999997.0,
            "min": 49991.0,
            "max": 999997.0,
            "count": 20
        },
        "2DPlat.Step.sum": {
            "value": 999997.0,
            "min": 49991.0,
            "max": 999997.0,
            "count": 20
        },
        "2DPlat.Policy.ExtrinsicValueEstimate.mean": {
            "value": 0.7174695134162903,
            "min": 0.009156296029686928,
            "max": 0.7224515676498413,
            "count": 20
        },
        "2DPlat.Policy.ExtrinsicValueEstimate.sum": {
            "value": 3018.394287109375,
            "min": 30.618654251098633,
            "max": 3031.40673828125,
            "count": 20
        },
        "2DPlat.Environment.CumulativeReward.mean": {
            "value": 0.7794152602804849,
            "min": 0.02452153110047847,
            "max": 0.7794152602804849,
            "count": 20
        },
        "2DPlat.Environment.CumulativeReward.sum": {
            "value": 3279.0,
            "min": 82.0,
            "max": 3279.0,
            "count": 20
        },
        "2DPlat.Policy.ExtrinsicReward.mean": {
            "value": 0.7794152602804849,
            "min": 0.02452153110047847,
            "max": 0.7794152602804849,
            "count": 20
        },
        "2DPlat.Policy.ExtrinsicReward.sum": {
            "value": 3279.0,
            "min": 82.0,
            "max": 3279.0,
            "count": 20
        },
        "2DPlat.Losses.PolicyLoss.mean": {
            "value": 0.02511693337156127,
            "min": 0.021044951492610077,
            "max": 0.026180574862519276,
            "count": 20
        },
        "2DPlat.Losses.PolicyLoss.sum": {
            "value": 0.12558466685780634,
            "min": 0.10010377995980282,
            "max": 0.12774754869751634,
            "count": 20
        },
        "2DPlat.Losses.ValueLoss.mean": {
            "value": 0.08443833867708841,
            "min": 0.05449944883584977,
            "max": 0.14004289075732232,
            "count": 20
        },
        "2DPlat.Losses.ValueLoss.sum": {
            "value": 0.4221916933854421,
            "min": 0.21799779534339908,
            "max": 0.7002144537866116,
            "count": 20
        },
        "2DPlat.Policy.LearningRate.mean": {
            "value": 7.8255973915e-06,
            "min": 7.8255973915e-06,
            "max": 0.00029230807756397496,
            "count": 20
        },
        "2DPlat.Policy.LearningRate.sum": {
            "value": 3.9127986957500007e-05,
            "min": 3.9127986957500007e-05,
            "max": 0.0013922388359204,
            "count": 20
        },
        "2DPlat.Policy.Epsilon.mean": {
            "value": 0.10260850000000002,
            "min": 0.10260850000000002,
            "max": 0.19743602499999996,
            "count": 20
        },
        "2DPlat.Policy.Epsilon.sum": {
            "value": 0.5130425000000001,
            "min": 0.4698844,
            "max": 0.9640796,
            "count": 20
        },
        "2DPlat.Policy.Beta.mean": {
            "value": 0.00014016415000000002,
            "min": 0.00014016415000000002,
            "max": 0.004872057647499999,
            "count": 20
        },
        "2DPlat.Policy.Beta.sum": {
            "value": 0.0007008207500000001,
            "min": 0.0007008207500000001,
            "max": 0.023207572039999996,
            "count": 20
        },
        "2DPlat.IsTraining.mean": {
            "value": 1.0,
            "min": 1.0,
            "max": 1.0,
            "count": 20
        },
        "2DPlat.IsTraining.sum": {
            "value": 1.0,
            "min": 1.0,
            "max": 1.0,
            "count": 20
        }
    },
    "metadata": {
        "timer_format_version": "0.1.0",
        "start_time_seconds": "1637213734",
        "python_version": "3.9.5 (tags/v3.9.5:0a7dcbd, May  3 2021, 17:27:52) [MSC v.1928 64 bit (AMD64)]",
        "command_line_arguments": "D:\\Uni Work\\CGS\\Level Design Solo Project\\virtualenv\\Scripts\\mlagents-learn config/defaultconfig.yaml --initialize-from=RAYDefaultGap3Wide-37-35 --run-id=RAYDefaultGap3Wide-37-35TRY2",
        "mlagents_version": "0.27.0",
        "mlagents_envs_version": "0.27.0",
        "communication_protocol_version": "1.5.0",
        "pytorch_version": "1.7.1+cu110",
        "numpy_version": "1.21.2",
        "end_time_seconds": "1637217724"
    },
    "total": 3990.3629296,
    "count": 1,
    "self": 0.3898844000000281,
    "children": {
        "run_training.setup": {
            "total": 0.22256589999999932,
            "count": 1,
            "self": 0.22256589999999932
        },
        "TrainerController.start_learning": {
            "total": 3989.7504793,
            "count": 1,
            "self": 4.116926299991064,
            "children": {
                "TrainerController._reset_env": {
                    "total": 13.113059499999999,
                    "count": 1,
                    "self": 13.113059499999999
                },
                "TrainerController.advance": {
                    "total": 3972.4077919000088,
                    "count": 183871,
                    "self": 3.8363669998707337,
                    "children": {
                        "env_step": {
                            "total": 3499.728723000067,
                            "count": 183871,
                            "self": 3035.9167288000253,
                            "children": {
                                "SubprocessEnvManager._take_step": {
                                    "total": 461.2876058999946,
                                    "count": 183871,
                                    "self": 8.400334999978497,
                                    "children": {
                                        "TorchPolicy.evaluate": {
                                            "total": 452.8872709000161,
                                            "count": 125007,
                                            "self": 152.47113189995054,
                                            "children": {
                                                "TorchPolicy.sample_actions": {
                                                    "total": 300.4161390000656,
                                                    "count": 125007,
                                                    "self": 300.4161390000656
                                                }
                                            }
                                        }
                                    }
                                },
                                "workers": {
                                    "total": 2.5243883000468834,
                                    "count": 183871,
                                    "self": 0.0,
                                    "children": {
                                        "worker_root": {
                                            "total": 3972.195065800006,
                                            "count": 183871,
                                            "is_parallel": true,