{
    "name": "root",
    "metadata": {
        "timer_format_version": "0.1.0",
        "start_time_seconds": "1633646426",
        "python_version": "3.9.5 (tags/v3.9.5:0a7dcbd, May  3 2021, 17:27:52) [MSC v.1928 64 bit (AMD64)]",
        "command_line_arguments": "D:\\Uni Work\\CGS\\Level Design Solo Project\\virtualenv\\Scripts\\mlagents-learn config/2DPlat.yaml --run-id=2DPlatNew2",
        "mlagents_version": "0.27.0",
        "mlagents_envs_version": "0.27.0",
        "communication_protocol_version": "1.5.0",
        "pytorch_version": "1.7.1+cu110",
        "numpy_version": "1.21.2",
        "end_time_seconds": "1633646510"
    },
    "total": 83.4699953,
    "count": 1,
    "self": 0.005077699999986862,
    "children": {
        "run_training.setup": {
            "total": 0.09358749999999993,
            "count": 1,
            "self": 0.09358749999999993
        },
        "TrainerController.start_learning": {
            "total": 83.37133010000001,
            "count": 1,
            "self": 0.06745790000017848,
            "children": {
                "TrainerController._reset_env": {
                    "total": 17.447548,
                    "count": 1,
                    "self": 17.447548
                },
                "TrainerController.advance": {
                    "total": 65.75650929999983,
                    "count": 4016,
                    "self": 0.06528899999939597,
                    "children": {
                        "env_step": {
                            "total": 65.29197570000026,
                            "count": 4016,
                            "self": 51.520176000000006,
                            "children": {
                                "SubprocessEnvManager._take_step": {
                                    "total": 13.731707800000173,
                                    "count": 4016,
                                    "self": 0.18640570000049195,
                                    "children": {
                                        "TorchPolicy.evaluate": {
                                            "total": 13.545302099999681,
                                            "count": 4003,
                                            "self": 4.245911099999557,
                                            "children": {
                                                "TorchPolicy.sample_actions": {
                                                    "total": 9.299391000000124,
                                                    "count": 4003,
                                                    "self": 9.299391000000124
                                                }
                                            }
                                        }
                                    }
                                },
                                "workers": {
                                    "total": 0.040091900000089,
                                    "count": 4015,
                                    "self": 0.0,
                                    "children": {
                                        "worker_root": {
                                            "total": 66.99129080000026,
                                            "count": 4015,
                                            "is_parallel": true,
                                            "self": 18.794291100000237,
                                            "children": {
                                                "steps_from_proto": {
                                                    "total": 0.000366100000000813,
                                                    "count": 1,
                                                    "is_parallel": true,
                                                    "self": 0.00019090000000332452,
                                                    "children": {
                                                        "_process_rank_one_or_two_observation": {
                                                            "total": 0.00017519999999748848,
                                                            "count": 4,
                                                            "is_parallel": true,
                                                            "self": 0.00017519999999748848
                                                        }
                                                    }
                                                },
                                                "UnityEnvironment.step": {
                                                    "total": 48.19663360000002,
                                                    "count": 4015,
                                                    "is_parallel": true,
                                                    "self": 0.2770123999996983,
                                                    "children": {
                                                        "UnityEnvironment._generate_step_input": {
                                                            "total": 0.2313343000000181,
                                                            "count": 4015,
                                                            "is_parallel": true,
                                                            "self": 0.2313343000000181
                                                        },
                                                        "communicator.exchange": {
                                                            "total": 46.54408100000032,
                                                            "count": 4015,
                                                            "is_parallel": true,
                                                            "self": 46.54408100000032
                                                        },
                                                        "steps_from_proto": {
                                                            "total": 1.1442058999999851,
                                                            "count": 4015,
                                                            "is_parallel": true,
                                                            "self": 0.6453155999991544,
                                                            "children": {
                                                                "_process_rank_one_or_two_observation": {
                                                                    "total": 0.4988903000008307,
                                                                    "count": 16060,
                                                                    "is_parallel": true,
                                                                    "self": 0.4988903000008307
                                                                }
                                                            }
                                                        }
                                                    }
                                                }
                                            }
                                        }
                                    }
                                }
                            }
                        },
                        "trainer_advance": {
                            "total": 0.3992446000001699,
                            "count": 4015,
                            "self": 0.08370449999995344,
                            "children": {
                                "process_trajectory": {
                                    "total": 0.3155401000002165,
                                    "count": 4015,
                                    "self": 0.3155401000002165
                                }
                            }
                        }
                    }
                },