{
    "name": "root",
    "gauges": {
        "2DPlat.Policy.Entropy.mean": {
            "value": 0.22104085981845856,
            "min": 0.020050400868058205,
            "max": 0.43636175990104675,
            "count": 20
        },
        "2DPlat.Policy.Entropy.sum": {
            "value": 11052.04296875,
            "min": 1002.19921875,
            "max": 21825.0703125,
            "count": 20
        },
        "2DPlat.Environment.EpisodeLength.mean": {
            "value": 4.3142006802721085,
            "min": 4.3142006802721085,
            "max": 8.325191124370688,
            "count": 20
        },
        "2DPlat.Environment.EpisodeLength.sum": {
            "value": 40588.0,
            "min": 40588.0,
            "max": 44648.0,
            "count": 20
        },
        "2DPlat.Step.mean": {
            "value": 999996.0,
            "min": 49989.0,
            "max": 999996.0,
            "count": 20
        },
        "2DPlat.Step.sum": {
            "value": 999996.0,
            "min": 49989.0,
            "max": 999996.0,
            "count": 20
        },
        "2DPlat.Policy.ExtrinsicValueEstimate.mean": {
            "value": 0.9779537916183472,
            "min": -5.701298236846924,
            "max": 0.987906813621521,
            "count": 20
        },
        "2DPlat.Policy.ExtrinsicValueEstimate.sum": {
            "value": 9201.5673828125,
            "min": -30570.361328125,
            "max": 9246.630859375,
            "count": 20
        },
        "2DPlat.Environment.CumulativeReward.mean": {
            "value": 1.0,
            "min": 0.9593359447864205,
            "max": 1.0,
            "count": 20
        },
        "2DPlat.Environment.CumulativeReward.sum": {
            "value": 9409.0,
            "min": 5143.0,
            "max": 9409.0,
            "count": 20
        },
        "2DPlat.Policy.ExtrinsicReward.mean": {
            "value": 1.0,
            "min": 0.9593359447864205,
            "max": 1.0,
            "count": 20
        },
        "2DPlat.Policy.ExtrinsicReward.sum": {
            "value": 9409.0,
            "min": 5143.0,
            "max": 9409.0,
            "count": 20
        },
        "2DPlat.Losses.PolicyLoss.mean": {
            "value": 0.03375160324809969,
            "min": 0.032779369700588645,
            "max": 0.03924535947644262,
            "count": 20
        },
        "2DPlat.Losses.PolicyLoss.sum": {
            "value": 0.10125480974429907,
            "min": 0.09875009963823309,
            "max": 0.14712678479585958,
            "count": 20
        },
        "2DPlat.Losses.ValueLoss.mean": {
            "value": 0.0006463225936281612,
            "min": 0.0006463225936281612,
            "max": 6.240481355837708,
            "count": 20
        },
        "2DPlat.Losses.ValueLoss.sum": {
            "value": 0.0019389677808844836,
            "min": 0.0019389677808844836,
            "max": 18.721444067513122,
            "count": 20
        },
        "2DPlat.Policy.LearningRate.mean": {
            "value": 7.346997551033334e-06,
            "min": 7.346997551033334e-06,
            "max": 0.0002909876030041333,
            "count": 20
        },
        "2DPlat.Policy.LearningRate.sum": {
            "value": 2.2040992653100003e-05,
            "min": 2.2040992653100003e-05,
            "max": 0.0009928152690616,
            "count": 20
        },
        "2DPlat.Policy.Epsilon.mean": {
            "value": 0.10122448333333338,
            "min": 0.10122448333333338,
            "max": 0.1484979333333333,
            "count": 20
        },
        "2DPlat.Policy.Epsilon.sum": {
            "value": 0.3036734500000001,
            "min": 0.3036734500000001,
            "max": 0.5654692000000001,
            "count": 20
        },
        "2DPlat.Policy.Beta.mean": {
            "value": 0.00020567243666666673,
            "min": 0.00020567243666666673,
            "max": 0.007759969746666669,
            "count": 20
        },
        "2DPlat.Policy.Beta.sum": {
            "value": 0.0006170173100000001,
            "min": 0.0006170173100000001,
            "max": 0.02648197816,
            "count": 20
        },
        "2DPlat.IsTraining.mean": {
            "value": 1.0,
            "min": 1.0,
            "max": 1.0,
            "count": 20
        },
        "2DPlat.IsTraining.sum": {
            "value": 1.0,
            "min": 1.0,
            "max": 1.0,
            "count": 20
        }
    },
    "metadata": {
        "timer_format_version": "0.1.0",
        "start_time_seconds": "1639161481",
        "python_version": "3.9.5 (tags/v3.9.5:0a7dcbd, May  3 2021, 17:27:52) [MSC v.1928 64 bit (AMD64)]",
        "command_line_arguments": "D:\\Uni Work\\CGS\\Level Design Solo Project\\virtualenv\\Scripts\\mlagents-learn config/2DPlatAlterPostStats.yaml --run-id=2DPlatLevel1TIMEJumpTraining",
        "mlagents_version": "0.27.0",
        "mlagents_envs_version": "0.27.0",
        "communication_protocol_version": "1.5.0",
        "pytorch_version": "1.7.1+cu110",
        "numpy_version": "1.21.2",
        "end_time_seconds": "1639164198"
    },
    "total": 2716.8908636,
    "count": 1,
    "self": 0.10082749999992302,
    "children": {
        "run_training.setup": {
            "total": 0.31375699999999895,
            "count": 1,
            "self": 0.31375699999999895
        },
        "TrainerController.start_learning": {
            "total": 2716.4762791000003,
            "count": 1,
            "self": 3.2683509000048616,
            "children": {
                "TrainerController._reset_env": {
                    "total": 26.5516229,
                    "count": 1,
                    "self": 26.5516229
                },
                "TrainerController.advance": {
                    "total": 2686.5473476999955,
                    "count": 153162,
                    "self": 2.907366600066325,
                    "children": {
                        "env_step": {
                            "total": 2005.7591231999197,
                            "count": 153162,
                            "self": 1744.4844113998965,
                            "children": {
                                "SubprocessEnvManager._take_step": {
                                    "total": 259.46580980004546,
                                    "count": 153162,
                                    "self": 4.125421000031281,
                                    "children": {
                                        "TorchPolicy.evaluate": {
                                            "total": 255.34038880001418,
                                            "count": 62503,
                                            "self": 67.44608370002481,
                                            "children": {
                                                "TorchPolicy.sample_actions": {
                                                    "total": 187.89430509998937,
                                                    "count": 62503,
                                                    "self": 187.89430509998937
                                                }
                                            }
                                        }
                                    }
                                },
                                "workers": {
                                    "total": 1.8089019999778486,
                                    "count": 153162,
                                    "self": 0.0,
                                    "children": {
                                        "worker_root": {
                                            "total": 2695.806527100011,
                                            "count": 153162,
                                            "is_parallel": true,
                                            "self": 1109.3812366000723,