{
    "name": "root",
    "gauges": {
        "2DPlat.Policy.Entropy.mean": {
            "value": 0.5027695894241333,
            "min": 0.5027695894241333,
            "max": 0.6617169380187988,
            "count": 20
        },
        "2DPlat.Policy.Entropy.sum": {
            "value": 25162.611328125,
            "min": 25162.611328125,
            "max": 33085.84765625,
            "count": 20
        },
        "2DPlat.Environment.EpisodeLength.mean": {
            "value": 12.78467052660601,
            "min": 12.466882067851373,
            "max": 17.234887108521487,
            "count": 20
        },
        "2DPlat.Environment.EpisodeLength.sum": {
            "value": 46370.0,
            "min": 46302.0,
            "max": 47327.0,
            "count": 20
        },
        "2DPlat.Step.mean": {
            "value": 999978.0,
            "min": 49965.0,
            "max": 999978.0,
            "count": 20
        },
        "2DPlat.Step.sum": {
            "value": 999978.0,
            "min": 49965.0,
            "max": 999978.0,
            "count": 20
        },
        "2DPlat.Policy.ExtrinsicValueEstimate.mean": {
            "value": 0.8480035066604614,
            "min": 0.6005489826202393,
            "max": 0.8520818948745728,
            "count": 20
        },
        "2DPlat.Policy.ExtrinsicValueEstimate.sum": {
            "value": 3077.40478515625,
            "min": 1766.20947265625,
            "max": 3130.548828125,
            "count": 20
        },
        "2DPlat.Environment.CumulativeReward.mean": {
            "value": 0.9112458654906285,
            "min": 0.6435806186695866,
            "max": 0.9177783827933569,
            "count": 20
        },
        "2DPlat.Environment.CumulativeReward.sum": {
            "value": 3306.0,
            "min": 1862.0,
            "max": 3371.0,
            "count": 20
        },
        "2DPlat.Policy.ExtrinsicReward.mean": {
            "value": 0.9112458654906285,
            "min": 0.6435806186695866,
            "max": 0.9177783827933569,
            "count": 20
        },
        "2DPlat.Policy.ExtrinsicReward.sum": {
            "value": 3306.0,
            "min": 1862.0,
            "max": 3371.0,
            "count": 20
        },
        "2DPlat.Losses.PolicyLoss.mean": {
            "value": 0.03486465006242453,
            "min": 0.032783583884432525,
            "max": 0.03935944960029774,
            "count": 20
        },
        "2DPlat.Losses.PolicyLoss.sum": {
            "value": 0.10459395018727358,
            "min": 0.09890783668479658,
            "max": 0.14114954852868383,
            "count": 20
        },
        "2DPlat.Losses.ValueLoss.mean": {
            "value": 0.040539248410248384,
            "min": 0.040539248410248384,
            "max": 0.14545032033568311,
            "count": 20
        },
        "2DPlat.Losses.ValueLoss.sum": {
            "value": 0.12161774523074514,
            "min": 0.12161774523074514,
            "max": 0.5818012813427325,
            "count": 20
        },
        "2DPlat.Policy.LearningRate.mean": {
            "value": 7.25099758303334e-06,
            "min": 7.25099758303334e-06,
            "max": 0.0002909889030036999,
            "count": 20
        },
        "2DPlat.Policy.LearningRate.sum": {
            "value": 2.175299274910002e-05,
            "min": 2.175299274910002e-05,
            "max": 0.0009927786690738,
            "count": 20
        },
        "2DPlat.Policy.Epsilon.mean": {
            "value": 0.10120848333333332,
            "min": 0.10120848333333332,
            "max": 0.14849815000000002,
            "count": 20
        },
        "2DPlat.Policy.Epsilon.sum": {
            "value": 0.30362544999999996,
            "min": 0.30362544999999996,
            "max": 0.5654631,
            "count": 20
        },
        "2DPlat.Policy.Beta.mean": {
            "value": 0.00020311563666666678,
            "min": 0.00020311563666666678,
            "max": 0.007760004369999998,
            "count": 20
        },
        "2DPlat.Policy.Beta.sum": {
            "value": 0.0006093469100000004,
            "min": 0.0006093469100000004,
            "max": 0.02648100338,
            "count": 20
        },
        "2DPlat.IsTraining.mean": {
            "value": 1.0,
            "min": 1.0,
            "max": 1.0,
            "count": 20
        },
        "2DPlat.IsTraining.sum": {
            "value": 1.0,
            "min": 1.0,
            "max": 1.0,
            "count": 20
        }
    },
    "metadata": {
        "timer_format_version": "0.1.0",
        "start_time_seconds": "1638065856",
        "python_version": "3.9.5 (tags/v3.9.5:0a7dcbd, May  3 2021, 17:27:52) [MSC v.1928 64 bit (AMD64)]",
        "command_line_arguments": "D:\\Uni Work\\CGS\\Level Design Solo Project\\virtualenv\\Scripts\\mlagents-learn config/2DPlatAlterPostStats.yaml --initialize-from=2DPlatAltPostStatsGap3Wide-37-35RANDOMTRY7 --run-id=2DPlatAltPostStatsGap3Wide-37-35RANDOMTRY8",
        "mlagents_version": "0.27.0",
        "mlagents_envs_version": "0.27.0",
        "communication_protocol_version": "1.5.0",
        "pytorch_version": "1.7.1+cu110",
        "numpy_version": "1.21.2",
        "end_time_seconds": "1638068619"
    },
    "total": 2762.4431546,
    "count": 1,
    "self": 0.00874779999958264,
    "children": {
        "run_training.setup": {
            "total": 0.12162070000000003,
            "count": 1,
            "self": 0.12162070000000003
        },
        "TrainerController.start_learning": {
            "total": 2762.3127861000003,
            "count": 1,
            "self": 2.4949374000198077,
            "children": {
                "TrainerController._reset_env": {
                    "total": 12.7664134,
                    "count": 1,
                    "self": 12.7664134
                },
                "TrainerController.advance": {
                    "total": 2746.7082473999803,
                    "count": 114624,
                    "self": 2.2685944999889216,
                    "children": {
                        "env_step": {
                            "total": 2253.509812899971,
                            "count": 114624,
                            "self": 2047.2969653999057,
                            "children": {
                                "SubprocessEnvManager._take_step": {
                                    "total": 204.68845160000689,
                                    "count": 114624,
                                    "self": 4.132498699964856,
                                    "children": {
                                        "TorchPolicy.evaluate": {
                                            "total": 200.55595290004203,
                                            "count": 62509,
                                            "self": 63.21960420004473,
                                            "children": {
                                                "TorchPolicy.sample_actions": {
                                                    "total": 137.3363486999973,
                                                    "count": 62509,
                                                    "self": 137.3363486999973
                                                }
                                            }
                                        }
                                    }
                                },
                                "workers": {
                                    "total": 1.5243959000585434,
                                    "count": 114624,
                                    "self": 0.0,
                                    "children": {
                                        "worker_root": {
                                            "total": 2747.2965677000075,
                                            "count": 114624,
                                            "is_parallel": true,