{
    "name": "root",
    "gauges": {
        "2DPlat.Policy.Entropy.mean": {
            "value": 0.414061576128006,
            "min": 0.37990474700927734,
            "max": 0.468322217464447,
            "count": 20
        },
        "2DPlat.Policy.Entropy.sum": {
            "value": 20696.453125,
            "min": 19007.39453125,
            "max": 23423.603515625,
            "count": 20
        },
        "2DPlat.Environment.EpisodeLength.mean": {
            "value": 10.655011655011656,
            "min": 10.495632183908047,
            "max": 10.81384360973305,
            "count": 20
        },
        "2DPlat.Environment.EpisodeLength.sum": {
            "value": 45710.0,
            "min": 45656.0,
            "max": 45775.0,
            "count": 20
        },
        "2DPlat.Step.mean": {
            "value": 999994.0,
            "min": 49998.0,
            "max": 999994.0,
            "count": 20
        },
        "2DPlat.Step.sum": {
            "value": 999994.0,
            "min": 49998.0,
            "max": 999994.0,
            "count": 20
        },
        "2DPlat.Policy.ExtrinsicValueEstimate.mean": {
            "value": 0.8106502890586853,
            "min": 0.7843723297119141,
            "max": 0.8330347537994385,
            "count": 20
        },
        "2DPlat.Policy.ExtrinsicValueEstimate.sum": {
            "value": 3477.689697265625,
            "min": 3319.463623046875,
            "max": 3596.2109375,
            "count": 20
        },
        "2DPlat.Environment.CumulativeReward.mean": {
            "value": 0.8610722610722611,
            "min": 0.8275047258979206,
            "max": 0.872360176375029,
            "count": 20
        },
        "2DPlat.Environment.CumulativeReward.sum": {
            "value": 3694.0,
            "min": 3502.0,
            "max": 3784.0,
            "count": 20
        },
        "2DPlat.Policy.ExtrinsicReward.mean": {
            "value": 0.8610722610722611,
            "min": 0.8275047258979206,
            "max": 0.872360176375029,
            "count": 20
        },
        "2DPlat.Policy.ExtrinsicReward.sum": {
            "value": 3694.0,
            "min": 3502.0,
            "max": 3784.0,
            "count": 20
        },
        "2DPlat.Losses.PolicyLoss.mean": {
            "value": 0.03538611244367457,
            "min": 0.03284583877418832,
            "max": 0.037453018148274474,
            "count": 20
        },
        "2DPlat.Losses.PolicyLoss.sum": {
            "value": 0.1061583373310237,
            "min": 0.09853751632256497,
            "max": 0.1432961367656766,
            "count": 20
        },
        "2DPlat.Losses.ValueLoss.mean": {
            "value": 0.04440049088998944,
            "min": 0.03876461819799124,
            "max": 0.07458530992654891,
            "count": 20
        },
        "2DPlat.Losses.ValueLoss.sum": {
            "value": 0.13320147266996832,
            "min": 0.11629385459397373,
            "max": 0.22375592977964673,
            "count": 20
        },
        "2DPlat.Policy.LearningRate.mean": {
            "value": 7.32599755803333e-06,
            "min": 7.32599755803333e-06,
            "max": 0.0002909964030011999,
            "count": 20
        },
        "2DPlat.Policy.LearningRate.sum": {
            "value": 2.197799267409999e-05,
            "min": 2.197799267409999e-05,
            "max": 0.0009928956690348001,
            "count": 20
        },
        "2DPlat.Policy.Epsilon.mean": {
            "value": 0.10122098333333335,
            "min": 0.10122098333333335,
            "max": 0.14849939999999998,
            "count": 20
        },
        "2DPlat.Policy.Epsilon.sum": {
            "value": 0.30366295000000004,
            "min": 0.30366295000000004,
            "max": 0.5654826,
            "count": 20
        },
        "2DPlat.Policy.Beta.mean": {
            "value": 0.00020511313666666663,
            "min": 0.00020511313666666663,
            "max": 0.00776020412,
            "count": 20
        },
        "2DPlat.Policy.Beta.sum": {
            "value": 0.0006153394099999999,
            "min": 0.0006153394099999999,
            "max": 0.02648411947999999,
            "count": 20
        },
        "2DPlat.IsTraining.mean": {
            "value": 1.0,
            "min": 1.0,
            "max": 1.0,
            "count": 20
        },
        "2DPlat.IsTraining.sum": {
            "value": 1.0,
            "min": 1.0,
            "max": 1.0,
            "count": 20
        }
    },
    "metadata": {
        "timer_format_version": "0.1.0",
        "start_time_seconds": "1638213108",
        "python_version": "3.9.5 (tags/v3.9.5:0a7dcbd, May  3 2021, 17:27:52) [MSC v.1928 64 bit (AMD64)]",
        "command_line_arguments": "D:\\Uni Work\\CGS\\Level Design Solo Project\\virtualenv\\Scripts\\mlagents-learn config/2DPlatAlterPostStats.yaml --initialize-from=2DPlatAltPostStatsGap3Wide-37-35RANDOMTRY20 --run-id=2DPlatAltPostStatsGap3Wide-37-35RANDOMTRY21",
        "mlagents_version": "0.27.0",
        "mlagents_envs_version": "0.27.0",
        "communication_protocol_version": "1.5.0",
        "pytorch_version": "1.7.1+cu110",
        "numpy_version": "1.21.2",
        "end_time_seconds": "1638216148"
    },
    "total": 3040.1689936000002,
    "count": 1,
    "self": 0.39115020000053846,
    "children": {
        "run_training.setup": {
            "total": 0.17857690000000037,
            "count": 1,
            "self": 0.17857690000000037
        },
        "TrainerController.start_learning": {
            "total": 3039.5992665,
            "count": 1,
            "self": 2.9061868999338003,
            "children": {
                "TrainerController._reset_env": {
                    "total": 15.410527100000001,
                    "count": 1,
                    "self": 15.410527100000001
                },
                "TrainerController.advance": {
                    "total": 3021.2064419000662,
                    "count": 121378,
                    "self": 2.651058900048156,
                    "children": {
                        "env_step": {
                            "total": 2454.4511098000535,
                            "count": 121378,
                            "self": 2238.087332300026,
                            "children": {
                                "SubprocessEnvManager._take_step": {
                                    "total": 214.70274980005445,
                                    "count": 121378,
                                    "self": 4.611261600056224,
                                    "children": {
                                        "TorchPolicy.evaluate": {
                                            "total": 210.09148819999822,
                                            "count": 62505,
                                            "self": 66.32208239995822,
                                            "children": {
                                                "TorchPolicy.sample_actions": {
                                                    "total": 143.76940580004,
                                                    "count": 62505,
                                                    "self": 143.76940580004
                                                }
                                            }
                                        }
                                    }
                                },
                                "workers": {
                                    "total": 1.661027699972859,
                                    "count": 121378,
                                    "self": 0.0,
                                    "children": {
                                        "worker_root": {
                                            "total": 3021.7748985000194,
                                            "count": 121378,
                                            "is_parallel": true,