{
    "name": "root",
    "gauges": {
        "2DPlat.Policy.Entropy.mean": {
            "value": 1.2233785390853882,
            "min": 0.1960466057062149,
            "max": 2.0335581302642822,
            "count": 20
        },
        "2DPlat.Policy.Entropy.sum": {
            "value": 61188.5,
            "min": 9877.6123046875,
            "max": 101450.1484375,
            "count": 20
        },
        "2DPlat.Environment.EpisodeLength.mean": {
            "value": 6097.0,
            "min": 35.44111192392099,
            "max": 6249.625,
            "count": 20
        },
        "2DPlat.Environment.EpisodeLength.sum": {
            "value": 36582.0,
            "min": 32055.0,
            "max": 57421.0,
            "count": 20
        },
        "2DPlat.Step.mean": {
            "value": 999974.0,
            "min": 49967.0,
            "max": 999974.0,
            "count": 20
        },
        "2DPlat.Step.sum": {
            "value": 999974.0,
            "min": 49967.0,
            "max": 999974.0,
            "count": 20
        },
        "2DPlat.Policy.ExtrinsicValueEstimate.mean": {
            "value": -0.017920780926942825,
            "min": -14.813570976257324,
            "max": -0.017920780926942825,
            "count": 20
        },
        "2DPlat.Policy.ExtrinsicValueEstimate.sum": {
            "value": -14.04989242553711,
            "min": -21672.25390625,
            "max": -14.04989242553711,
            "count": 20
        },
        "2DPlat.Environment.CumulativeReward.mean": {
            "value": -0.16666666666666666,
            "min": -1.1374999980131786,
            "max": -0.125,
            "count": 20
        },
        "2DPlat.Environment.CumulativeReward.sum": {
            "value": -1.0,
            "min": -1359.0999991968274,
            "max": -1.0,
            "count": 20
        },
        "2DPlat.Policy.ExtrinsicReward.mean": {
            "value": -0.16666666666666666,
            "min": -1.1374999980131786,
            "max": -0.125,
            "count": 20
        },
        "2DPlat.Policy.ExtrinsicReward.sum": {
            "value": -1.0,
            "min": -1359.0999991968274,
            "max": -1.0,
            "count": 20
        },
        "2DPlat.Losses.PolicyLoss.mean": {
            "value": 0.03504423903296842,
            "min": 0.03206208843500369,
            "max": 0.03843722755854465,
            "count": 20
        },
        "2DPlat.Losses.PolicyLoss.sum": {
            "value": 0.10513271709890526,
            "min": 0.09618626530501106,
            "max": 0.1430766965142915,
            "count": 20
        },
        "2DPlat.Losses.ValueLoss.mean": {
            "value": 0.000364298909757388,
            "min": 0.00024281752012447915,
            "max": 26.860735684547617,
            "count": 20
        },
        "2DPlat.Losses.ValueLoss.sum": {
            "value": 0.001092896729272164,
            "min": 0.0007284525603734374,
            "max": 80.58220705364285,
            "count": 20
        },
        "2DPlat.Policy.LearningRate.mean": {
            "value": 6.7613977462333265e-06,
            "min": 6.7613977462333265e-06,
            "max": 0.0002909667030110999,
            "count": 20
        },
        "2DPlat.Policy.LearningRate.sum": {
            "value": 2.028419323869998e-05,
            "min": 2.028419323869998e-05,
            "max": 0.0009924831691722998,
            "count": 20
        },
        "2DPlat.Policy.Epsilon.mean": {
            "value": 0.10112688333333332,
            "min": 0.10112688333333332,
            "max": 0.14849444999999997,
            "count": 20
        },
        "2DPlat.Policy.Epsilon.sum": {
            "value": 0.30338065,
            "min": 0.30338065,
            "max": 0.56541385,
            "count": 20
        },
        "2DPlat.Policy.Beta.mean": {
            "value": 0.00019007595666666648,
            "min": 0.00019007595666666648,
            "max": 0.007759413110000001,
            "count": 20
        },
        "2DPlat.Policy.Beta.sum": {
            "value": 0.0005702278699999994,
            "min": 0.0005702278699999994,
            "max": 0.026473133229999994,
            "count": 20
        },
        "2DPlat.IsTraining.mean": {
            "value": 1.0,
            "min": 1.0,
            "max": 1.0,
            "count": 20
        },
        "2DPlat.IsTraining.sum": {
            "value": 1.0,
            "min": 1.0,
            "max": 1.0,
            "count": 20
        }
    },
    "metadata": {
        "timer_format_version": "0.1.0",
        "start_time_seconds": "1638743217",
        "python_version": "3.9.5 (tags/v3.9.5:0a7dcbd, May  3 2021, 17:27:52) [MSC v.1928 64 bit (AMD64)]",
        "command_line_arguments": "D:\\Uni Work\\CGS\\Level Design Solo Project\\virtualenv\\Scripts\\mlagents-learn config/2DPlatAlterPostStats.yaml --initialize-from=2DPlatAltStableRunGap3Wide-37-35 --run-id=2DPlatAltStableRunLevel1",
        "mlagents_version": "0.27.0",
        "mlagents_envs_version": "0.27.0",
        "communication_protocol_version": "1.5.0",
        "pytorch_version": "1.7.1+cu110",
        "numpy_version": "1.21.2",
        "end_time_seconds": "1638745605"
    },
    "total": 2388.1524859,
    "count": 1,
    "self": 0.08112419999997655,
    "children": {
        "run_training.setup": {
            "total": 0.10046730000000004,
            "count": 1,
            "self": 0.10046730000000004
        },
        "TrainerController.start_learning": {
            "total": 2387.9708944,
            "count": 1,
            "self": 1.5696607000145377,
            "children": {
                "TrainerController._reset_env": {
                    "total": 22.0922382,
                    "count": 1,
                    "self": 22.0922382
                },
                "TrainerController.advance": {
                    "total": 2364.1500617999855,
                    "count": 67503,
                    "self": 1.4950617999875249,
                    "children": {
                        "env_step": {
                            "total": 1928.1529611000208,
                            "count": 67503,
                            "self": 1642.8260929999947,
                            "children": {
                                "SubprocessEnvManager._take_step": {
                                    "total": 284.36324800001825,
                                    "count": 67503,
                                    "self": 4.5133542000403395,
                                    "children": {
                                        "TorchPolicy.evaluate": {
                                            "total": 279.8498937999779,
                                            "count": 62535,
                                            "self": 73.89046540003147,
                                            "children": {
                                                "TorchPolicy.sample_actions": {
                                                    "total": 205.95942839994643,
                                                    "count": 62535,
                                                    "self": 205.95942839994643
                                                }
                                            }
                                        }
                                    }
                                },
                                "workers": {
                                    "total": 0.9636201000078053,
                                    "count": 67503,
                                    "self": 0.0,
                                    "children": {
                                        "worker_root": {
                                            "total": 2365.1336012999986,
                                            "count": 67503,
                                            "is_parallel": true,
                                            "self": 827.6137494000336,