{
    "name": "root",
    "gauges": {
        "2DPlat.Policy.Entropy.mean": {
            "value": 0.4113387167453766,
            "min": 0.3523164987564087,
            "max": 0.44545814394950867,
            "count": 20
        },
        "2DPlat.Policy.Entropy.sum": {
            "value": 20563.64453125,
            "min": 17613.005859375,
            "max": 22287.162109375,
            "count": 20
        },
        "2DPlat.Environment.EpisodeLength.mean": {
            "value": 19.224514563106798,
            "min": 14.933736858872253,
            "max": 19.992863140218304,
            "count": 20
        },
        "2DPlat.Environment.EpisodeLength.sum": {
            "value": 47523.0,
            "min": 46877.0,
            "max": 47623.0,
            "count": 20
        },
        "2DPlat.Step.mean": {
            "value": 999985.0,
            "min": 49993.0,
            "max": 999985.0,
            "count": 20
        },
        "2DPlat.Step.sum": {
            "value": 999985.0,
            "min": 49993.0,
            "max": 999985.0,
            "count": 20
        },
        "2DPlat.Policy.ExtrinsicValueEstimate.mean": {
            "value": 0.5575425028800964,
            "min": 0.43721428513526917,
            "max": 0.6076552271842957,
            "count": 20
        },
        "2DPlat.Policy.ExtrinsicValueEstimate.sum": {
            "value": 1384.935546875,
            "min": 1207.148681640625,
            "max": 1632.161865234375,
            "count": 20
        },
        "2DPlat.Environment.CumulativeReward.mean": {
            "value": 0.6496763754045307,
            "min": 0.4619062798852407,
            "max": 0.6496763754045307,
            "count": 20
        },
        "2DPlat.Environment.CumulativeReward.sum": {
            "value": 1606.0,
            "min": 1400.0,
            "max": 1657.0,
            "count": 20
        },
        "2DPlat.Policy.ExtrinsicReward.mean": {
            "value": 0.6496763754045307,
            "min": 0.4619062798852407,
            "max": 0.6496763754045307,
            "count": 20
        },
        "2DPlat.Policy.ExtrinsicReward.sum": {
            "value": 1606.0,
            "min": 1400.0,
            "max": 1657.0,
            "count": 20
        },
        "2DPlat.Losses.PolicyLoss.mean": {
            "value": 0.02262578747235238,
            "min": 0.01998567175740997,
            "max": 0.026539205426039797,
            "count": 20
        },
        "2DPlat.Losses.PolicyLoss.sum": {
            "value": 0.11312893736176191,
            "min": 0.08682281089325747,
            "max": 0.13106921670647959,
            "count": 20
        },
        "2DPlat.Losses.ValueLoss.mean": {
            "value": 0.20696819325288138,
            "min": 0.20696819325288138,
            "max": 1.08204392294089,
            "count": 20
        },
        "2DPlat.Losses.ValueLoss.sum": {
            "value": 1.034840966264407,
            "min": 0.9045530731479327,
            "max": 4.32817569176356,
            "count": 20
        },
        "2DPlat.Policy.LearningRate.mean": {
            "value": 7.808797397099997e-06,
            "min": 7.808797397099997e-06,
            "max": 0.0002923044775651749,
            "count": 20
        },
        "2DPlat.Policy.LearningRate.sum": {
            "value": 3.904398698549998e-05,
            "min": 3.904398698549998e-05,
            "max": 0.0013923114358961998,
            "count": 20
        },
        "2DPlat.Policy.Epsilon.mean": {
            "value": 0.10260289999999998,
            "min": 0.10260289999999998,
            "max": 0.197434825,
            "count": 20
        },
        "2DPlat.Policy.Epsilon.sum": {
            "value": 0.5130144999999999,
            "min": 0.4698894,
            "max": 0.9641038000000003,
            "count": 20
        },
        "2DPlat.Policy.Beta.mean": {
            "value": 0.00013988470999999996,
            "min": 0.00013988470999999996,
            "max": 0.004871997767499999,
            "count": 20
        },
        "2DPlat.Policy.Beta.sum": {
            "value": 0.0006994235499999998,
            "min": 0.0006994235499999998,
            "max": 0.023208779619999998,
            "count": 20
        },
        "2DPlat.IsTraining.mean": {
            "value": 1.0,
            "min": 1.0,
            "max": 1.0,
            "count": 20
        },
        "2DPlat.IsTraining.sum": {
            "value": 1.0,
            "min": 1.0,
            "max": 1.0,
            "count": 20
        }
    },
    "metadata": {
        "timer_format_version": "0.1.0",
        "start_time_seconds": "1635291791",
        "python_version": "3.9.5 (tags/v3.9.5:0a7dcbd, May  3 2021, 17:27:52) [MSC v.1928 64 bit (AMD64)]",
        "command_line_arguments": "D:\\Uni Work\\CGS\\Level Design Solo Project\\virtualenv\\Scripts\\mlagents-learn config/defaultconfig.yaml --initialize-from=2DPlatDefaultGap-35-36CoinRowOfFourMILLIONSTEPSTHIRDRUNTHROUGH --run-id=2DPlatDefaultGap-35-36CoinRowOfFourMILLIONSTEPSFOURTHRUNTHROUGH",
        "mlagents_version": "0.27.0",
        "mlagents_envs_version": "0.27.0",
        "communication_protocol_version": "1.5.0",
        "pytorch_version": "1.7.1+cu110",
        "numpy_version": "1.21.2",
        "end_time_seconds": "1635295489"
    },
    "total": 3697.7455876,
    "count": 1,
    "self": 0.40522269999974014,
    "children": {
        "run_training.setup": {
            "total": 0.15007130000000002,
            "count": 1,
            "self": 0.15007130000000002
        },
        "TrainerController.start_learning": {
            "total": 3697.1902936,
            "count": 1,
            "self": 3.440012499957902,
            "children": {
                "TrainerController._reset_env": {
                    "total": 16.858309199999997,
                    "count": 1,
                    "self": 16.858309199999997
                },
                "TrainerController.advance": {
                    "total": 3676.8261108000424,
                    "count": 170133,
                    "self": 3.433036200022343,
                    "children": {
                        "env_step": {
                            "total": 3302.3293270999798,
                            "count": 170133,
                            "self": 2878.491147100066,
                            "children": {
                                "SubprocessEnvManager._take_step": {
                                    "total": 421.67432349996204,
                                    "count": 170133,
                                    "self": 7.495814899947277,
                                    "children": {
                                        "TorchPolicy.evaluate": {
                                            "total": 414.17850860001477,
                                            "count": 125015,
                                            "self": 138.37698330002917,
                                            "children": {
                                                "TorchPolicy.sample_actions": {
                                                    "total": 275.8015252999856,
                                                    "count": 125015,
                                                    "self": 275.8015252999856
                                                }
                                            }
                                        }
                                    }
                                },
                                "workers": {
                                    "total": 2.1638564999519083,
                                    "count": 170133,
                                    "self": 0.0,
                                    "children": {
                                        "worker_root": {
                                            "total": 3686.4875731000593,
                                            "count": 170133,