{
    "name": "root",
    "gauges": {
        "2DPlat.Policy.Entropy.mean": {
            "value": 0.0003654997854027897,
            "min": 0.0003654997854027897,
            "max": 0.6966004967689514,
            "count": 20
        },
        "2DPlat.Policy.Entropy.sum": {
            "value": 18.29253387451172,
            "min": 18.29253387451172,
            "max": 34696.27734375,
            "count": 20
        },
        "2DPlat.Environment.EpisodeLength.mean": {
            "value": 13.284980011422045,
            "min": 13.283509574164047,
            "max": 69.87339971550497,
            "count": 20
        },
        "2DPlat.Environment.EpisodeLength.sum": {
            "value": 46524.0,
            "min": 46466.0,
            "max": 49297.0,
            "count": 20
        },
        "2DPlat.Step.mean": {
            "value": 999987.0,
            "min": 49981.0,
            "max": 999987.0,
            "count": 20
        },
        "2DPlat.Step.sum": {
            "value": 999987.0,
            "min": 49981.0,
            "max": 999987.0,
            "count": 20
        },
        "2DPlat.Policy.ExtrinsicValueEstimate.mean": {
            "value": 0.936002790927887,
            "min": 0.041124437004327774,
            "max": 0.9382273554801941,
            "count": 20
        },
        "2DPlat.Policy.ExtrinsicValueEstimate.sum": {
            "value": 3276.009765625,
            "min": 45.4425048828125,
            "max": 3284.73388671875,
            "count": 20
        },
        "2DPlat.Environment.CumulativeReward.mean": {
            "value": 1.0,
            "min": 1.0,
            "max": 1.0,
            "count": 20
        },
        "2DPlat.Environment.CumulativeReward.sum": {
            "value": 3500.0,
            "min": 702.0,
            "max": 3501.0,
            "count": 20
        },
        "2DPlat.Policy.ExtrinsicReward.mean": {
            "value": 1.0,
            "min": 1.0,
            "max": 1.0,
            "count": 20
        },
        "2DPlat.Policy.ExtrinsicReward.sum": {
            "value": 3500.0,
            "min": 702.0,
            "max": 3501.0,
            "count": 20
        },
        "2DPlat.Losses.PolicyLoss.mean": {
            "value": 0.023485049655040106,
            "min": 0.020302234082482756,
            "max": 0.026748542472099266,
            "count": 20
        },
        "2DPlat.Losses.PolicyLoss.sum": {
            "value": 0.11742524827520052,
            "min": 0.0938802344414095,
            "max": 0.13281692069334286,
            "count": 20
        },
        "2DPlat.Losses.ValueLoss.mean": {
            "value": 4.602206131191148e-05,
            "min": 4.602206131191148e-05,
            "max": 0.9354812995220224,
            "count": 20
        },
        "2DPlat.Losses.ValueLoss.sum": {
            "value": 0.0002301103065595574,
            "min": 0.00020086653300192361,
            "max": 3.7419251980880897,
            "count": 20
        },
        "2DPlat.Policy.LearningRate.mean": {
            "value": 7.285957571379991e-06,
            "min": 7.285957571379991e-06,
            "max": 0.00029228505257165,
            "count": 20
        },
        "2DPlat.Policy.LearningRate.sum": {
            "value": 3.642978785689996e-05,
            "min": 3.642978785689996e-05,
            "max": 0.0013920921359692998,
            "count": 20
        },
        "2DPlat.Policy.Epsilon.mean": {
            "value": 0.10242862,
            "min": 0.10242862,
            "max": 0.19742835000000009,
            "count": 20
        },
        "2DPlat.Policy.Epsilon.sum": {
            "value": 0.5121431,
            "min": 0.48989530000000003,
            "max": 0.9640306999999998,
            "count": 20
        },
        "2DPlat.Policy.Beta.mean": {
            "value": 0.00013118813799999985,
            "min": 0.00013118813799999985,
            "max": 0.004871674664999999,
            "count": 20
        },
        "2DPlat.Policy.Beta.sum": {
            "value": 0.0006559406899999992,
            "min": 0.0006559406899999992,
            "max": 0.023205131930000004,
            "count": 20
        },
        "2DPlat.IsTraining.mean": {
            "value": 1.0,
            "min": 1.0,
            "max": 1.0,
            "count": 20
        },
        "2DPlat.IsTraining.sum": {
            "value": 1.0,
            "min": 1.0,
            "max": 1.0,
            "count": 20
        }
    },
    "metadata": {
        "timer_format_version": "0.1.0",
        "start_time_seconds": "1636687612",
        "python_version": "3.9.5 (tags/v3.9.5:0a7dcbd, May  3 2021, 17:27:52) [MSC v.1928 64 bit (AMD64)]",
        "command_line_arguments": "D:\\Uni Work\\CGS\\Level Design Solo Project\\virtualenv\\Scripts\\mlagents-learn config/defaultconfig.yaml --run-id=2DPlatDefaultPostNovOneBlock-36",
        "mlagents_version": "0.27.0",
        "mlagents_envs_version": "0.27.0",
        "communication_protocol_version": "1.5.0",
        "pytorch_version": "1.7.1+cu110",
        "numpy_version": "1.21.2",
        "end_time_seconds": "1636690304"
    },
    "total": 2692.0256372000003,
    "count": 1,
    "self": 0.4298836000002666,
    "children": {
        "run_training.setup": {
            "total": 0.49212410000000073,
            "count": 1,
            "self": 0.49212410000000073
        },
        "TrainerController.start_learning": {
            "total": 2691.1036295,
            "count": 1,
            "self": 3.29799130001129,
            "children": {
                "TrainerController._reset_env": {
                    "total": 24.134398700000002,
                    "count": 1,
                    "self": 24.134398700000002
                },
                "TrainerController.advance": {
                    "total": 2663.6029762999888,
                    "count": 152349,
                    "self": 3.148719599893411,
                    "children": {
                        "env_step": {
                            "total": 2260.704609100009,
                            "count": 152349,
                            "self": 1809.3557793000696,
                            "children": {
                                "SubprocessEnvManager._take_step": {
                                    "total": 449.36085440002773,
                                    "count": 152349,
                                    "self": 8.035456100044087,
                                    "children": {
                                        "TorchPolicy.evaluate": {
                                            "total": 441.32539829998365,
                                            "count": 125009,
                                            "self": 149.3510565000817,
                                            "children": {
                                                "TorchPolicy.sample_actions": {
                                                    "total": 291.97434179990194,
                                                    "count": 125009,
                                                    "self": 291.97434179990194
                                                }
                                            }
                                        }
                                    }
                                },
                                "workers": {
                                    "total": 1.9879753999116687,
                                    "count": 152349,
                                    "self": 0.0,
                                    "children": {
                                        "worker_root": {
                                            "total": 2673.253617599984,
                                            "count": 152349,
                                            "is_parallel": true,
                                            "self": 1041.722618599972,