{
    "name": "root",
    "gauges": {
        "2DPlat.Policy.Entropy.mean": {
            "value": 0.44866591691970825,
            "min": 0.40925100445747375,
            "max": 0.47461506724357605,
            "count": 20
        },
        "2DPlat.Policy.Entropy.sum": {
            "value": 22426.1171875,
            "min": 20501.837890625,
            "max": 23730.75390625,
            "count": 20
        },
        "2DPlat.Environment.EpisodeLength.mean": {
            "value": 10.525818349469802,
            "min": 10.525818349469802,
            "max": 10.7704802259887,
            "count": 20
        },
        "2DPlat.Environment.EpisodeLength.sum": {
            "value": 45661.0,
            "min": 45660.0,
            "max": 45759.0,
            "count": 20
        },
        "2DPlat.Step.mean": {
            "value": 999988.0,
            "min": 49988.0,
            "max": 999988.0,
            "count": 20
        },
        "2DPlat.Step.sum": {
            "value": 999988.0,
            "min": 49988.0,
            "max": 999988.0,
            "count": 20
        },
        "2DPlat.Policy.ExtrinsicValueEstimate.mean": {
            "value": 0.8304526209831238,
            "min": 0.7982410192489624,
            "max": 0.8365620374679565,
            "count": 20
        },
        "2DPlat.Policy.ExtrinsicValueEstimate.sum": {
            "value": 3602.50341796875,
            "min": 3402.099609375,
            "max": 3602.50341796875,
            "count": 20
        },
        "2DPlat.Environment.CumulativeReward.mean": {
            "value": 0.8824343015214384,
            "min": 0.8529135338345865,
            "max": 0.8824343015214384,
            "count": 20
        },
        "2DPlat.Environment.CumulativeReward.sum": {
            "value": 3828.0,
            "min": 3630.0,
            "max": 3828.0,
            "count": 20
        },
        "2DPlat.Policy.ExtrinsicReward.mean": {
            "value": 0.8824343015214384,
            "min": 0.8529135338345865,
            "max": 0.8824343015214384,
            "count": 20
        },
        "2DPlat.Policy.ExtrinsicReward.sum": {
            "value": 3828.0,
            "min": 3630.0,
            "max": 3828.0,
            "count": 20
        },
        "2DPlat.Losses.PolicyLoss.mean": {
            "value": 0.034401772974658455,
            "min": 0.03228893260278836,
            "max": 0.03812955196708676,
            "count": 20
        },
        "2DPlat.Losses.PolicyLoss.sum": {
            "value": 0.10320531892397537,
            "min": 0.09686679780836507,
            "max": 0.14787871625418936,
            "count": 20
        },
        "2DPlat.Losses.ValueLoss.mean": {
            "value": 0.03681817950263363,
            "min": 0.03681817950263363,
            "max": 0.04754498051265362,
            "count": 20
        },
        "2DPlat.Losses.ValueLoss.sum": {
            "value": 0.11045453850790088,
            "min": 0.11045453850790088,
            "max": 0.18424932842528255,
            "count": 20
        },
        "2DPlat.Policy.LearningRate.mean": {
            "value": 7.268797577099993e-06,
            "min": 7.268797577099993e-06,
            "max": 0.00029099560300146663,
            "count": 20
        },
        "2DPlat.Policy.LearningRate.sum": {
            "value": 2.180639273129998e-05,
            "min": 2.180639273129998e-05,
            "max": 0.0009928626690457996,
            "count": 20
        },
        "2DPlat.Policy.Epsilon.mean": {
            "value": 0.10121144999999998,
            "min": 0.10121144999999998,
            "max": 0.1484992666666667,
            "count": 20
        },
        "2DPlat.Policy.Epsilon.sum": {
            "value": 0.30363434999999994,
            "min": 0.30363434999999994,
            "max": 0.5654770999999998,
            "count": 20
        },
        "2DPlat.Policy.Beta.mean": {
            "value": 0.00020358970999999988,
            "min": 0.00020358970999999988,
            "max": 0.007760182813333333,
            "count": 20
        },
        "2DPlat.Policy.Beta.sum": {
            "value": 0.0006107691299999996,
            "min": 0.0006107691299999996,
            "max": 0.02648324058,
            "count": 20
        },
        "2DPlat.IsTraining.mean": {
            "value": 1.0,
            "min": 1.0,
            "max": 1.0,
            "count": 20
        },
        "2DPlat.IsTraining.sum": {
            "value": 1.0,
            "min": 1.0,
            "max": 1.0,
            "count": 20
        }
    },
    "metadata": {
        "timer_format_version": "0.1.0",
        "start_time_seconds": "1638253652",
        "python_version": "3.9.5 (tags/v3.9.5:0a7dcbd, May  3 2021, 17:27:52) [MSC v.1928 64 bit (AMD64)]",
        "command_line_arguments": "D:\\Uni Work\\CGS\\Level Design Solo Project\\virtualenv\\Scripts\\mlagents-learn config/2DPlatAlterPostStats.yaml --initialize-from=2DPlatAltPostStatsGap3Wide-37-35RANDOMTRY28 --run-id=2DPlatAltPostStatsGap3Wide-37-35RANDOMTRY29",
        "mlagents_version": "0.27.0",
        "mlagents_envs_version": "0.27.0",
        "communication_protocol_version": "1.5.0",
        "pytorch_version": "1.7.1+cu110",
        "numpy_version": "1.21.2",
        "end_time_seconds": "1638256699"
    },
    "total": 3045.7276061000002,
    "count": 1,
    "self": 0.09775370000033945,
    "children": {
        "run_training.setup": {
            "total": 0.12495490000000009,
            "count": 1,
            "self": 0.12495490000000009
        },
        "TrainerController.start_learning": {
            "total": 3045.5048975,
            "count": 1,
            "self": 2.751785000029031,
            "children": {
                "TrainerController._reset_env": {
                    "total": 11.894290400000001,
                    "count": 1,
                    "self": 11.894290400000001
                },
                "TrainerController.advance": {
                    "total": 3030.7850259999714,
                    "count": 121584,
                    "self": 2.4819529000460534,
                    "children": {
                        "env_step": {
                            "total": 2473.978496599948,
                            "count": 121584,
                            "self": 2249.2572688999912,
                            "children": {
                                "SubprocessEnvManager._take_step": {
                                    "total": 223.11781229991925,
                                    "count": 121584,
                                    "self": 4.581210899912236,
                                    "children": {
                                        "TorchPolicy.evaluate": {
                                            "total": 218.53660140000702,
                                            "count": 62505,
                                            "self": 76.03735030002227,
                                            "children": {
                                                "TorchPolicy.sample_actions": {
                                                    "total": 142.49925109998475,
                                                    "count": 62505,
                                                    "self": 142.49925109998475
                                                }
                                            }
                                        }
                                    }
                                },
                                "workers": {
                                    "total": 1.603415400037271,
                                    "count": 121584,
                                    "self": 0.0,
                                    "children": {
                                        "worker_root": {
                                            "total": 3031.483773000003,
                                            "count": 121584,