{
    "name": "root",
    "gauges": {
        "2DPlat.Policy.Entropy.mean": {
            "value": 0.9036888480186462,
            "min": 0.6163849830627441,
            "max": 1.0818051099777222,
            "count": 10
        },
        "2DPlat.Policy.Entropy.sum": {
            "value": 45329.03125,
            "min": 30829.111328125,
            "max": 54046.98046875,
            "count": 10
        },
        "2DPlat.Environment.EpisodeLength.mean": {
            "value": 1056.340425531915,
            "min": 23.18771165940977,
            "max": 1056.340425531915,
            "count": 10
        },
        "2DPlat.Environment.EpisodeLength.sum": {
            "value": 49648.0,
            "min": 46937.0,
            "max": 50251.0,
            "count": 10
        },
        "2DPlat.Step.mean": {
            "value": 499964.0,
            "min": 49989.0,
            "max": 499964.0,
            "count": 10
        },
        "2DPlat.Step.sum": {
            "value": 499964.0,
            "min": 49989.0,
            "max": 499964.0,
            "count": 10
        },
        "2DPlat.Policy.ExtrinsicValueEstimate.mean": {
            "value": -0.12687386572360992,
            "min": -5.742019176483154,
            "max": -0.12687386572360992,
            "count": 10
        },
        "2DPlat.Policy.ExtrinsicValueEstimate.sum": {
            "value": -101.87971496582031,
            "min": -8882.9033203125,
            "max": -101.87971496582031,
            "count": 10
        },
        "2DPlat.Environment.CumulativeReward.mean": {
            "value": -1.0,
            "min": -1.0,
            "max": -1.0,
            "count": 10
        },
        "2DPlat.Environment.CumulativeReward.sum": {
            "value": -47.0,
            "min": -2067.0,
            "max": -47.0,
            "count": 10
        },
        "2DPlat.Policy.ExtrinsicReward.mean": {
            "value": -1.0,
            "min": -1.0,
            "max": -1.0,
            "count": 10
        },
        "2DPlat.Policy.ExtrinsicReward.sum": {
            "value": -47.0,
            "min": -2067.0,
            "max": -47.0,
            "count": 10
        },
        "2DPlat.Losses.PolicyLoss.mean": {
            "value": 0.023041816574210925,
            "min": 0.02060709240225454,
            "max": 0.027197704860009254,
            "count": 10
        },
        "2DPlat.Losses.PolicyLoss.sum": {
            "value": 0.11520908287105462,
            "min": 0.08659856061761578,
            "max": 0.12963841116676728,
            "count": 10
        },
        "2DPlat.Losses.ValueLoss.mean": {
            "value": 0.005076180232378344,
            "min": 0.004909183441971739,
            "max": 5.451252246306588,
            "count": 10
        },
        "2DPlat.Losses.ValueLoss.sum": {
            "value": 0.02538090116189172,
            "min": 0.024545917209858693,
            "max": 21.80500898522635,
            "count": 10
        },
        "2DPlat.Policy.LearningRate.mean": {
            "value": 1.6571134476319994e-05,
            "min": 1.6571134476319994e-05,
            "max": 0.0002846055051315,
            "count": 10
        },
        "2DPlat.Policy.LearningRate.sum": {
            "value": 8.285567238159997e-05,
            "min": 8.285567238159997e-05,
            "max": 0.0012845364718212,
            "count": 10
        },
        "2DPlat.Policy.Epsilon.mean": {
            "value": 0.10552368000000004,
            "min": 0.10552368000000004,
            "max": 0.19486850000000003,
            "count": 10
        },
        "2DPlat.Policy.Epsilon.sum": {
            "value": 0.5276184000000002,
            "min": 0.5001462,
            "max": 0.9281787999999999,
            "count": 10
        },
        "2DPlat.Policy.Beta.mean": {
            "value": 0.0002856316319999999,
            "min": 0.0002856316319999999,
            "max": 0.00474393815,
            "count": 10
        },
        "2DPlat.Policy.Beta.sum": {
            "value": 0.0014281581599999995,
            "min": 0.0014281581599999995,
            "max": 0.021416122120000002,
            "count": 10
        },
        "2DPlat.IsTraining.mean": {
            "value": 1.0,
            "min": 1.0,
            "max": 1.0,
            "count": 10
        },
        "2DPlat.IsTraining.sum": {
            "value": 1.0,
            "min": 1.0,
            "max": 1.0,
            "count": 10
        }
    },
    "metadata": {
        "timer_format_version": "0.1.0",
        "start_time_seconds": "1634734724",
        "python_version": "3.9.5 (tags/v3.9.5:0a7dcbd, May  3 2021, 17:27:52) [MSC v.1928 64 bit (AMD64)]",
        "command_line_arguments": "D:\\Uni Work\\CGS\\Level Design Solo Project\\virtualenv\\Scripts\\mlagents-learn --run-id=2DPlatMulti1",
        "mlagents_version": "0.27.0",
        "mlagents_envs_version": "0.27.0",
        "communication_protocol_version": "1.5.0",
        "pytorch_version": "1.7.1+cu110",
        "numpy_version": "1.21.2",
        "end_time_seconds": "1634735917"
    },
    "total": 1192.9427298,
    "count": 1,
    "self": 0.07818899999983842,
    "children": {
        "run_training.setup": {
            "total": 0.2976881999999996,
            "count": 1,
            "self": 0.2976881999999996
        },
        "TrainerController.start_learning": {
            "total": 1192.5668526000002,
            "count": 1,
            "self": 1.3492981999772837,
            "children": {
                "TrainerController._reset_env": {
                    "total": 18.293106499999997,
                    "count": 1,
                    "self": 18.293106499999997
                },
                "TrainerController.advance": {
                    "total": 1172.855141300023,
                    "count": 68480,
                    "self": 1.319597700049826,
                    "children": {
                        "env_step": {
                            "total": 1025.2925235999837,
                            "count": 68480,
                            "self": 803.8451600999821,
                            "children": {
                                "SubprocessEnvManager._take_step": {
                                    "total": 220.572844999987,
                                    "count": 68480,
                                    "self": 3.530006199984058,
                                    "children": {
                                        "TorchPolicy.evaluate": {
                                            "total": 217.04283880000295,
                                            "count": 62538,
                                            "self": 75.69988980001611,
                                            "children": {
                                                "TorchPolicy.sample_actions": {
                                                    "total": 141.34294899998685,
                                                    "count": 62538,
                                                    "self": 141.34294899998685
                                                }
                                            }
                                        }
                                    }
                                },
                                "workers": {
                                    "total": 0.8745185000146023,
                                    "count": 68480,
                                    "self": 0.0,
                                    "children": {
                                        "worker_root": {
                                            "total": 1181.3837036000123,
                                            "count": 68480,
                                            "is_parallel": true,
                                            "self": 455.3010146999885,