{
    "name": "root",
    "gauges": {
        "2DPlat.Policy.Entropy.mean": {
            "value": 1.4189382791519165,
            "min": 1.4189382791519165,
            "max": 1.4189382791519165,
            "count": 1
        },
        "2DPlat.Policy.Entropy.sum": {
            "value": 14285.87109375,
            "min": 14285.87109375,
            "max": 14285.87109375,
            "count": 1
        },
        "2DPlat.Environment.EpisodeLength.mean": {
            "value": 317.3225806451613,
            "min": 317.3225806451613,
            "max": 317.3225806451613,
            "count": 1
        },
        "2DPlat.Environment.EpisodeLength.sum": {
            "value": 9837.0,
            "min": 9837.0,
            "max": 9837.0,
            "count": 1
        },
        "2DPlat.Step.mean": {
            "value": 9968.0,
            "min": 9968.0,
            "max": 9968.0,
            "count": 1
        },
        "2DPlat.Step.sum": {
            "value": 9968.0,
            "min": 9968.0,
            "max": 9968.0,
            "count": 1
        },
        "2DPlat.Policy.ExtrinsicValueEstimate.mean": {
            "value": 7.607233047485352,
            "min": 7.607233047485352,
            "max": 7.607233047485352,
            "count": 1
        },
        "2DPlat.Policy.ExtrinsicValueEstimate.sum": {
            "value": 867.2245483398438,
            "min": 867.2245483398438,
            "max": 867.2245483398438,
            "count": 1
        },
        "2DPlat.Environment.CumulativeReward.mean": {
            "value": -0.9999875777447036,
            "min": -0.9999875777447036,
            "max": -0.9999875777447036,
            "count": 1
        },
        "2DPlat.Environment.CumulativeReward.sum": {
            "value": -30.99961491008581,
            "min": -30.99961491008581,
            "max": -30.99961491008581,
            "count": 1
        },
        "2DPlat.Policy.ExtrinsicReward.mean": {
            "value": -0.9999875777447036,
            "min": -0.9999875777447036,
            "max": -0.9999875777447036,
            "count": 1
        },
        "2DPlat.Policy.ExtrinsicReward.sum": {
            "value": -30.99961491008581,
            "min": -30.99961491008581,
            "max": -30.99961491008581,
            "count": 1
        },
        "2DPlat.IsTraining.mean": {
            "value": 1.0,
            "min": 1.0,
            "max": 1.0,
            "count": 1
        },
        "2DPlat.IsTraining.sum": {
            "value": 1.0,
            "min": 1.0,
            "max": 1.0,
            "count": 1
        }
    },
    "metadata": {
        "timer_format_version": "0.1.0",
        "start_time_seconds": "1632992851",
        "python_version": "3.9.5 (tags/v3.9.5:0a7dcbd, May  3 2021, 17:27:52) [MSC v.1928 64 bit (AMD64)]",
        "command_line_arguments": "D:\\Uni Work\\CGS\\Level Design Solo Project\\virtualenv\\Scripts\\mlagents-learn config/2DPlat.yaml --run-id=2DPlat8",
        "mlagents_version": "0.27.0",
        "mlagents_envs_version": "0.27.0",
        "communication_protocol_version": "1.5.0",
        "pytorch_version": "1.7.1+cu110",
        "numpy_version": "1.21.2",
        "end_time_seconds": "1632993165"
    },
    "total": 313.8279782,
    "count": 1,
    "self": 0.006219000000044161,
    "children": {
        "run_training.setup": {
            "total": 0.09362209999999993,
            "count": 1,
            "self": 0.09362209999999993
        },
        "TrainerController.start_learning": {
            "total": 313.72813709999997,
            "count": 1,
            "self": 0.35975029999895014,
            "children": {
                "TrainerController._reset_env": {
                    "total": 12.4605753,
                    "count": 1,
                    "self": 12.4605753
                },
                "TrainerController.advance": {
                    "total": 300.825149400001,
                    "count": 19175,
                    "self": 0.3444031000020118,
                    "children": {
                        "env_step": {
                            "total": 289.4170265000002,
                            "count": 19175,
                            "self": 252.05108420000246,
                            "children": {
                                "SubprocessEnvManager._take_step": {
                                    "total": 37.15128729999796,
                                    "count": 19175,
                                    "self": 1.1053932999982479,
                                    "children": {
                                        "TorchPolicy.evaluate": {
                                            "total": 36.04589399999971,
                                            "count": 19142,
                                            "self": 16.110773199997226,
                                            "children": {
                                                "TorchPolicy.sample_actions": {
                                                    "total": 19.935120800002487,
                                                    "count": 19142,
                                                    "self": 19.935120800002487
                                                }
                                            }
                                        }
                                    }
                                },
                                "workers": {
                                    "total": 0.214654999999766,
                                    "count": 19174,
                                    "self": 0.0,
                                    "children": {
                                        "worker_root": {
                                            "total": 301.90422970000014,
                                            "count": 19174,
                                            "is_parallel": true,
                                            "self": 66.55561849999924,
                                            "children": {
                                                "steps_from_proto": {
                                                    "total": 0.00023320000000026653,
                                                    "count": 1,
                                                    "is_parallel": true,
                                                    "self": 0.00011000000000116472,
                                                    "children": {
                                                        "_process_rank_one_or_two_observation": {
                                                            "total": 0.0001231999999991018,
                                                            "count": 2,
                                                            "is_parallel": true,
                                                            "self": 0.0001231999999991018
                                                        }
                                                    }
                                                },
                                                "UnityEnvironment.step": {
                                                    "total": 235.3483780000009,
                                                    "count": 19174,
                                                    "is_parallel": true,
                                                    "self": 1.3721459000006746,
                                                    "children": {
                                                        "UnityEnvironment._generate_step_input": {
                                                            "total": 1.1841837000003537,
                                                            "count": 19174,
                                                            "is_parallel": true,