{
    "name": "root",
    "gauges": {
        "2DPlat.Policy.Entropy.mean": {
            "value": 1.6749919652938843,
            "min": 1.6749919652938843,
            "max": 1.7824548482894897,
            "count": 25
        },
        "2DPlat.Policy.Entropy.sum": {
            "value": 16845.39453125,
            "min": 16845.39453125,
            "max": 17844.611328125,
            "count": 25
        },
        "2DPlat.Step.mean": {
            "value": 249993.0,
            "min": 9982.0,
            "max": 249993.0,
            "count": 25
        },
        "2DPlat.Step.sum": {
            "value": 249993.0,
            "min": 9982.0,
            "max": 249993.0,
            "count": 25
        },
        "2DPlat.Policy.ExtrinsicValueEstimate.mean": {
            "value": 0.09850335866212845,
            "min": -0.08946363627910614,
            "max": 0.15063466131687164,
            "count": 25
        },
        "2DPlat.Policy.ExtrinsicValueEstimate.sum": {
            "value": 23.739309310913086,
            "min": -20.934490203857422,
            "max": 33.28133773803711,
            "count": 25
        },
        "2DPlat.Environment.EpisodeLength.mean": {
            "value": 65.62,
            "min": 56.15340909090909,
            "max": 82.75,
            "count": 25
        },
        "2DPlat.Environment.EpisodeLength.sum": {
            "value": 9843.0,
            "min": 9617.0,
            "max": 10027.0,
            "count": 25
        },
        "2DPlat.Environment.CumulativeReward.mean": {
            "value": 0.2847682119205298,
            "min": 0.007246376811594203,
            "max": 0.34962406015037595,
            "count": 25
        },
        "2DPlat.Environment.CumulativeReward.sum": {
            "value": 43.0,
            "min": 1.0,
            "max": 47.5,
            "count": 25
        },
        "2DPlat.Policy.ExtrinsicReward.mean": {
            "value": 0.2847682119205298,
            "min": 0.007246376811594203,
            "max": 0.34962406015037595,
            "count": 25
        },
        "2DPlat.Policy.ExtrinsicReward.sum": {
            "value": 43.0,
            "min": 1.0,
            "max": 47.5,
            "count": 25
        },
        "2DPlat.Losses.PolicyLoss.mean": {
            "value": 0.598458810573599,
            "min": 0.4969583652594175,
            "max": 0.6810427217511461,
            "count": 25
        },
        "2DPlat.Losses.PolicyLoss.sum": {
            "value": 8.378423348030385,
            "min": 6.460458748372427,
            "max": 10.215640826267192,
            "count": 25
        },
        "2DPlat.Losses.ValueLoss.mean": {
            "value": 0.11818912816273129,
            "min": 0.09043206412842407,
            "max": 0.13743674382949897,
            "count": 25
        },
        "2DPlat.Losses.ValueLoss.sum": {
            "value": 1.654647794278238,
            "min": 1.175616833669513,
            "max": 2.0615511574424845,
            "count": 25
        },
        "2DPlat.Policy.LearningRate.mean": {
            "value": 0.00029265537244821,
            "min": 0.00029265537244821,
            "max": 0.0002998508423574115,
            "count": 25
        },
        "2DPlat.Policy.LearningRate.sum": {
            "value": 0.00409717521427494,
            "min": 0.0038240195353268294,
            "max": 0.0044707098097634,
            "count": 25
        },
        "2DPlat.Policy.Epsilon.mean": {
            "value": 0.19755179000000003,
            "min": 0.19755179000000003,
            "max": 0.1999502807692308,
            "count": 25
        },
        "2DPlat.Policy.Epsilon.sum": {
            "value": 2.7657250600000003,
            "min": 2.57467317,
            "max": 2.9902366,
            "count": 25
        },
        "2DPlat.Policy.Beta.mean": {
            "value": 0.029265781821,
            "min": 0.029265781821,
            "max": 0.029985089202692307,
            "count": 25
        },
        "2DPlat.Policy.Beta.sum": {
            "value": 0.40972094549399996,
            "min": 0.38240448368299995,
            "max": 0.44707195633999997,
            "count": 25
        },
        "2DPlat.IsTraining.mean": {
            "value": 1.0,
            "min": 1.0,
            "max": 1.0,
            "count": 25
        },
        "2DPlat.IsTraining.sum": {
            "value": 1.0,
            "min": 1.0,
            "max": 1.0,
            "count": 25
        }
    },
    "metadata": {
        "timer_format_version": "0.1.0",
        "start_time_seconds": "1633222438",
        "python_version": "3.9.5 (tags/v3.9.5:0a7dcbd, May  3 2021, 17:27:52) [MSC v.1928 64 bit (AMD64)]",
        "command_line_arguments": "D:\\Uni Work\\CGS\\Level Design Solo Project\\virtualenv\\Scripts\\mlagents-learn config/2DPlat2.yaml --run-id=2DPlat18",
        "mlagents_version": "0.27.0",
        "mlagents_envs_version": "0.27.0",
        "communication_protocol_version": "1.5.0",
        "pytorch_version": "1.7.1+cu110",
        "numpy_version": "1.21.2",
        "end_time_seconds": "1633226710"
    },
    "total": 4272.1487877,
    "count": 1,
    "self": 0.005295200000546174,
    "children": {
        "run_training.setup": {
            "total": 0.09691929999999993,
            "count": 1,
            "self": 0.09691929999999993
        },
        "TrainerController.start_learning": {
            "total": 4272.046573199999,
            "count": 1,
            "self": 5.080912899925352,
            "children": {
                "TrainerController._reset_env": {
                    "total": 6.373740300000001,
                    "count": 1,
                    "self": 6.373740300000001
                },
                "TrainerController.advance": {
                    "total": 4258.957188000074,
                    "count": 254283,
                    "self": 4.70706270007031,
                    "children": {
                        "env_step": {
                            "total": 4049.8729619000583,
                            "count": 254283,
                            "self": 2994.2253138998162,
                            "children": {
                                "SubprocessEnvManager._take_step": {
                                    "total": 1052.380962100199,
                                    "count": 254283,
                                    "self": 16.622449500289804,
                                    "children": {
                                        "TorchPolicy.evaluate": {
                                            "total": 1035.7585125999092,
                                            "count": 251111,
                                            "self": 338.9748410999937,
                                            "children": {
                                                "TorchPolicy.sample_actions": {
                                                    "total": 696.7836714999155,
                                                    "count": 251111,
                                                    "self": 696.7836714999155
                                                }
                                            }
                                        }
                                    }
                                },
                                "workers": {
                                    "total": 3.266685900042953,
                                    "count": 254282,
                                    "self": 0.0,
                                    "children": {
                                        "worker_root": {
                                            "total": 4258.872966200163,
                                            "count": 254282,
                                            "is_parallel": true,
                                            "self": 1520.1537107001755,