{
    "name": "root",
    "gauges": {
        "2DPlat.Policy.Entropy.mean": {
            "value": 1.7643178701400757,
            "min": 1.7632334232330322,
            "max": 1.7917524576187134,
            "count": 10
        },
        "2DPlat.Policy.Entropy.sum": {
            "value": 8699.8515625,
            "min": 8699.8515625,
            "max": 9071.6171875,
            "count": 10
        },
        "2DPlat.Environment.EpisodeLength.mean": {
            "value": 1176.0,
            "min": 209.95833333333334,
            "max": 1176.0,
            "count": 10
        },
        "2DPlat.Environment.EpisodeLength.sum": {
            "value": 3528.0,
            "min": 3528.0,
            "max": 5968.0,
            "count": 10
        },
        "2DPlat.Step.mean": {
            "value": 49921.0,
            "min": 4971.0,
            "max": 49921.0,
            "count": 10
        },
        "2DPlat.Step.sum": {
            "value": 49921.0,
            "min": 4971.0,
            "max": 49921.0,
            "count": 10
        },
        "2DPlat.Policy.ExtrinsicValueEstimate.mean": {
            "value": -0.03965196758508682,
            "min": -1.3822962045669556,
            "max": -0.038221459835767746,
            "count": 10
        },
        "2DPlat.Policy.ExtrinsicValueEstimate.sum": {
            "value": -1.9825984239578247,
            "min": -83.83368682861328,
            "max": -1.9825984239578247,
            "count": 10
        },
        "2DPlat.Environment.CumulativeReward.mean": {
            "value": -1.0,
            "min": -1.0,
            "max": -0.4,
            "count": 10
        },
        "2DPlat.Environment.CumulativeReward.sum": {
            "value": -3.0,
            "min": -21.5,
            "max": -2.0,
            "count": 10
        },
        "2DPlat.Policy.ExtrinsicReward.mean": {
            "value": -1.0,
            "min": -1.0,
            "max": -0.4,
            "count": 10
        },
        "2DPlat.Policy.ExtrinsicReward.sum": {
            "value": -3.0,
            "min": -21.5,
            "max": -2.0,
            "count": 10
        },
        "2DPlat.IsTraining.mean": {
            "value": 1.0,
            "min": 1.0,
            "max": 1.0,
            "count": 10
        },
        "2DPlat.IsTraining.sum": {
            "value": 1.0,
            "min": 1.0,
            "max": 1.0,
            "count": 10
        },
        "2DPlat.Losses.PolicyLoss.mean": {
            "value": 0.05147247067533242,
            "min": 0.04918992609645312,
            "max": 0.05320353397908501,
            "count": 4
        },
        "2DPlat.Losses.PolicyLoss.sum": {
            "value": 0.05147247067533242,
            "min": 0.04918992609645312,
            "max": 0.05320353397908501,
            "count": 4
        },
        "2DPlat.Losses.ValueLoss.mean": {
            "value": 0.005771091107864124,
            "min": 0.005771091107864124,
            "max": 0.03707160127755159,
            "count": 4
        },
        "2DPlat.Losses.ValueLoss.sum": {
            "value": 0.005771091107864124,
            "min": 0.005771091107864124,
            "max": 0.03707160127755159,
            "count": 4
        },
        "2DPlat.Policy.LearningRate.mean": {
            "value": 5.892608035800002e-05,
            "min": 5.892608035800002e-05,
            "max": 0.00023946002018000002,
            "count": 4
        },
        "2DPlat.Policy.LearningRate.sum": {
            "value": 5.892608035800002e-05,
            "min": 5.892608035800002e-05,
            "max": 0.00023946002018000002,
            "count": 4
        },
        "2DPlat.Policy.Epsilon.mean": {
            "value": 0.11964200000000001,
            "min": 0.11964200000000001,
            "max": 0.17982000000000004,
            "count": 4
        },
        "2DPlat.Policy.Epsilon.sum": {
            "value": 0.11964200000000001,
            "min": 0.11964200000000001,
            "max": 0.17982000000000004,
            "count": 4
        },
        "2DPlat.Policy.Beta.mean": {
            "value": 0.00020445579999999998,
            "min": 0.00020445579999999998,
            "max": 0.0008002180000000001,
            "count": 4
        },
        "2DPlat.Policy.Beta.sum": {
            "value": 0.00020445579999999998,
            "min": 0.00020445579999999998,
            "max": 0.0008002180000000001,
            "count": 4
        }
    },
    "metadata": {
        "timer_format_version": "0.1.0",
        "start_time_seconds": "1633648388",
        "python_version": "3.9.5 (tags/v3.9.5:0a7dcbd, May  3 2021, 17:27:52) [MSC v.1928 64 bit (AMD64)]",
        "command_line_arguments": "D:\\Uni Work\\CGS\\Level Design Solo Project\\virtualenv\\Scripts\\mlagents-learn config/2DPlat.yaml --run-id=2DPlatNew6",
        "mlagents_version": "0.27.0",
        "mlagents_envs_version": "0.27.0",
        "communication_protocol_version": "1.5.0",
        "pytorch_version": "1.7.1+cu110",
        "numpy_version": "1.21.2",
        "end_time_seconds": "1633648850"
    },
    "total": 461.7744401,
    "count": 1,
    "self": 0.006850599999950191,
    "children": {
        "run_training.setup": {
            "total": 0.09310469999999993,
            "count": 1,
            "self": 0.09310469999999993
        },
        "TrainerController.start_learning": {
            "total": 461.6744848,
            "count": 1,
            "self": 0.8395257999944761,
            "children": {
                "TrainerController._reset_env": {
                    "total": 13.7622364,
                    "count": 1,
                    "self": 13.7622364
                },
                "TrainerController.advance": {
                    "total": 446.9900799000055,
                    "count": 50128,
                    "self": 0.8130847999967727,
                    "children": {
                        "env_step": {
                            "total": 423.2415923000032,
                            "count": 50128,
                            "self": 255.27751790000082,
                            "children": {
                                "SubprocessEnvManager._take_step": {
                                    "total": 167.42713980000332,
                                    "count": 50128,
                                    "self": 2.337135700005007,
                                    "children": {
                                        "TorchPolicy.evaluate": {
                                            "total": 165.0900040999983,
                                            "count": 50021,
                                            "self": 53.793486599992846,
                                            "children": {
                                                "TorchPolicy.sample_actions": {
                                                    "total": 111.29651750000546,
                                                    "count": 50021,
                                                    "self": 111.29651750000546
                                                }
                                            }
                                        }
                                    }
                                },
                                "workers": {
                                    "total": 0.5369345999990838,
                                    "count": 50128,
                                    "self": 0.0,
                                    "children": {
                                        "worker_root": {
                                            "total": 447.7815230999948,
                                            "count": 50128,
                                            "is_parallel": true,
                                            "self": 233.67284249999327,