{
    "name": "root",
    "gauges": {
        "2DPlat.Policy.Entropy.mean": {
            "value": 2.4300570657942444e-06,
            "min": 2.4263065370178083e-06,
            "max": 0.000877672282513231,
            "count": 20
        },
        "2DPlat.Policy.Entropy.sum": {
            "value": 0.12163893133401871,
            "min": 0.12117945402860641,
            "max": 43.83446502685547,
            "count": 20
        },
        "2DPlat.Environment.EpisodeLength.mean": {
            "value": 13.285388127853881,
            "min": 13.278538812785389,
            "max": 13.28604118993135,
            "count": 20
        },
        "2DPlat.Environment.EpisodeLength.sum": {
            "value": 46552.0,
            "min": 46448.0,
            "max": 46552.0,
            "count": 20
        },
        "2DPlat.Step.mean": {
            "value": 999990.0,
            "min": 49990.0,
            "max": 999990.0,
            "count": 20
        },
        "2DPlat.Step.sum": {
            "value": 999990.0,
            "min": 49990.0,
            "max": 999990.0,
            "count": 20
        },
        "2DPlat.Policy.ExtrinsicValueEstimate.mean": {
            "value": 0.5435930490493774,
            "min": 0.5101023316383362,
            "max": 0.5597862601280212,
            "count": 20
        },
        "2DPlat.Policy.ExtrinsicValueEstimate.sum": {
            "value": 1902.57568359375,
            "min": 1785.358154296875,
            "max": 1959.251953125,
            "count": 20
        },
        "2DPlat.Environment.CumulativeReward.mean": {
            "value": 1.0,
            "min": 0.9954298771779492,
            "max": 1.0,
            "count": 20
        },
        "2DPlat.Environment.CumulativeReward.sum": {
            "value": 3500.0,
            "min": 3485.0,
            "max": 3500.0,
            "count": 20
        },
        "2DPlat.Policy.ExtrinsicReward.mean": {
            "value": 1.0,
            "min": 0.9954298771779492,
            "max": 1.0,
            "count": 20
        },
        "2DPlat.Policy.ExtrinsicReward.sum": {
            "value": 3500.0,
            "min": 3485.0,
            "max": 3500.0,
            "count": 20
        },
        "2DPlat.Losses.PolicyLoss.mean": {
            "value": 0.051429115243566526,
            "min": 0.04682534613413736,
            "max": 0.05394475119343649,
            "count": 20
        },
        "2DPlat.Losses.PolicyLoss.sum": {
            "value": 0.2571455762178326,
            "min": 0.1971604458366831,
            "max": 0.2571455762178326,
            "count": 20
        },
        "2DPlat.Losses.ValueLoss.mean": {
            "value": 0.001156256880494766,
            "min": 0.001156256880494766,
            "max": 0.9259312157514311,
            "count": 20
        },
        "2DPlat.Losses.ValueLoss.sum": {
            "value": 0.00578128440247383,
            "min": 0.00578128440247383,
            "max": 3.7037248630057245,
            "count": 20
        },
        "2DPlat.Policy.LearningRate.mean": {
            "value": 2.288417711679999e-06,
            "min": 2.288417711679999e-06,
            "max": 9.743100256899998e-05,
            "count": 20
        },
        "2DPlat.Policy.LearningRate.sum": {
            "value": 1.1442088558399995e-05,
            "min": 1.1442088558399995e-05,
            "max": 0.0004640128359872,
            "count": 20
        },
        "2DPlat.Policy.Epsilon.mean": {
            "value": 0.10228831999999999,
            "min": 0.10228831999999999,
            "max": 0.19743100000000002,
            "count": 20
        },
        "2DPlat.Policy.Epsilon.sum": {
            "value": 0.5114415999999999,
            "min": 0.5099528,
            "max": 0.9640128,
            "count": 20
        },
        "2DPlat.Policy.Beta.mean": {
            "value": 3.2654367999999996e-05,
            "min": 3.2654367999999996e-05,
            "max": 0.0009745669000000003,
            "count": 20
        },
        "2DPlat.Policy.Beta.sum": {
            "value": 0.00016327184,
            "min": 0.00016327184,
            "max": 0.0046437267200000005,
            "count": 20
        },
        "2DPlat.IsTraining.mean": {
            "value": 1.0,
            "min": 1.0,
            "max": 1.0,
            "count": 20
        },
        "2DPlat.IsTraining.sum": {
            "value": 1.0,
            "min": 1.0,
            "max": 1.0,
            "count": 20
        }
    },
    "metadata": {
        "timer_format_version": "0.1.0",
        "start_time_seconds": "1636585842",
        "python_version": "3.9.5 (tags/v3.9.5:0a7dcbd, May  3 2021, 17:27:52) [MSC v.1928 64 bit (AMD64)]",
        "command_line_arguments": "D:\\Uni Work\\CGS\\Level Design Solo Project\\virtualenv\\Scripts\\mlagents-learn config/2DPlat.yaml --initialize-from=2DPlatNovemConfig3Blocks-36FIRSTFRESH --run-id=2DPlatNovemConfigGap3Wide-37-35FIRSTFRESH",
        "mlagents_version": "0.27.0",
        "mlagents_envs_version": "0.27.0",
        "communication_protocol_version": "1.5.0",
        "pytorch_version": "1.7.1+cu110",
        "numpy_version": "1.21.2",
        "end_time_seconds": "1636589720"
    },
    "total": 3878.3830356000003,
    "count": 1,
    "self": 0.4582107000005635,
    "children": {
        "run_training.setup": {
            "total": 0.14056390000000007,
            "count": 1,
            "self": 0.14056390000000007
        },
        "TrainerController.start_learning": {
            "total": 3877.784261,
            "count": 1,
            "self": 2.656299999987368,
            "children": {
                "TrainerController._reset_env": {
                    "total": 37.160316,
                    "count": 1,
                    "self": 37.160316
                },
                "TrainerController.advance": {
                    "total": 3837.894675700012,
                    "count": 132511,
                    "self": 2.635828399997081,
                    "children": {
                        "env_step": {
                            "total": 3361.8279033999906,
                            "count": 132511,
                            "self": 2907.7075059000836,
                            "children": {
                                "SubprocessEnvManager._take_step": {
                                    "total": 452.4053064999103,
                                    "count": 132511,
                                    "self": 7.476922999875001,
                                    "children": {
                                        "TorchPolicy.evaluate": {
                                            "total": 444.9283835000353,
                                            "count": 125011,
                                            "self": 153.50255080011863,
                                            "children": {
                                                "TorchPolicy.sample_actions": {
                                                    "total": 291.42583269991667,
                                                    "count": 125011,
                                                    "self": 291.42583269991667
                                                }
                                            }
                                        }
                                    }
                                },
                                "workers": {
                                    "total": 1.7150909999966402,
                                    "count": 132511,
                                    "self": 0.0,
                                    "children": {
                                        "worker_root": {
                                            "total": 3846.6091991999633,
                                            "count": 132511,
                                            "is_parallel": true,
                                            "self": 1096.8771319998882,