{
    "name": "root",
    "metadata": {
        "timer_format_version": "0.1.0",
        "start_time_seconds": "1632995141",
        "python_version": "3.9.5 (tags/v3.9.5:0a7dcbd, May  3 2021, 17:27:52) [MSC v.1928 64 bit (AMD64)]",
        "command_line_arguments": "D:\\Uni Work\\CGS\\Level Design Solo Project\\virtualenv\\Scripts\\mlagents-learn config/2DPlat.yaml --run-id=2DPlat11",
        "mlagents_version": "0.27.0",
        "mlagents_envs_version": "0.27.0",
        "communication_protocol_version": "1.5.0",
        "pytorch_version": "1.7.1+cu110",
        "numpy_version": "1.21.2",
        "end_time_seconds": "1632995165"
    },
    "total": 24.443305199999998,
    "count": 1,
    "self": 0.005127299999994506,
    "children": {
        "run_training.setup": {
            "total": 0.09487029999999996,
            "count": 1,
            "self": 0.09487029999999996
        },
        "TrainerController.start_learning": {
            "total": 24.343307600000003,
            "count": 1,
            "self": 0.018984400000011448,
            "children": {
                "TrainerController._reset_env": {
                    "total": 5.4560836,
                    "count": 1,
                    "self": 5.4560836
                },
                "TrainerController.advance": {
                    "total": 18.77352159999999,
                    "count": 1176,
                    "self": 0.019088599999964373,
                    "children": {
                        "env_step": {
                            "total": 18.574741800000076,
                            "count": 1176,
                            "self": 14.5153988000001,
                            "children": {
                                "SubprocessEnvManager._take_step": {
                                    "total": 4.047879199999955,
                                    "count": 1176,
                                    "self": 0.05886489999997657,
                                    "children": {
                                        "TorchPolicy.evaluate": {
                                            "total": 3.9890142999999787,
                                            "count": 1134,
                                            "self": 1.1615079000000028,
                                            "children": {
                                                "TorchPolicy.sample_actions": {
                                                    "total": 2.827506399999976,
                                                    "count": 1134,
                                                    "self": 2.827506399999976
                                                }
                                            }
                                        }
                                    }
                                },
                                "workers": {
                                    "total": 0.011463800000020896,
                                    "count": 1175,
                                    "self": 0.0,
                                    "children": {
                                        "worker_root": {
                                            "total": 19.93865940000008,
                                            "count": 1175,
                                            "is_parallel": true,
                                            "self": 6.409587800000089,
                                            "children": {
                                                "steps_from_proto": {
                                                    "total": 0.00031849999999966627,
                                                    "count": 1,
                                                    "is_parallel": true,
                                                    "self": 0.00018920000000033355,
                                                    "children": {
                                                        "_process_rank_one_or_two_observation": {
                                                            "total": 0.00012929999999933273,
                                                            "count": 2,
                                                            "is_parallel": true,
                                                            "self": 0.00012929999999933273
                                                        }
                                                    }
                                                },
                                                "UnityEnvironment.step": {
                                                    "total": 13.528753099999992,
                                                    "count": 1175,
                                                    "is_parallel": true,
                                                    "self": 0.07658129999988894,
                                                    "children": {
                                                        "UnityEnvironment._generate_step_input": {
                                                            "total": 0.0677317999999758,
                                                            "count": 1175,
                                                            "is_parallel": true,
                                                            "self": 0.0677317999999758
                                                        },
                                                        "communicator.exchange": {
                                                            "total": 13.103395400000075,
                                                            "count": 1175,
                                                            "is_parallel": true,
                                                            "self": 13.103395400000075
                                                        },
                                                        "steps_from_proto": {
                                                            "total": 0.2810446000000528,
                                                            "count": 1175,
                                                            "is_parallel": true,
                                                            "self": 0.18178280000021818,
                                                            "children": {
                                                                "_process_rank_one_or_two_observation": {
                                                                    "total": 0.09926179999983464,
                                                                    "count": 2350,
                                                                    "is_parallel": true,
                                                                    "self": 0.09926179999983464
                                                                }
                                                            }
                                                        }
                                                    }
                                                }
                                            }
                                        }
                                    }
                                }
                            }
                        },
                        "trainer_advance": {
                            "total": 0.17969119999995087,
                            "count": 1175,
                            "self": 0.022942299999952454,
                            "children": {
                                "process_trajectory": {
                                    "total": 0.15674889999999841,
                                    "count": 1175,