{
    "name": "root",
    "gauges": {
        "2DPlat.Policy.Entropy.mean": {
            "value": -2.372754011048528e-07,
            "min": -2.3727602638246026e-07,
            "max": 0.00020619881979655474,
            "count": 20
        },
        "2DPlat.Policy.Entropy.sum": {
            "value": -0.011877057142555714,
            "min": -0.01187708880752325,
            "max": 10.298394203186035,
            "count": 20
        },
        "2DPlat.Environment.EpisodeLength.mean": {
            "value": 13.285388127853881,
            "min": 13.278538812785389,
            "max": 13.28604118993135,
            "count": 20
        },
        "2DPlat.Environment.EpisodeLength.sum": {
            "value": 46552.0,
            "min": 46436.0,
            "max": 46552.0,
            "count": 20
        },
        "2DPlat.Step.mean": {
            "value": 999992.0,
            "min": 49990.0,
            "max": 999992.0,
            "count": 20
        },
        "2DPlat.Step.sum": {
            "value": 999992.0,
            "min": 49990.0,
            "max": 999992.0,
            "count": 20
        },
        "2DPlat.Policy.ExtrinsicValueEstimate.mean": {
            "value": 0.5446563959121704,
            "min": 0.5230012536048889,
            "max": 0.5877242684364319,
            "count": 20
        },
        "2DPlat.Policy.ExtrinsicValueEstimate.sum": {
            "value": 1906.2974853515625,
            "min": 1831.02734375,
            "max": 2057.034912109375,
            "count": 20
        },
        "2DPlat.Environment.CumulativeReward.mean": {
            "value": 1.0,
            "min": 0.9954298771779492,
            "max": 1.0,
            "count": 20
        },
        "2DPlat.Environment.CumulativeReward.sum": {
            "value": 3500.0,
            "min": 3485.0,
            "max": 3500.0,
            "count": 20
        },
        "2DPlat.Policy.ExtrinsicReward.mean": {
            "value": 1.0,
            "min": 0.9954298771779492,
            "max": 1.0,
            "count": 20
        },
        "2DPlat.Policy.ExtrinsicReward.sum": {
            "value": 3500.0,
            "min": 3485.0,
            "max": 3500.0,
            "count": 20
        },
        "2DPlat.Losses.PolicyLoss.mean": {
            "value": 0.04945970149322723,
            "min": 0.04638787053835889,
            "max": 0.05096361284687494,
            "count": 20
        },
        "2DPlat.Losses.PolicyLoss.sum": {
            "value": 0.24729850746613616,
            "min": 0.18956975589001862,
            "max": 0.2548180642343747,
            "count": 20
        },
        "2DPlat.Losses.ValueLoss.mean": {
            "value": 0.0011804365315280544,
            "min": 0.0011804365315280544,
            "max": 1.0793233882107114,
            "count": 20
        },
        "2DPlat.Losses.ValueLoss.sum": {
            "value": 0.005902182657640272,
            "min": 0.005902182657640272,
            "max": 4.3172935528428455,
            "count": 20
        },
        "2DPlat.Policy.LearningRate.mean": {
            "value": 2.289617710479998e-06,
            "min": 2.289617710479998e-06,
            "max": 9.743100256899998e-05,
            "count": 20
        },
        "2DPlat.Policy.LearningRate.sum": {
            "value": 1.144808855239999e-05,
            "min": 1.144808855239999e-05,
            "max": 0.0004640128359872,
            "count": 20
        },
        "2DPlat.Policy.Epsilon.mean": {
            "value": 0.10228951999999998,
            "min": 0.10228951999999998,
            "max": 0.19743100000000002,
            "count": 20
        },
        "2DPlat.Policy.Epsilon.sum": {
            "value": 0.5114475999999999,
            "min": 0.5099575999999999,
            "max": 0.9640128,
            "count": 20
        },
        "2DPlat.Policy.Beta.mean": {
            "value": 3.266624799999999e-05,
            "min": 3.266624799999999e-05,
            "max": 0.0009745669000000003,
            "count": 20
        },
        "2DPlat.Policy.Beta.sum": {
            "value": 0.00016333123999999992,
            "min": 0.00016333123999999992,
            "max": 0.0046437267200000005,
            "count": 20
        },
        "2DPlat.IsTraining.mean": {
            "value": 1.0,
            "min": 1.0,
            "max": 1.0,
            "count": 20
        },
        "2DPlat.IsTraining.sum": {
            "value": 1.0,
            "min": 1.0,
            "max": 1.0,
            "count": 20
        }
    },
    "metadata": {
        "timer_format_version": "0.1.0",
        "start_time_seconds": "1636593170",
        "python_version": "3.9.5 (tags/v3.9.5:0a7dcbd, May  3 2021, 17:27:52) [MSC v.1928 64 bit (AMD64)]",
        "command_line_arguments": "D:\\Uni Work\\CGS\\Level Design Solo Project\\virtualenv\\Scripts\\mlagents-learn config/2DPlat.yaml --initialize-from=2DPlatNovemConfig3Blocks-36FIRSTFRESH --run-id=2DPlatNovemConfigGap3Wide-37-35SECONDFRESHDOOVER",
        "mlagents_version": "0.27.0",
        "mlagents_envs_version": "0.27.0",
        "communication_protocol_version": "1.5.0",
        "pytorch_version": "1.7.1+cu110",
        "numpy_version": "1.21.2",
        "end_time_seconds": "1636596920"
    },
    "total": 3750.2822551,
    "count": 1,
    "self": 0.1322556000000077,
    "children": {
        "run_training.setup": {
            "total": 0.20663370000000025,
            "count": 1,
            "self": 0.20663370000000025
        },
        "TrainerController.start_learning": {
            "total": 3749.9433658,
            "count": 1,
            "self": 2.702406800052813,
            "children": {
                "TrainerController._reset_env": {
                    "total": 10.3906103,
                    "count": 1,
                    "self": 10.3906103
                },
                "TrainerController.advance": {
                    "total": 3736.7738235999473,
                    "count": 137471,
                    "self": 2.7651508999920225,
                    "children": {
                        "env_step": {
                            "total": 3270.0025373000003,
                            "count": 137471,
                            "self": 2818.020744699952,
                            "children": {
                                "SubprocessEnvManager._take_step": {
                                    "total": 450.21570920004797,
                                    "count": 137471,
                                    "self": 7.1592208001084146,
                                    "children": {
                                        "TorchPolicy.evaluate": {
                                            "total": 443.05648839993955,
                                            "count": 125011,
                                            "self": 157.4047520999266,
                                            "children": {
                                                "TorchPolicy.sample_actions": {
                                                    "total": 285.65173630001294,
                                                    "count": 125011,
                                                    "self": 285.65173630001294
                                                }
                                            }
                                        }
                                    }
                                },
                                "workers": {
                                    "total": 1.7660834000002108,
                                    "count": 137471,
                                    "self": 0.0,
                                    "children": {
                                        "worker_root": {
                                            "total": 3737.503941899958,
                                            "count": 137471,
                                            "is_parallel": true,