{
    "name": "root",
    "metadata": {
        "timer_format_version": "0.1.0",
        "start_time_seconds": "1633689924",
        "python_version": "3.9.5 (tags/v3.9.5:0a7dcbd, May  3 2021, 17:27:52) [MSC v.1928 64 bit (AMD64)]",
        "command_line_arguments": "D:\\Uni Work\\CGS\\Level Design Solo Project\\virtualenv\\Scripts\\mlagents-learn --run-id=2DPlatDefault1",
        "mlagents_version": "0.27.0",
        "mlagents_envs_version": "0.27.0",
        "communication_protocol_version": "1.5.0",
        "pytorch_version": "1.7.1+cu110",
        "numpy_version": "1.21.2",
        "end_time_seconds": "1633690142"
    },
    "total": 218.3019196,
    "count": 1,
    "self": 0.02784949999997366,
    "children": {
        "run_training.setup": {
            "total": 0.1421196000000009,
            "count": 1,
            "self": 0.1421196000000009
        },
        "TrainerController.start_learning": {
            "total": 218.13195050000002,
            "count": 1,
            "self": 0.21888660000001892,
            "children": {
                "TrainerController._reset_env": {
                    "total": 23.5675306,
                    "count": 1,
                    "self": 23.5675306
                },
                "TrainerController.advance": {
                    "total": 192.9523951,
                    "count": 9977,
                    "self": 0.21227189999780194,
                    "children": {
                        "env_step": {
                            "total": 189.6556772000003,
                            "count": 9977,
                            "self": 142.94767210000253,
                            "children": {
                                "SubprocessEnvManager._take_step": {
                                    "total": 46.57358359999878,
                                    "count": 9977,
                                    "self": 0.585047999999361,
                                    "children": {
                                        "TorchPolicy.evaluate": {
                                            "total": 45.988535599999416,
                                            "count": 9401,
                                            "self": 15.870562699998516,
                                            "children": {
                                                "TorchPolicy.sample_actions": {
                                                    "total": 30.1179729000009,
                                                    "count": 9401,
                                                    "self": 30.1179729000009
                                                }
                                            }
                                        }
                                    }
                                },
                                "workers": {
                                    "total": 0.1344214999989788,
                                    "count": 9976,
                                    "self": 0.0,
                                    "children": {
                                        "worker_root": {
                                            "total": 205.83541990000063,
                                            "count": 9976,
                                            "is_parallel": true,
                                            "self": 73.7559993000001,
                                            "children": {
                                                "steps_from_proto": {
                                                    "total": 0.05494589999999988,
                                                    "count": 1,
                                                    "is_parallel": true,
                                                    "self": 0.0006289999999999907,
                                                    "children": {
                                                        "_process_rank_one_or_two_observation": {
                                                            "total": 0.05431689999999989,
                                                            "count": 4,
                                                            "is_parallel": true,
                                                            "self": 0.05431689999999989
                                                        }
                                                    }
                                                },
                                                "UnityEnvironment.step": {
                                                    "total": 132.02447470000052,
                                                    "count": 9976,
                                                    "is_parallel": true,
                                                    "self": 0.9234096000010652,
                                                    "children": {
                                                        "UnityEnvironment._generate_step_input": {
                                                            "total": 0.6975256999996269,
                                                            "count": 9976,
                                                            "is_parallel": true,
                                                            "self": 0.6975256999996269
                                                        },
                                                        "communicator.exchange": {
                                                            "total": 126.60116849999952,
                                                            "count": 9976,
                                                            "is_parallel": true,
                                                            "self": 126.60116849999952
                                                        },
                                                        "steps_from_proto": {
                                                            "total": 3.8023709000003265,
                                                            "count": 9976,
                                                            "is_parallel": true,
                                                            "self": 2.128974000001101,
                                                            "children": {
                                                                "_process_rank_one_or_two_observation": {
                                                                    "total": 1.6733968999992257,
                                                                    "count": 39904,
                                                                    "is_parallel": true,
                                                                    "self": 1.6733968999992257
                                                                }
                                                            }
                                                        }
                                                    }
                                                }
                                            }
                                        }
                                    }
                                }
                            }
                        },
                        "trainer_advance": {
                            "total": 3.0844460000018827,
                            "count": 9976,
                            "self": 0.2336137000033247,
                            "children": {
                                "process_trajectory": {
                                    "total": 2.850832299998558,
                                    "count": 9976,
                                    "self": 2.850832299998558
                                }
                            }
                        }
                    }
                },