{
    "name": "root",
    "gauges": {
        "2DPlat.Policy.Entropy.mean": {
            "value": -2.3791672276729514e-07,
            "min": -2.3791672276729514e-07,
            "max": 0.34679168462753296,
            "count": 2
        },
        "2DPlat.Policy.Entropy.sum": {
            "value": -0.011857769452035427,
            "min": -0.011857769452035427,
            "max": 17461.654296875,
            "count": 2
        },
        "2DPlat.Environment.EpisodeLength.mean": {
            "value": 45.55108359133127,
            "min": 45.55108359133127,
            "max": 45.55108359133127,
            "count": 1
        },
        "2DPlat.Environment.EpisodeLength.sum": {
            "value": 14713.0,
            "min": 14713.0,
            "max": 14713.0,
            "count": 1
        },
        "2DPlat.Step.mean": {
            "value": 99964.0,
            "min": 49980.0,
            "max": 99964.0,
            "count": 2
        },
        "2DPlat.Step.sum": {
            "value": 99964.0,
            "min": 49980.0,
            "max": 99964.0,
            "count": 2
        },
        "2DPlat.Policy.ExtrinsicValueEstimate.mean": {
            "value": -0.09128545224666595,
            "min": -4.874517917633057,
            "max": -0.09128545224666595,
            "count": 2
        },
        "2DPlat.Policy.ExtrinsicValueEstimate.sum": {
            "value": -71.29393768310547,
            "min": -4562.548828125,
            "max": -71.29393768310547,
            "count": 2
        },
        "2DPlat.Environment.CumulativeReward.mean": {
            "value": 1.0,
            "min": 1.0,
            "max": 1.0,
            "count": 1
        },
        "2DPlat.Environment.CumulativeReward.sum": {
            "value": 323.0,
            "min": 323.0,
            "max": 323.0,
            "count": 1
        },
        "2DPlat.Policy.ExtrinsicReward.mean": {
            "value": 1.0,
            "min": 1.0,
            "max": 1.0,
            "count": 1
        },
        "2DPlat.Policy.ExtrinsicReward.sum": {
            "value": 323.0,
            "min": 323.0,
            "max": 323.0,
            "count": 1
        },
        "2DPlat.Losses.PolicyLoss.mean": {
            "value": 0.03499380016201657,
            "min": 0.03499380016201657,
            "max": 0.057659618865602225,
            "count": 2
        },
        "2DPlat.Losses.PolicyLoss.sum": {
            "value": 0.10498140048604972,
            "min": 0.10498140048604972,
            "max": 0.17297885659680667,
            "count": 2
        },
        "2DPlat.Losses.ValueLoss.mean": {
            "value": 0.009564560911974109,
            "min": 0.009564560911974109,
            "max": 4.267298444875399,
            "count": 2
        },
        "2DPlat.Losses.ValueLoss.sum": {
            "value": 0.028693682735922328,
            "min": 0.028693682735922328,
            "max": 12.801895334626197,
            "count": 2
        },
        "2DPlat.Policy.LearningRate.mean": {
            "value": 0.0006473628075196,
            "min": 0.0006473628075196,
            "max": 0.0006789468030076001,
            "count": 2
        },
        "2DPlat.Policy.LearningRate.sum": {
            "value": 0.0019420884225587998,
            "min": 0.0019420884225587998,
            "max": 0.0020368404090228003,
            "count": 2
        },
        "2DPlat.Policy.Epsilon.mean": {
            "value": 0.1924804,
            "min": 0.1924804,
            "max": 0.19699239999999996,
            "count": 2
        },
        "2DPlat.Policy.Epsilon.sum": {
            "value": 0.5774412,
            "min": 0.5774412,
            "max": 0.5909771999999999,
            "count": 2
        },
        "2DPlat.Policy.Beta.mean": {
            "value": 0.00277516396,
            "min": 0.00277516396,
            "max": 0.0029100727599999997,
            "count": 2
        },
        "2DPlat.Policy.Beta.sum": {
            "value": 0.008325491879999999,
            "min": 0.008325491879999999,
            "max": 0.008730218279999999,
            "count": 2
        },
        "2DPlat.IsTraining.mean": {
            "value": 1.0,
            "min": 1.0,
            "max": 1.0,
            "count": 2
        },
        "2DPlat.IsTraining.sum": {
            "value": 1.0,
            "min": 1.0,
            "max": 1.0,
            "count": 2
        }
    },
    "metadata": {
        "timer_format_version": "0.1.0",
        "start_time_seconds": "1636867618",
        "python_version": "3.9.5 (tags/v3.9.5:0a7dcbd, May  3 2021, 17:27:52) [MSC v.1928 64 bit (AMD64)]",
        "command_line_arguments": "D:\\Uni Work\\CGS\\Level Design Solo Project\\virtualenv\\Scripts\\mlagents-learn config/2DPlatAlter.yaml --run-id=LiterallyJustAnotherAlterRun",
        "mlagents_version": "0.27.0",
        "mlagents_envs_version": "0.27.0",
        "communication_protocol_version": "1.5.0",
        "pytorch_version": "1.7.1+cu110",
        "numpy_version": "1.21.2",
        "end_time_seconds": "1636867990"
    },
    "total": 372.7197036,
    "count": 1,
    "self": 0.005741399999976693,
    "children": {
        "run_training.setup": {
            "total": 0.09144870000000016,
            "count": 1,
            "self": 0.09144870000000016
        },
        "TrainerController.start_learning": {
            "total": 372.6225135,
            "count": 1,
            "self": 0.34424889999854713,
            "children": {
                "TrainerController._reset_env": {
                    "total": 19.864770200000002,
                    "count": 1,
                    "self": 19.864770200000002
                },
                "TrainerController.advance": {
                    "total": 352.2367850000015,
                    "count": 17410,
                    "self": 0.3215366000023323,
                    "children": {
                        "env_step": {
                            "total": 299.75287749999717,
                            "count": 17410,
                            "self": 242.05674269999764,
                            "children": {
                                "SubprocessEnvManager._take_step": {
                                    "total": 57.4822946000001,
                                    "count": 17410,
                                    "self": 0.9760048000005384,
                                    "children": {
                                        "TorchPolicy.evaluate": {
                                            "total": 56.506289799999564,
                                            "count": 17146,
                                            "self": 18.891075100001814,
                                            "children": {
                                                "TorchPolicy.sample_actions": {
                                                    "total": 37.61521469999775,
                                                    "count": 17146,
                                                    "self": 37.61521469999775
                                                }
                                            }
                                        }
                                    }
                                },
                                "workers": {
                                    "total": 0.21384019999943504,
                                    "count": 17409,
                                    "self": 0.0,
                                    "children": {
                                        "worker_root": {
                                            "total": 353.3026338000007,
                                            "count": 17409,
                                            "is_parallel": true,
                                            "self": 131.2076898000024,