{
    "name": "root",
    "gauges": {
        "2DPlat.Policy.Entropy.mean": {
            "value": -2.3841816698677576e-07,
            "min": -2.3841816698677576e-07,
            "max": 1.2936444363731425e-05,
            "count": 20
        },
        "2DPlat.Policy.Entropy.sum": {
            "value": -0.011909464374184608,
            "min": -0.011939981952309608,
            "max": 0.647857129573822,
            "count": 20
        },
        "2DPlat.Environment.EpisodeLength.mean": {
            "value": 17.75075075075075,
            "min": 17.74251497005988,
            "max": 17.75748502994012,
            "count": 20
        },
        "2DPlat.Environment.EpisodeLength.sum": {
            "value": 47288.0,
            "min": 47288.0,
            "max": 47448.0,
            "count": 20
        },
        "2DPlat.Step.mean": {
            "value": 999992.0,
            "min": 49980.0,
            "max": 999992.0,
            "count": 20
        },
        "2DPlat.Step.sum": {
            "value": 999992.0,
            "min": 49980.0,
            "max": 999992.0,
            "count": 20
        },
        "2DPlat.Policy.ExtrinsicValueEstimate.mean": {
            "value": 0.41877686977386475,
            "min": 0.3890690207481384,
            "max": 0.47957348823547363,
            "count": 20
        },
        "2DPlat.Policy.ExtrinsicValueEstimate.sum": {
            "value": 1116.4591064453125,
            "min": 1037.6470947265625,
            "max": 1278.0633544921875,
            "count": 20
        },
        "2DPlat.Environment.CumulativeReward.mean": {
            "value": 1.0,
            "min": 1.0,
            "max": 1.0,
            "count": 20
        },
        "2DPlat.Environment.CumulativeReward.sum": {
            "value": 2666.0,
            "min": 2665.0,
            "max": 2667.0,
            "count": 20
        },
        "2DPlat.Policy.ExtrinsicReward.mean": {
            "value": 1.0,
            "min": 1.0,
            "max": 1.0,
            "count": 20
        },
        "2DPlat.Policy.ExtrinsicReward.sum": {
            "value": 2666.0,
            "min": 2665.0,
            "max": 2667.0,
            "count": 20
        },
        "2DPlat.Losses.PolicyLoss.mean": {
            "value": 0.03419180126792494,
            "min": 0.030713083349628606,
            "max": 0.03610932526590795,
            "count": 20
        },
        "2DPlat.Losses.PolicyLoss.sum": {
            "value": 0.13676720507169976,
            "min": 0.09213925004888582,
            "max": 0.1428428052619485,
            "count": 20
        },
        "2DPlat.Losses.ValueLoss.mean": {
            "value": 0.0035505833270847156,
            "min": 0.0035505833270847156,
            "max": 31.12390494133057,
            "count": 20
        },
        "2DPlat.Losses.ValueLoss.sum": {
            "value": 0.014202333308338862,
            "min": 0.010802485865685317,
            "max": 93.37171482399171,
            "count": 20
        },
        "2DPlat.Policy.LearningRate.mean": {
            "value": 1.8984097288000003e-05,
            "min": 1.8984097288000003e-05,
            "max": 0.0006789458696744,
            "count": 20
        },
        "2DPlat.Policy.LearningRate.sum": {
            "value": 7.593638915200001e-05,
            "min": 7.593638915200001e-05,
            "max": 0.0023146144693407997,
            "count": 20
        },
        "2DPlat.Policy.Epsilon.mean": {
            "value": 0.102712,
            "min": 0.102712,
            "max": 0.19699226666666667,
            "count": 20
        },
        "2DPlat.Policy.Epsilon.sum": {
            "value": 0.410848,
            "min": 0.3239752,
            "max": 0.7306591999999998,
            "count": 20
        },
        "2DPlat.Policy.Beta.mean": {
            "value": 9.108880000000001e-05,
            "min": 9.108880000000001e-05,
            "max": 0.0029100687733333336,
            "count": 20
        },
        "2DPlat.Policy.Beta.sum": {
            "value": 0.00036435520000000003,
            "min": 0.00036435520000000003,
            "max": 0.00992671008,
            "count": 20
        },
        "2DPlat.IsTraining.mean": {
            "value": 1.0,
            "min": 1.0,
            "max": 1.0,
            "count": 20
        },
        "2DPlat.IsTraining.sum": {
            "value": 1.0,
            "min": 1.0,
            "max": 1.0,
            "count": 20
        }
    },
    "metadata": {
        "timer_format_version": "0.1.0",
        "start_time_seconds": "1636660438",
        "python_version": "3.9.5 (tags/v3.9.5:0a7dcbd, May  3 2021, 17:27:52) [MSC v.1928 64 bit (AMD64)]",
        "command_line_arguments": "D:\\Uni Work\\CGS\\Level Design Solo Project\\virtualenv\\Scripts\\mlagents-learn config/2DPlatAlter.yaml --initialize-from=2DPlatNovemAlterConfigOneBlock-36 --run-id=2DPlatNovemAlterConfigThreeBlock-36",
        "mlagents_version": "0.27.0",
        "mlagents_envs_version": "0.27.0",
        "communication_protocol_version": "1.5.0",
        "pytorch_version": "1.7.1+cu110",
        "numpy_version": "1.21.2",
        "end_time_seconds": "1636663114"
    },
    "total": 2675.9568848,
    "count": 1,
    "self": 0.40704469999946014,
    "children": {
        "run_training.setup": {
            "total": 0.1393335999999996,
            "count": 1,
            "self": 0.1393335999999996
        },
        "TrainerController.start_learning": {
            "total": 2675.4105065000003,
            "count": 1,
            "self": 2.5444426999988536,
            "children": {
                "TrainerController._reset_env": {
                    "total": 28.7384728,
                    "count": 1,
                    "self": 28.7384728
                },
                "TrainerController.advance": {
                    "total": 2644.0597747000015,
                    "count": 129174,
                    "self": 2.454705999980888,
                    "children": {
                        "env_step": {
                            "total": 2105.1944841999966,
                            "count": 129174,
                            "self": 1667.5548669999996,
                            "children": {
                                "SubprocessEnvManager._take_step": {
                                    "total": 435.9766329000173,
                                    "count": 129174,
                                    "self": 7.229519000040284,
                                    "children": {
                                        "TorchPolicy.evaluate": {
                                            "total": 428.747113899977,
                                            "count": 125009,
                                            "self": 147.05631299994837,
                                            "children": {
                                                "TorchPolicy.sample_actions": {
                                                    "total": 281.69080090002865,
                                                    "count": 125009,
                                                    "self": 281.69080090002865
                                                }
                                            }
                                        }
                                    }
                                },
                                "workers": {
                                    "total": 1.662984299979648,
                                    "count": 129174,
                                    "self": 0.0,
                                    "children": {
                                        "worker_root": {
                                            "total": 2644.8571232998656,
                                            "count": 129174,
                                            "is_parallel": true,
                                            "self": 1128.5409340998917,