{
    "name": "root",
    "gauges": {
        "2DPlat.Policy.Entropy.mean": {
            "value": 0.36971423029899597,
            "min": 0.008120886981487274,
            "max": 0.3827703595161438,
            "count": 20
        },
        "2DPlat.Policy.Entropy.sum": {
            "value": 18488.669921875,
            "min": 406.36920166015625,
            "max": 19141.580078125,
            "count": 20
        },
        "2DPlat.Environment.EpisodeLength.mean": {
            "value": 19.213564796124345,
            "min": 13.621929824561404,
            "max": 24.572085889570552,
            "count": 20
        },
        "2DPlat.Environment.EpisodeLength.sum": {
            "value": 47592.0,
            "min": 46587.0,
            "max": 48063.0,
            "count": 20
        },
        "2DPlat.Step.mean": {
            "value": 999985.0,
            "min": 49992.0,
            "max": 999985.0,
            "count": 20
        },
        "2DPlat.Step.sum": {
            "value": 999985.0,
            "min": 49992.0,
            "max": 999985.0,
            "count": 20
        },
        "2DPlat.Policy.ExtrinsicValueEstimate.mean": {
            "value": 0.3541460931301117,
            "min": -0.9188809990882874,
            "max": 0.7096211910247803,
            "count": 20
        },
        "2DPlat.Policy.ExtrinsicValueEstimate.sum": {
            "value": 888.9066772460938,
            "min": -1796.412353515625,
            "max": 2426.19482421875,
            "count": 20
        },
        "2DPlat.Environment.CumulativeReward.mean": {
            "value": 0.4840532902704885,
            "min": -0.8915601023017903,
            "max": 0.8672126352734718,
            "count": 20
        },
        "2DPlat.Environment.CumulativeReward.sum": {
            "value": 1199.0,
            "min": -1743.0,
            "max": 2965.0,
            "count": 20
        },
        "2DPlat.Policy.ExtrinsicReward.mean": {
            "value": 0.4840532902704885,
            "min": -0.8915601023017903,
            "max": 0.8672126352734718,
            "count": 20
        },
        "2DPlat.Policy.ExtrinsicReward.sum": {
            "value": 1199.0,
            "min": -1743.0,
            "max": 2965.0,
            "count": 20
        },
        "2DPlat.Losses.PolicyLoss.mean": {
            "value": 0.021413653868560988,
            "min": 0.020332104545862727,
            "max": 0.027038853988051413,
            "count": 20
        },
        "2DPlat.Losses.PolicyLoss.sum": {
            "value": 0.10706826934280494,
            "min": 0.0813284181834509,
            "max": 0.13519426994025707,
            "count": 20
        },
        "2DPlat.Losses.ValueLoss.mean": {
            "value": 0.22354763954877854,
            "min": 0.014195911356558403,
            "max": 0.3125088623166084,
            "count": 20
        },
        "2DPlat.Losses.ValueLoss.sum": {
            "value": 1.1177381977438927,
            "min": 0.07097955678279201,
            "max": 1.562544311583042,
            "count": 20
        },
        "2DPlat.Policy.LearningRate.mean": {
            "value": 7.774597408500006e-06,
            "min": 7.774597408500006e-06,
            "max": 0.00029231010256330003,
            "count": 20
        },
        "2DPlat.Policy.LearningRate.sum": {
            "value": 3.887298704250003e-05,
            "min": 3.887298704250003e-05,
            "max": 0.0013923738358754,
            "count": 20
        },
        "2DPlat.Policy.Epsilon.mean": {
            "value": 0.10259150000000002,
            "min": 0.10259150000000002,
            "max": 0.19743670000000002,
            "count": 20
        },
        "2DPlat.Policy.Epsilon.sum": {
            "value": 0.5129575000000001,
            "min": 0.46984270000000006,
            "max": 0.9641246000000003,
            "count": 20
        },
        "2DPlat.Policy.Beta.mean": {
            "value": 0.00013931585000000012,
            "min": 0.00013931585000000012,
            "max": 0.004872091329999999,
            "count": 20
        },
        "2DPlat.Policy.Beta.sum": {
            "value": 0.0006965792500000006,
            "min": 0.0006965792500000006,
            "max": 0.023209817540000004,
            "count": 20
        },
        "2DPlat.IsTraining.mean": {
            "value": 1.0,
            "min": 1.0,
            "max": 1.0,
            "count": 20
        },
        "2DPlat.IsTraining.sum": {
            "value": 1.0,
            "min": 1.0,
            "max": 1.0,
            "count": 20
        }
    },
    "metadata": {
        "timer_format_version": "0.1.0",
        "start_time_seconds": "1636778251",
        "python_version": "3.9.5 (tags/v3.9.5:0a7dcbd, May  3 2021, 17:27:52) [MSC v.1928 64 bit (AMD64)]",
        "command_line_arguments": "D:\\Uni Work\\CGS\\Level Design Solo Project\\virtualenv\\Scripts\\mlagents-learn config/defaultconfig.yaml --initialize-from=2DPlatDefaultPostNovGap-36TRY5 --run-id=2DPlatDefaultPostNovGap-36TRY6",
        "mlagents_version": "0.27.0",
        "mlagents_envs_version": "0.27.0",
        "communication_protocol_version": "1.5.0",
        "pytorch_version": "1.7.1+cu110",
        "numpy_version": "1.21.2",
        "end_time_seconds": "1636782192"
    },
    "total": 3941.3493483,
    "count": 1,
    "self": 0.017201999999997497,
    "children": {
        "run_training.setup": {
            "total": 0.5089113999999997,
            "count": 1,
            "self": 0.5089113999999997
        },
        "TrainerController.start_learning": {
            "total": 3940.8232349,
            "count": 1,
            "self": 3.570749500077909,
            "children": {
                "TrainerController._reset_env": {
                    "total": 10.037466900000002,
                    "count": 1,
                    "self": 10.037466900000002
                },
                "TrainerController.advance": {
                    "total": 3927.127488299923,
                    "count": 163880,
                    "self": 3.3729134999657617,
                    "children": {
                        "env_step": {
                            "total": 3541.060024699988,
                            "count": 163880,
                            "self": 3083.3826688000477,
                            "children": {
                                "SubprocessEnvManager._take_step": {
                                    "total": 455.4773634999226,
                                    "count": 163880,
                                    "self": 8.236872599970638,
                                    "children": {
                                        "TorchPolicy.evaluate": {
                                            "total": 447.24049089995196,
                                            "count": 125010,
                                            "self": 154.56064769991315,
                                            "children": {
                                                "TorchPolicy.sample_actions": {
                                                    "total": 292.6798432000388,
                                                    "count": 125010,
                                                    "self": 292.6798432000388
                                                }
                                            }
                                        }
                                    }
                                },
                                "workers": {
                                    "total": 2.1999924000176883,
                                    "count": 163880,
                                    "self": 0.0,
                                    "children": {
                                        "worker_root": {
                                            "total": 3927.3197281999624,
                                            "count": 163880,
                                            "is_parallel": true,