{
    "name": "root",
    "gauges": {
        "2DPlat.Policy.Entropy.mean": {
            "value": 0.3733208179473877,
            "min": 0.3219781517982483,
            "max": 0.439252644777298,
            "count": 20
        },
        "2DPlat.Policy.Entropy.sum": {
            "value": 18686.947265625,
            "min": 16091.1796875,
            "max": 21966.146484375,
            "count": 20
        },
        "2DPlat.Environment.EpisodeLength.mean": {
            "value": 19.540673788003286,
            "min": 14.045741799578694,
            "max": 21.29157378510923,
            "count": 20
        },
        "2DPlat.Environment.EpisodeLength.sum": {
            "value": 47562.0,
            "min": 46674.0,
            "max": 47757.0,
            "count": 20
        },
        "2DPlat.Step.mean": {
            "value": 999989.0,
            "min": 49996.0,
            "max": 999989.0,
            "count": 20
        },
        "2DPlat.Step.sum": {
            "value": 999989.0,
            "min": 49996.0,
            "max": 999989.0,
            "count": 20
        },
        "2DPlat.Policy.ExtrinsicValueEstimate.mean": {
            "value": 0.5863689184188843,
            "min": 0.4067079424858093,
            "max": 0.6068403124809265,
            "count": 20
        },
        "2DPlat.Policy.ExtrinsicValueEstimate.sum": {
            "value": 1435.43115234375,
            "min": 1223.1400146484375,
            "max": 1632.14453125,
            "count": 20
        },
        "2DPlat.Environment.CumulativeReward.mean": {
            "value": 0.676253081347576,
            "min": 0.41257899488414085,
            "max": 0.676253081347576,
            "count": 20
        },
        "2DPlat.Environment.CumulativeReward.sum": {
            "value": 1646.0,
            "min": 1371.0,
            "max": 1788.0,
            "count": 20
        },
        "2DPlat.Policy.ExtrinsicReward.mean": {
            "value": 0.676253081347576,
            "min": 0.41257899488414085,
            "max": 0.676253081347576,
            "count": 20
        },
        "2DPlat.Policy.ExtrinsicReward.sum": {
            "value": 1646.0,
            "min": 1371.0,
            "max": 1788.0,
            "count": 20
        },
        "2DPlat.Losses.PolicyLoss.mean": {
            "value": 0.022589805278306205,
            "min": 0.02108394279765586,
            "max": 0.026607170850038532,
            "count": 20
        },
        "2DPlat.Losses.PolicyLoss.sum": {
            "value": 0.11294902639153102,
            "min": 0.09015537405697008,
            "max": 0.13303585425019265,
            "count": 20
        },
        "2DPlat.Losses.ValueLoss.mean": {
            "value": 0.18938456674416862,
            "min": 0.18938456674416862,
            "max": 0.7718862018237512,
            "count": 20
        },
        "2DPlat.Losses.ValueLoss.sum": {
            "value": 0.9469228337208431,
            "min": 0.8939933821558952,
            "max": 3.087544807295005,
            "count": 20
        },
        "2DPlat.Policy.LearningRate.mean": {
            "value": 7.831957389379999e-06,
            "min": 7.831957389379999e-06,
            "max": 0.00029231580256139996,
            "count": 20
        },
        "2DPlat.Policy.LearningRate.sum": {
            "value": 3.9159786946899994e-05,
            "min": 3.9159786946899994e-05,
            "max": 0.0013924209358596997,
            "count": 20
        },
        "2DPlat.Policy.Epsilon.mean": {
            "value": 0.10261062000000001,
            "min": 0.10261062000000001,
            "max": 0.19743859999999996,
            "count": 20
        },
        "2DPlat.Policy.Epsilon.sum": {
            "value": 0.5130531,
            "min": 0.4699335,
            "max": 0.9641403000000002,
            "count": 20
        },
        "2DPlat.Policy.Beta.mean": {
            "value": 0.000140269938,
            "min": 0.000140269938,
            "max": 0.00487218614,
            "count": 20
        },
        "2DPlat.Policy.Beta.sum": {
            "value": 0.0007013496899999999,
            "min": 0.0007013496899999999,
            "max": 0.023210600970000002,
            "count": 20
        },
        "2DPlat.IsTraining.mean": {
            "value": 1.0,
            "min": 1.0,
            "max": 1.0,
            "count": 20
        },
        "2DPlat.IsTraining.sum": {
            "value": 1.0,
            "min": 1.0,
            "max": 1.0,
            "count": 20
        }
    },
    "metadata": {
        "timer_format_version": "0.1.0",
        "start_time_seconds": "1635300082",
        "python_version": "3.9.5 (tags/v3.9.5:0a7dcbd, May  3 2021, 17:27:52) [MSC v.1928 64 bit (AMD64)]",
        "command_line_arguments": "D:\\Uni Work\\CGS\\Level Design Solo Project\\virtualenv\\Scripts\\mlagents-learn config/defaultconfig.yaml --initialize-from=2DPlatDefaultGap-35-36CoinRowOfFourMILLIONSTEPSFOURTHRUNTHROUGH --run-id=2DPlatDefaultGap-35-36CoinRowOfFourMILLIONSTEPSFIFTHRUNTHROUGH",
        "mlagents_version": "0.27.0",
        "mlagents_envs_version": "0.27.0",
        "communication_protocol_version": "1.5.0",
        "pytorch_version": "1.7.1+cu110",
        "numpy_version": "1.21.2",
        "end_time_seconds": "1635304580"
    },
    "total": 4498.4645948,
    "count": 1,
    "self": 0.31245380000018486,
    "children": {
        "run_training.setup": {
            "total": 0.14093290000000014,
            "count": 1,
            "self": 0.14093290000000014
        },
        "TrainerController.start_learning": {
            "total": 4498.0112081,
            "count": 1,
            "self": 4.090010200020515,
            "children": {
                "TrainerController._reset_env": {
                    "total": 44.805157,
                    "count": 1,
                    "self": 44.805157
                },
                "TrainerController.advance": {
                    "total": 4449.03991449998,
                    "count": 170066,
                    "self": 3.9981583000553655,
                    "children": {
                        "env_step": {
                            "total": 4016.865093199929,
                            "count": 170066,
                            "self": 3512.396246699814,
                            "children": {
                                "SubprocessEnvManager._take_step": {
                                    "total": 502.00339980001434,
                                    "count": 170066,
                                    "self": 9.463463699974511,
                                    "children": {
                                        "TorchPolicy.evaluate": {
                                            "total": 492.5399361000398,
                                            "count": 125015,
                                            "self": 165.95872270003446,
                                            "children": {
                                                "TorchPolicy.sample_actions": {
                                                    "total": 326.58121340000537,
                                                    "count": 125015,
                                                    "self": 326.58121340000537
                                                }
                                            }
                                        }
                                    }
                                },
                                "workers": {
                                    "total": 2.4654467001005145,
                                    "count": 170066,
                                    "self": 0.0,
                                    "children": {
                                        "worker_root": {
                                            "total": 4458.249183600001,
                                            "count": 170066,
                                            "is_parallel": true,