{
    "name": "root",
    "gauges": {
        "2DPlat.Policy.Entropy.mean": {
            "value": 0.28299376368522644,
            "min": 0.28299376368522644,
            "max": 0.6620218753814697,
            "count": 20
        },
        "2DPlat.Policy.Entropy.sum": {
            "value": 14167.7998046875,
            "min": 14167.7998046875,
            "max": 33090.8828125,
            "count": 20
        },
        "2DPlat.Environment.EpisodeLength.mean": {
            "value": 9.05630404182586,
            "min": 9.05630404182586,
            "max": 40.08656224237428,
            "count": 20
        },
        "2DPlat.Environment.EpisodeLength.sum": {
            "value": 45037.0,
            "min": 45037.0,
            "max": 48625.0,
            "count": 20
        },
        "2DPlat.Step.mean": {
            "value": 999997.0,
            "min": 49966.0,
            "max": 999997.0,
            "count": 20
        },
        "2DPlat.Step.sum": {
            "value": 999997.0,
            "min": 49966.0,
            "max": 999997.0,
            "count": 20
        },
        "2DPlat.Policy.ExtrinsicValueEstimate.mean": {
            "value": 0.9564563632011414,
            "min": 0.42418402433395386,
            "max": 0.9686357975006104,
            "count": 20
        },
        "2DPlat.Policy.ExtrinsicValueEstimate.sum": {
            "value": 4755.5009765625,
            "min": 658.3336181640625,
            "max": 4755.5009765625,
            "count": 20
        },
        "2DPlat.Environment.CumulativeReward.mean": {
            "value": 1.0000201126355273,
            "min": 0.9963822525651518,
            "max": 1.0052761747843455,
            "count": 20
        },
        "2DPlat.Environment.CumulativeReward.sum": {
            "value": 4972.100000023842,
            "min": 1219.400000013411,
            "max": 4972.100000023842,
            "count": 20
        },
        "2DPlat.Policy.ExtrinsicReward.mean": {
            "value": 1.0000201126355273,
            "min": 0.9963822525651518,
            "max": 1.0052761747843455,
            "count": 20
        },
        "2DPlat.Policy.ExtrinsicReward.sum": {
            "value": 4972.100000023842,
            "min": 1219.400000013411,
            "max": 4972.100000023842,
            "count": 20
        },
        "2DPlat.Losses.PolicyLoss.mean": {
            "value": 0.03578460463833689,
            "min": 0.03130208181893726,
            "max": 0.03633135111971799,
            "count": 20
        },
        "2DPlat.Losses.PolicyLoss.sum": {
            "value": 0.10735381391501066,
            "min": 0.09390624545681178,
            "max": 0.14192722675376648,
            "count": 20
        },
        "2DPlat.Losses.ValueLoss.mean": {
            "value": 5.127187688785121e-05,
            "min": 5.127187688785121e-05,
            "max": 0.05127315249979153,
            "count": 20
        },
        "2DPlat.Losses.ValueLoss.sum": {
            "value": 0.00015381563066355362,
            "min": 0.00015381563066355362,
            "max": 0.1538194574993746,
            "count": 20
        },
        "2DPlat.Policy.LearningRate.mean": {
            "value": 7.2873975709000066e-06,
            "min": 7.2873975709000066e-06,
            "max": 0.0002909912030029334,
            "count": 20
        },
        "2DPlat.Policy.LearningRate.sum": {
            "value": 2.186219271270002e-05,
            "min": 2.186219271270002e-05,
            "max": 0.0009927756690748,
            "count": 20
        },
        "2DPlat.Policy.Epsilon.mean": {
            "value": 0.10121455000000001,
            "min": 0.10121455000000001,
            "max": 0.14849853333333332,
            "count": 20
        },
        "2DPlat.Policy.Epsilon.sum": {
            "value": 0.30364365000000004,
            "min": 0.30364365000000004,
            "max": 0.5654626000000001,
            "count": 20
        },
        "2DPlat.Policy.Beta.mean": {
            "value": 0.0002040850900000002,
            "min": 0.0002040850900000002,
            "max": 0.0077600656266666665,
            "count": 20
        },
        "2DPlat.Policy.Beta.sum": {
            "value": 0.0006122552700000006,
            "min": 0.0006122552700000006,
            "max": 0.026480923479999995,
            "count": 20
        },
        "2DPlat.IsTraining.mean": {
            "value": 1.0,
            "min": 1.0,
            "max": 1.0,
            "count": 20
        },
        "2DPlat.IsTraining.sum": {
            "value": 1.0,
            "min": 1.0,
            "max": 1.0,
            "count": 20
        }
    },
    "metadata": {
        "timer_format_version": "0.1.0",
        "start_time_seconds": "1638925638",
        "python_version": "3.9.5 (tags/v3.9.5:0a7dcbd, May  3 2021, 17:27:52) [MSC v.1928 64 bit (AMD64)]",
        "command_line_arguments": "D:\\Uni Work\\CGS\\Level Design Solo Project\\virtualenv\\Scripts\\mlagents-learn config/2DPlatAlterPostStats.yaml --initialize-from=2DPlatLevel1Round2BlockTraining --run-id=2DPlatLevel1Round2BlockTrainingTRY2",
        "mlagents_version": "0.27.0",
        "mlagents_envs_version": "0.27.0",
        "communication_protocol_version": "1.5.0",
        "pytorch_version": "1.7.1+cu110",
        "numpy_version": "1.21.2",
        "end_time_seconds": "1638928382"
    },
    "total": 2744.5263075999997,
    "count": 1,
    "self": 0.01187469999968016,
    "children": {
        "run_training.setup": {
            "total": 0.13814989999999971,
            "count": 1,
            "self": 0.13814989999999971
        },
        "TrainerController.start_learning": {
            "total": 2744.376283,
            "count": 1,
            "self": 2.8463870999862593,
            "children": {
                "TrainerController._reset_env": {
                    "total": 12.810049399999999,
                    "count": 1,
                    "self": 12.810049399999999
                },
                "TrainerController.advance": {
                    "total": 2728.2928170000137,
                    "count": 109752,
                    "self": 2.6156850000111262,
                    "children": {
                        "env_step": {
                            "total": 2104.3552821999774,
                            "count": 109752,
                            "self": 1803.2067239999137,
                            "children": {
                                "SubprocessEnvManager._take_step": {
                                    "total": 299.5482456000159,
                                    "count": 109752,
                                    "self": 5.1428000000206,
                                    "children": {
                                        "TorchPolicy.evaluate": {
                                            "total": 294.4054455999953,
                                            "count": 62507,
                                            "self": 81.02916919999407,
                                            "children": {
                                                "TorchPolicy.sample_actions": {
                                                    "total": 213.37627640000122,
                                                    "count": 62507,
                                                    "self": 213.37627640000122
                                                }
                                            }
                                        }
                                    }
                                },
                                "workers": {
                                    "total": 1.6003126000477685,
                                    "count": 109752,
                                    "self": 0.0,
                                    "children": {
                                        "worker_root": {
                                            "total": 2733.0193941999914,
                                            "count": 109752,