{
    "name": "root",
    "gauges": {
        "2DPlat.Policy.Entropy.mean": {
            "value": 0.6337024569511414,
            "min": 0.0691269040107727,
            "max": 0.652958869934082,
            "count": 20
        },
        "2DPlat.Policy.Entropy.sum": {
            "value": 31502.6171875,
            "min": 3455.2392578125,
            "max": 32783.7578125,
            "count": 20
        },
        "2DPlat.Environment.EpisodeLength.mean": {
            "value": 63.37596899224806,
            "min": 22.07660359944624,
            "max": 63.37596899224806,
            "count": 20
        },
        "2DPlat.Environment.EpisodeLength.sum": {
            "value": 49053.0,
            "min": 47840.0,
            "max": 49053.0,
            "count": 20
        },
        "2DPlat.Step.mean": {
            "value": 999995.0,
            "min": 49981.0,
            "max": 999995.0,
            "count": 20
        },
        "2DPlat.Step.sum": {
            "value": 999995.0,
            "min": 49981.0,
            "max": 999995.0,
            "count": 20
        },
        "2DPlat.Policy.ExtrinsicValueEstimate.mean": {
            "value": -0.808073103427887,
            "min": -0.893521785736084,
            "max": 0.5979253649711609,
            "count": 20
        },
        "2DPlat.Policy.ExtrinsicValueEstimate.sum": {
            "value": -914.73876953125,
            "min": -1786.457763671875,
            "max": 1295.1063232421875,
            "count": 20
        },
        "2DPlat.Environment.CumulativeReward.mean": {
            "value": -1.0,
            "min": -1.0,
            "max": 0.36472760849492153,
            "count": 20
        },
        "2DPlat.Environment.CumulativeReward.sum": {
            "value": -774.0,
            "min": -2061.0,
            "max": 790.0,
            "count": 20
        },
        "2DPlat.Policy.ExtrinsicReward.mean": {
            "value": -1.0,
            "min": -1.0,
            "max": 0.36472760849492153,
            "count": 20
        },
        "2DPlat.Policy.ExtrinsicReward.sum": {
            "value": -774.0,
            "min": -2061.0,
            "max": 790.0,
            "count": 20
        },
        "2DPlat.Losses.PolicyLoss.mean": {
            "value": 0.03492185230274556,
            "min": 0.03181282515702308,
            "max": 0.055462756317635586,
            "count": 20
        },
        "2DPlat.Losses.PolicyLoss.sum": {
            "value": 0.10476555690823668,
            "min": 0.09543847547106923,
            "max": 0.16638826895290676,
            "count": 20
        },
        "2DPlat.Losses.ValueLoss.mean": {
            "value": 0.0011977408750012155,
            "min": 8.173104050461685e-05,
            "max": 0.30647833979335326,
            "count": 20
        },
        "2DPlat.Losses.ValueLoss.sum": {
            "value": 0.003593222625003646,
            "min": 0.00024519312151385057,
            "max": 0.9194350193800598,
            "count": 20
        },
        "2DPlat.Policy.LearningRate.mean": {
            "value": 6.966797677766658e-06,
            "min": 6.966797677766658e-06,
            "max": 0.00029095140301620007,
            "count": 20
        },
        "2DPlat.Policy.LearningRate.sum": {
            "value": 2.0900393033299974e-05,
            "min": 2.0900393033299974e-05,
            "max": 0.0009924444691851997,
            "count": 20
        },
        "2DPlat.Policy.Epsilon.mean": {
            "value": 0.10116111666666666,
            "min": 0.10116111666666666,
            "max": 0.1484919,
            "count": 20
        },
        "2DPlat.Policy.Epsilon.sum": {
            "value": 0.30348335,
            "min": 0.30348335,
            "max": 0.5654074000000001,
            "count": 20
        },
        "2DPlat.Policy.Beta.mean": {
            "value": 0.00019554644333333313,
            "min": 0.00019554644333333313,
            "max": 0.007759005620000001,
            "count": 20
        },
        "2DPlat.Policy.Beta.sum": {
            "value": 0.0005866393299999994,
            "min": 0.0005866393299999994,
            "max": 0.026472102519999995,
            "count": 20
        },
        "2DPlat.IsTraining.mean": {
            "value": 1.0,
            "min": 1.0,
            "max": 1.0,
            "count": 20
        },
        "2DPlat.IsTraining.sum": {
            "value": 1.0,
            "min": 1.0,
            "max": 1.0,
            "count": 20
        }
    },
    "metadata": {
        "timer_format_version": "0.1.0",
        "start_time_seconds": "1639531740",
        "python_version": "3.9.5 (tags/v3.9.5:0a7dcbd, May  3 2021, 17:27:52) [MSC v.1928 64 bit (AMD64)]",
        "command_line_arguments": "D:\\Uni Work\\CGS\\Level Design Solo Project\\virtualenv\\Scripts\\mlagents-learn config/2DPlatAlterPostStats.yaml --initialize-from=2DPlatLevel1BESTOBSERVPart2TRY4 --run-id=2DPlatLevel1BESTOBSERVPart2TRY5",
        "mlagents_version": "0.27.0",
        "mlagents_envs_version": "0.27.0",
        "communication_protocol_version": "1.5.0",
        "pytorch_version": "1.7.1+cu110",
        "numpy_version": "1.21.2",
        "end_time_seconds": "1639533795"
    },
    "total": 2055.0224055000003,
    "count": 1,
    "self": 0.01127340000039112,
    "children": {
        "run_training.setup": {
            "total": 0.09443210000000013,
            "count": 1,
            "self": 0.09443210000000013
        },
        "TrainerController.start_learning": {
            "total": 2054.9166999999998,
            "count": 1,
            "self": 1.8836420000238832,
            "children": {
                "TrainerController._reset_env": {
                    "total": 7.742210899999999,
                    "count": 1,
                    "self": 7.742210899999999
                },
                "TrainerController.advance": {
                    "total": 2045.190949799976,
                    "count": 85140,
                    "self": 1.8613128000004053,
                    "children": {
                        "env_step": {
                            "total": 1581.0281695999947,
                            "count": 85140,
                            "self": 1293.292008199963,
                            "children": {
                                "SubprocessEnvManager._take_step": {
                                    "total": 286.566094700029,
                                    "count": 85140,
                                    "self": 4.67262100000778,
                                    "children": {
                                        "TorchPolicy.evaluate": {
                                            "total": 281.8934737000212,
                                            "count": 62519,
                                            "self": 79.24490290002092,
                                            "children": {
                                                "TorchPolicy.sample_actions": {
                                                    "total": 202.6485708000003,
                                                    "count": 62519,
                                                    "self": 202.6485708000003
                                                }
                                            }
                                        }
                                    }
                                },
                                "workers": {
                                    "total": 1.1700667000026765,
                                    "count": 85140,
                                    "self": 0.0,
                                    "children": {
                                        "worker_root": {
                                            "total": 2045.784528199985,
                                            "count": 85140,
                                            "is_parallel": true,
                                            "self": 869.9817567000059,