{
    "name": "root",
    "gauges": {
        "2DPlat.Policy.Entropy.mean": {
            "value": 0.47341787815093994,
            "min": 0.4555284380912781,
            "max": 0.5477643609046936,
            "count": 20
        },
        "2DPlat.Policy.Entropy.sum": {
            "value": 23670.89453125,
            "min": 22776.421875,
            "max": 27396.982421875,
            "count": 20
        },
        "2DPlat.Environment.EpisodeLength.mean": {
            "value": 10.839251893939394,
            "min": 10.716897117412703,
            "max": 11.265636497424577,
            "count": 20
        },
        "2DPlat.Environment.EpisodeLength.sum": {
            "value": 45785.0,
            "min": 45729.0,
            "max": 45930.0,
            "count": 20
        },
        "2DPlat.Step.mean": {
            "value": 999996.0,
            "min": 49991.0,
            "max": 999996.0,
            "count": 20
        },
        "2DPlat.Step.sum": {
            "value": 999996.0,
            "min": 49991.0,
            "max": 999996.0,
            "count": 20
        },
        "2DPlat.Policy.ExtrinsicValueEstimate.mean": {
            "value": 0.926834762096405,
            "min": 0.7378032803535461,
            "max": 0.926834762096405,
            "count": 20
        },
        "2DPlat.Policy.ExtrinsicValueEstimate.sum": {
            "value": 3914.023193359375,
            "min": 3034.5849609375,
            "max": 3914.023193359375,
            "count": 20
        },
        "2DPlat.Environment.CumulativeReward.mean": {
            "value": 0.9834241060857211,
            "min": 0.7952832482372963,
            "max": 0.9834241060857211,
            "count": 20
        },
        "2DPlat.Environment.CumulativeReward.sum": {
            "value": 4153.0,
            "min": 3271.0,
            "max": 4153.0,
            "count": 20
        },
        "2DPlat.Policy.ExtrinsicReward.mean": {
            "value": 0.9834241060857211,
            "min": 0.7952832482372963,
            "max": 0.9834241060857211,
            "count": 20
        },
        "2DPlat.Policy.ExtrinsicReward.sum": {
            "value": 4153.0,
            "min": 3271.0,
            "max": 4153.0,
            "count": 20
        },
        "2DPlat.Losses.PolicyLoss.mean": {
            "value": 0.03651514486811156,
            "min": 0.03244129594481662,
            "max": 0.038159907502443365,
            "count": 20
        },
        "2DPlat.Losses.PolicyLoss.sum": {
            "value": 0.10954543460433468,
            "min": 0.09816396020047752,
            "max": 0.1480409047999901,
            "count": 20
        },
        "2DPlat.Losses.ValueLoss.mean": {
            "value": 0.0172565749648359,
            "min": 0.015359899631033024,
            "max": 0.08655084141840537,
            "count": 20
        },
        "2DPlat.Losses.ValueLoss.sum": {
            "value": 0.05176972489450769,
            "min": 0.05176972489450769,
            "max": 0.2596525242552161,
            "count": 20
        },
        "2DPlat.Policy.LearningRate.mean": {
            "value": 7.316197561300002e-06,
            "min": 7.316197561300002e-06,
            "max": 0.0002909895030034999,
            "count": 20
        },
        "2DPlat.Policy.LearningRate.sum": {
            "value": 2.1948592683900006e-05,
            "min": 2.1948592683900006e-05,
            "max": 0.0009928455690515,
            "count": 20
        },
        "2DPlat.Policy.Epsilon.mean": {
            "value": 0.10121935000000003,
            "min": 0.10121935000000003,
            "max": 0.14849825000000003,
            "count": 20
        },
        "2DPlat.Policy.Epsilon.sum": {
            "value": 0.30365805000000007,
            "min": 0.30365805000000007,
            "max": 0.5654742500000001,
            "count": 20
        },
        "2DPlat.Policy.Beta.mean": {
            "value": 0.00020485213000000007,
            "min": 0.00020485213000000007,
            "max": 0.007760020349999998,
            "count": 20
        },
        "2DPlat.Policy.Beta.sum": {
            "value": 0.0006145563900000002,
            "min": 0.0006145563900000002,
            "max": 0.026482785149999997,
            "count": 20
        },
        "2DPlat.IsTraining.mean": {
            "value": 1.0,
            "min": 1.0,
            "max": 1.0,
            "count": 20
        },
        "2DPlat.IsTraining.sum": {
            "value": 1.0,
            "min": 1.0,
            "max": 1.0,
            "count": 20
        }
    },
    "metadata": {
        "timer_format_version": "0.1.0",
        "start_time_seconds": "1638257581",
        "python_version": "3.9.5 (tags/v3.9.5:0a7dcbd, May  3 2021, 17:27:52) [MSC v.1928 64 bit (AMD64)]",
        "command_line_arguments": "D:\\Uni Work\\CGS\\Level Design Solo Project\\virtualenv\\Scripts\\mlagents-learn config/2DPlatAlterPostStats.yaml --initialize-from=2DPlatAltPostStatsGap3Wide-37-35RANDOMTRY29 --run-id=2DPlatAltPostStatsGap3Wide-37-35RANDOMTRY30",
        "mlagents_version": "0.27.0",
        "mlagents_envs_version": "0.27.0",
        "communication_protocol_version": "1.5.0",
        "pytorch_version": "1.7.1+cu110",
        "numpy_version": "1.21.2",
        "end_time_seconds": "1638260693"
    },
    "total": 3112.032173,
    "count": 1,
    "self": 0.43607939999992595,
    "children": {
        "run_training.setup": {
            "total": 0.10123930000000003,
            "count": 1,
            "self": 0.10123930000000003
        },
        "TrainerController.start_learning": {
            "total": 3111.4948543,
            "count": 1,
            "self": 2.8525793000644626,
            "children": {
                "TrainerController._reset_env": {
                    "total": 11.2028777,
                    "count": 1,
                    "self": 11.2028777
                },
                "TrainerController.advance": {
                    "total": 3097.3674636999353,
                    "count": 121730,
                    "self": 2.5351191999325238,
                    "children": {
                        "env_step": {
                            "total": 2528.7369846999904,
                            "count": 121730,
                            "self": 2303.974446000057,
                            "children": {
                                "SubprocessEnvManager._take_step": {
                                    "total": 223.11383989994647,
                                    "count": 121730,
                                    "self": 4.691532599969889,
                                    "children": {
                                        "TorchPolicy.evaluate": {
                                            "total": 218.42230729997658,
                                            "count": 62508,
                                            "self": 74.10959790003452,
                                            "children": {
                                                "TorchPolicy.sample_actions": {
                                                    "total": 144.31270939994207,
                                                    "count": 62508,
                                                    "self": 144.31270939994207
                                                }
                                            }
                                        }
                                    }
                                },
                                "workers": {
                                    "total": 1.6486987999868,
                                    "count": 121730,
                                    "self": 0.0,
                                    "children": {
                                        "worker_root": {
                                            "total": 3097.840116800108,
                                            "count": 121730,
                                            "is_parallel": true,