{
    "name": "root",
    "gauges": {
        "2DPlat.Policy.Entropy.mean": {
            "value": 1.7917391061782837,
            "min": 1.7917391061782837,
            "max": 1.7917391061782837,
            "count": 1
        },
        "2DPlat.Policy.Entropy.sum": {
            "value": 8965.8623046875,
            "min": 8965.8623046875,
            "max": 8965.8623046875,
            "count": 1
        },
        "2DPlat.Environment.EpisodeLength.mean": {
            "value": 205.5,
            "min": 205.5,
            "max": 205.5,
            "count": 1
        },
        "2DPlat.Environment.EpisodeLength.sum": {
            "value": 3288.0,
            "min": 3288.0,
            "max": 3288.0,
            "count": 1
        },
        "2DPlat.Step.mean": {
            "value": 4904.0,
            "min": 4904.0,
            "max": 4904.0,
            "count": 1
        },
        "2DPlat.Step.sum": {
            "value": 4904.0,
            "min": 4904.0,
            "max": 4904.0,
            "count": 1
        },
        "2DPlat.Policy.ExtrinsicValueEstimate.mean": {
            "value": -0.07229479402303696,
            "min": -0.07229479402303696,
            "max": -0.07229479402303696,
            "count": 1
        },
        "2DPlat.Policy.ExtrinsicValueEstimate.sum": {
            "value": -4.120803356170654,
            "min": -4.120803356170654,
            "max": -4.120803356170654,
            "count": 1
        },
        "2DPlat.Environment.CumulativeReward.mean": {
            "value": -0.9999144929068677,
            "min": -0.9999144929068677,
            "max": -0.9999144929068677,
            "count": 1
        },
        "2DPlat.Environment.CumulativeReward.sum": {
            "value": -15.998631886509884,
            "min": -15.998631886509884,
            "max": -15.998631886509884,
            "count": 1
        },
        "2DPlat.Policy.ExtrinsicReward.mean": {
            "value": -0.9999144929068677,
            "min": -0.9999144929068677,
            "max": -0.9999144929068677,
            "count": 1
        },
        "2DPlat.Policy.ExtrinsicReward.sum": {
            "value": -15.998631886509884,
            "min": -15.998631886509884,
            "max": -15.998631886509884,
            "count": 1
        },
        "2DPlat.IsTraining.mean": {
            "value": 1.0,
            "min": 1.0,
            "max": 1.0,
            "count": 1
        },
        "2DPlat.IsTraining.sum": {
            "value": 1.0,
            "min": 1.0,
            "max": 1.0,
            "count": 1
        }
    },
    "metadata": {
        "timer_format_version": "0.1.0",
        "start_time_seconds": "1633648013",
        "python_version": "3.9.5 (tags/v3.9.5:0a7dcbd, May  3 2021, 17:27:52) [MSC v.1928 64 bit (AMD64)]",
        "command_line_arguments": "D:\\Uni Work\\CGS\\Level Design Solo Project\\virtualenv\\Scripts\\mlagents-learn config/2DPlat.yaml --run-id=2DPlatNew5",
        "mlagents_version": "0.27.0",
        "mlagents_envs_version": "0.27.0",
        "communication_protocol_version": "1.5.0",
        "pytorch_version": "1.7.1+cu110",
        "numpy_version": "1.21.2",
        "end_time_seconds": "1633648077"
    },
    "total": 64.31503760000001,
    "count": 1,
    "self": 0.005110400000006621,
    "children": {
        "run_training.setup": {
            "total": 0.09513610000000006,
            "count": 1,
            "self": 0.09513610000000006
        },
        "TrainerController.start_learning": {
            "total": 64.2147911,
            "count": 1,
            "self": 0.11165560000016228,
            "children": {
                "TrainerController._reset_env": {
                    "total": 6.5130238,
                    "count": 1,
                    "self": 6.5130238
                },
                "TrainerController.advance": {
                    "total": 57.49767049999982,
                    "count": 6838,
                    "self": 0.10597539999995575,
                    "children": {
                        "env_step": {
                            "total": 56.73950569999986,
                            "count": 6838,
                            "self": 34.28288160000031,
                            "children": {
                                "SubprocessEnvManager._take_step": {
                                    "total": 22.389510699999867,
                                    "count": 6838,
                                    "self": 0.2995490999998722,
                                    "children": {
                                        "TorchPolicy.evaluate": {
                                            "total": 22.089961599999995,
                                            "count": 6812,
                                            "self": 7.17350489999988,
                                            "children": {
                                                "TorchPolicy.sample_actions": {
                                                    "total": 14.916456700000115,
                                                    "count": 6812,
                                                    "self": 14.916456700000115
                                                }
                                            }
                                        }
                                    }
                                },
                                "workers": {
                                    "total": 0.06711339999968224,
                                    "count": 6837,
                                    "self": 0.0,
                                    "children": {
                                        "worker_root": {
                                            "total": 58.63958909999996,
                                            "count": 6837,
                                            "is_parallel": true,
                                            "self": 29.874197500000157,
                                            "children": {
                                                "steps_from_proto": {
                                                    "total": 0.00040629999999985955,
                                                    "count": 1,
                                                    "is_parallel": true,
                                                    "self": 0.0002288999999997543,
                                                    "children": {
                                                        "_process_rank_one_or_two_observation": {
                                                            "total": 0.00017740000000010525,
                                                            "count": 4,
                                                            "is_parallel": true,
                                                            "self": 0.00017740000000010525
                                                        }
                                                    }
                                                },
                                                "UnityEnvironment.step": {
                                                    "total": 28.7649852999998,
                                                    "count": 6837,
                                                    "is_parallel": true,
                                                    "self": 0.44296569999939805,
                                                    "children": {
                                                        "UnityEnvironment._generate_step_input": {
                                                            "total": 0.36729280000014874,
                                                            "count": 6837,
                                                            "is_parallel": true,