{
    "name": "root",
    "gauges": {
        "2DPlat.Policy.Entropy.mean": {
            "value": 1.3507789373397827,
            "min": 1.3507789373397827,
            "max": 1.6113110780715942,
            "count": 20
        },
        "2DPlat.Policy.Entropy.sum": {
            "value": 67571.3671875,
            "min": 67571.3671875,
            "max": 80488.2109375,
            "count": 20
        },
        "2DPlat.Environment.EpisodeLength.mean": {
            "value": 1674.9666666666667,
            "min": 36.62829194883371,
            "max": 1674.9666666666667,
            "count": 20
        },
        "2DPlat.Environment.EpisodeLength.sum": {
            "value": 50249.0,
            "min": 32549.0,
            "max": 62766.0,
            "count": 20
        },
        "2DPlat.Step.mean": {
            "value": 999947.0,
            "min": 49973.0,
            "max": 999947.0,
            "count": 20
        },
        "2DPlat.Step.sum": {
            "value": 999947.0,
            "min": 49973.0,
            "max": 999947.0,
            "count": 20
        },
        "2DPlat.Policy.ExtrinsicValueEstimate.mean": {
            "value": 0.008545977994799614,
            "min": 6.100433165556751e-05,
            "max": 20.361745834350586,
            "count": 20
        },
        "2DPlat.Policy.ExtrinsicValueEstimate.sum": {
            "value": 6.853874206542969,
            "min": 0.060394287109375,
            "max": 28567.529296875,
            "count": 20
        },
        "2DPlat.Environment.CumulativeReward.mean": {
            "value": 0.38333333333333336,
            "min": -1.0,
            "max": 0.4728682170542636,
            "count": 20
        },
        "2DPlat.Environment.CumulativeReward.sum": {
            "value": 11.5,
            "min": -1328.0,
            "max": 170.0,
            "count": 20
        },
        "2DPlat.Policy.ExtrinsicReward.mean": {
            "value": 0.38333333333333336,
            "min": -1.0,
            "max": 0.4728682170542636,
            "count": 20
        },
        "2DPlat.Policy.ExtrinsicReward.sum": {
            "value": 11.5,
            "min": -1328.0,
            "max": 170.0,
            "count": 20
        },
        "2DPlat.Losses.PolicyLoss.mean": {
            "value": 0.02248162171182533,
            "min": 0.02044419356621802,
            "max": 0.028100650471945605,
            "count": 20
        },
        "2DPlat.Losses.PolicyLoss.sum": {
            "value": 0.11240810855912665,
            "min": 0.0926892482675612,
            "max": 0.14050325235972802,
            "count": 20
        },
        "2DPlat.Losses.ValueLoss.mean": {
            "value": 0.00046270354243461043,
            "min": 0.00046270354243461043,
            "max": 63.47170649071534,
            "count": 20
        },
        "2DPlat.Losses.ValueLoss.sum": {
            "value": 0.002313517712173052,
            "min": 0.002313517712173052,
            "max": 253.88682596286137,
            "count": 20
        },
        "2DPlat.Policy.LearningRate.mean": {
            "value": 7.234837588420005e-06,
            "min": 7.234837588420005e-06,
            "max": 0.000292303877565375,
            "count": 20
        },
        "2DPlat.Policy.LearningRate.sum": {
            "value": 3.617418794210002e-05,
            "min": 3.617418794210002e-05,
            "max": 0.0013922841359052997,
            "count": 20
        },
        "2DPlat.Policy.Epsilon.mean": {
            "value": 0.10241158000000002,
            "min": 0.10241158000000002,
            "max": 0.197434625,
            "count": 20
        },
        "2DPlat.Policy.Epsilon.sum": {
            "value": 0.5120579000000001,
            "min": 0.48975710000000006,
            "max": 0.9640947,
            "count": 20
        },
        "2DPlat.Policy.Beta.mean": {
            "value": 0.00013033784200000011,
            "min": 0.00013033784200000011,
            "max": 0.0048719877875000005,
            "count": 20
        },
        "2DPlat.Policy.Beta.sum": {
            "value": 0.0006516892100000006,
            "min": 0.0006516892100000006,
            "max": 0.023208325529999997,
            "count": 20
        },
        "2DPlat.IsTraining.mean": {
            "value": 1.0,
            "min": 1.0,
            "max": 1.0,
            "count": 20
        },
        "2DPlat.IsTraining.sum": {
            "value": 1.0,
            "min": 1.0,
            "max": 1.0,
            "count": 20
        }
    },
    "metadata": {
        "timer_format_version": "0.1.0",
        "start_time_seconds": "1635104714",
        "python_version": "3.9.5 (tags/v3.9.5:0a7dcbd, May  3 2021, 17:27:52) [MSC v.1928 64 bit (AMD64)]",
        "command_line_arguments": "D:\\Uni Work\\CGS\\Level Design Solo Project\\virtualenv\\Scripts\\mlagents-learn config/defaultconfig.yaml --run-id=2DPlatDefault1Block-36-2CoinOnGroundMILLIONSTEPS",
        "mlagents_version": "0.27.0",
        "mlagents_envs_version": "0.27.0",
        "communication_protocol_version": "1.5.0",
        "pytorch_version": "1.7.1+cu110",
        "numpy_version": "1.21.2",
        "end_time_seconds": "1635106985"
    },
    "total": 2271.5610317,
    "count": 1,
    "self": 0.008417000000008557,
    "children": {
        "run_training.setup": {
            "total": 0.08621699999999988,
            "count": 1,
            "self": 0.08621699999999988
        },
        "TrainerController.start_learning": {
            "total": 2271.4663977,
            "count": 1,
            "self": 2.6476854999891657,
            "children": {
                "TrainerController._reset_env": {
                    "total": 9.4872392,
                    "count": 1,
                    "self": 9.4872392
                },
                "TrainerController.advance": {
                    "total": 2259.25417470001,
                    "count": 129063,
                    "self": 2.4234246000000894,
                    "children": {
                        "env_step": {
                            "total": 1970.1297448999862,
                            "count": 129063,
                            "self": 1539.2943187999554,
                            "children": {
                                "SubprocessEnvManager._take_step": {
                                    "total": 429.16027410001976,
                                    "count": 129063,
                                    "self": 7.324391600023489,
                                    "children": {
                                        "TorchPolicy.evaluate": {
                                            "total": 421.8358824999963,
                                            "count": 125034,
                                            "self": 144.76753260002823,
                                            "children": {
                                                "TorchPolicy.sample_actions": {
                                                    "total": 277.06834989996804,
                                                    "count": 125034,
                                                    "self": 277.06834989996804
                                                }
                                            }
                                        }
                                    }
                                },
                                "workers": {
                                    "total": 1.6751520000111562,
                                    "count": 129063,
                                    "self": 0.0,
                                    "children": {
                                        "worker_root": {
                                            "total": 2259.53043769999,
                                            "count": 129063,
                                            "is_parallel": true,
                                            "self": 868.6517907999589,