{
    "name": "root",
    "gauges": {
        "2DPlat.Policy.Entropy.mean": {
            "value": 0.4692988693714142,
            "min": 0.4138542413711548,
            "max": 0.49358227849006653,
            "count": 20
        },
        "2DPlat.Policy.Entropy.sum": {
            "value": 23449.92578125,
            "min": 20686.08984375,
            "max": 24694.908203125,
            "count": 20
        },
        "2DPlat.Environment.EpisodeLength.mean": {
            "value": 11.316502463054187,
            "min": 10.653460731764158,
            "max": 11.495876030992251,
            "count": 20
        },
        "2DPlat.Environment.EpisodeLength.sum": {
            "value": 45945.0,
            "min": 45712.0,
            "max": 45995.0,
            "count": 20
        },
        "2DPlat.Step.mean": {
            "value": 999981.0,
            "min": 49997.0,
            "max": 999981.0,
            "count": 20
        },
        "2DPlat.Step.sum": {
            "value": 999981.0,
            "min": 49997.0,
            "max": 999981.0,
            "count": 20
        },
        "2DPlat.Policy.ExtrinsicValueEstimate.mean": {
            "value": 0.7889206409454346,
            "min": 0.7585279941558838,
            "max": 0.8916350603103638,
            "count": 20
        },
        "2DPlat.Policy.ExtrinsicValueEstimate.sum": {
            "value": 3203.017822265625,
            "min": 3078.66259765625,
            "max": 3758.24169921875,
            "count": 20
        },
        "2DPlat.Environment.CumulativeReward.mean": {
            "value": 0.8423645320197044,
            "min": 0.8147177899499881,
            "max": 0.9354685646500593,
            "count": 20
        },
        "2DPlat.Environment.CumulativeReward.sum": {
            "value": 3420.0,
            "min": 3273.0,
            "max": 3943.0,
            "count": 20
        },
        "2DPlat.Policy.ExtrinsicReward.mean": {
            "value": 0.8423645320197044,
            "min": 0.8147177899499881,
            "max": 0.9354685646500593,
            "count": 20
        },
        "2DPlat.Policy.ExtrinsicReward.sum": {
            "value": 3420.0,
            "min": 3273.0,
            "max": 3943.0,
            "count": 20
        },
        "2DPlat.Losses.PolicyLoss.mean": {
            "value": 0.031888678819797504,
            "min": 0.031888678819797504,
            "max": 0.037758989716564224,
            "count": 20
        },
        "2DPlat.Losses.PolicyLoss.sum": {
            "value": 0.0956660364593925,
            "min": 0.0956660364593925,
            "max": 0.14216802764186184,
            "count": 20
        },
        "2DPlat.Losses.ValueLoss.mean": {
            "value": 0.04968948481904193,
            "min": 0.029585347208462055,
            "max": 0.07467462808621683,
            "count": 20
        },
        "2DPlat.Losses.ValueLoss.sum": {
            "value": 0.1490684544571258,
            "min": 0.08875604162538617,
            "max": 0.2240238842586505,
            "count": 20
        },
        "2DPlat.Policy.LearningRate.mean": {
            "value": 7.329997556699999e-06,
            "min": 7.329997556699999e-06,
            "max": 0.0002909942030019333,
            "count": 20
        },
        "2DPlat.Policy.LearningRate.sum": {
            "value": 2.19899926701e-05,
            "min": 2.19899926701e-05,
            "max": 0.0009928773690409,
            "count": 20
        },
        "2DPlat.Policy.Epsilon.mean": {
            "value": 0.10122165000000001,
            "min": 0.10122165000000001,
            "max": 0.14849903333333334,
            "count": 20
        },
        "2DPlat.Policy.Epsilon.sum": {
            "value": 0.30366495000000004,
            "min": 0.30366495000000004,
            "max": 0.5654795499999999,
            "count": 20
        },
        "2DPlat.Policy.Beta.mean": {
            "value": 0.00020521966999999993,
            "min": 0.00020521966999999993,
            "max": 0.007760145526666667,
            "count": 20
        },
        "2DPlat.Policy.Beta.sum": {
            "value": 0.0006156590099999998,
            "min": 0.0006156590099999998,
            "max": 0.026483632090000007,
            "count": 20
        },
        "2DPlat.IsTraining.mean": {
            "value": 1.0,
            "min": 1.0,
            "max": 1.0,
            "count": 20
        },
        "2DPlat.IsTraining.sum": {
            "value": 1.0,
            "min": 1.0,
            "max": 1.0,
            "count": 20
        }
    },
    "metadata": {
        "timer_format_version": "0.1.0",
        "start_time_seconds": "1638260709",
        "python_version": "3.9.5 (tags/v3.9.5:0a7dcbd, May  3 2021, 17:27:52) [MSC v.1928 64 bit (AMD64)]",
        "command_line_arguments": "D:\\Uni Work\\CGS\\Level Design Solo Project\\virtualenv\\Scripts\\mlagents-learn config/2DPlatAlterPostStats.yaml --initialize-from=2DPlatAltPostStatsGap3Wide-37-35RANDOMTRY30 --run-id=2DPlatAltPostStatsGap3Wide-37-35RANDOMTRY31",
        "mlagents_version": "0.27.0",
        "mlagents_envs_version": "0.27.0",
        "communication_protocol_version": "1.5.0",
        "pytorch_version": "1.7.1+cu110",
        "numpy_version": "1.21.2",
        "end_time_seconds": "1638263850"
    },
    "total": 3141.1489536,
    "count": 1,
    "self": 0.21580310000035752,
    "children": {
        "run_training.setup": {
            "total": 0.1486554,
            "count": 1,
            "self": 0.1486554
        },
        "TrainerController.start_learning": {
            "total": 3140.7844950999997,
            "count": 1,
            "self": 2.8273161000070104,
            "children": {
                "TrainerController._reset_env": {
                    "total": 17.1817563,
                    "count": 1,
                    "self": 17.1817563
                },
                "TrainerController.advance": {
                    "total": 3120.7039193999926,
                    "count": 122853,
                    "self": 2.5587176999897565,
                    "children": {
                        "env_step": {
                            "total": 2549.744021700008,
                            "count": 122853,
                            "self": 2321.4348072001803,
                            "children": {
                                "SubprocessEnvManager._take_step": {
                                    "total": 226.657824999899,
                                    "count": 122853,
                                    "self": 4.635602399874841,
                                    "children": {
                                        "TorchPolicy.evaluate": {
                                            "total": 222.02222260002415,
                                            "count": 62507,
                                            "self": 76.2518375000281,
                                            "children": {
                                                "TorchPolicy.sample_actions": {
                                                    "total": 145.77038509999605,
                                                    "count": 62507,
                                                    "self": 145.77038509999605
                                                }
                                            }
                                        }
                                    }
                                },
                                "workers": {
                                    "total": 1.6513894999289107,
                                    "count": 122853,
                                    "self": 0.0,
                                    "children": {
                                        "worker_root": {
                                            "total": 3121.416384399922,
                                            "count": 122853,
                                            "is_parallel": true,