{
    "name": "root",
    "gauges": {
        "2DPlat.Policy.Entropy.mean": {
            "value": 1.0515092981222551e-05,
            "min": 1.0515092981222551e-05,
            "max": 5.610520747723058e-05,
            "count": 20
        },
        "2DPlat.Policy.Entropy.sum": {
            "value": 0.5257546305656433,
            "min": 0.5257546305656433,
            "max": 2.807055711746216,
            "count": 20
        },
        "2DPlat.Environment.EpisodeLength.mean": {
            "value": 18.362650135606355,
            "min": 18.34338747099768,
            "max": 18.368217054263567,
            "count": 20
        },
        "2DPlat.Environment.EpisodeLength.sum": {
            "value": 47394.0,
            "min": 47390.0,
            "max": 47445.0,
            "count": 20
        },
        "2DPlat.Step.mean": {
            "value": 999986.0,
            "min": 49991.0,
            "max": 999986.0,
            "count": 20
        },
        "2DPlat.Step.sum": {
            "value": 999986.0,
            "min": 49991.0,
            "max": 999986.0,
            "count": 20
        },
        "2DPlat.Policy.ExtrinsicValueEstimate.mean": {
            "value": 0.20770268142223358,
            "min": 0.09572537988424301,
            "max": 0.3350987136363983,
            "count": 20
        },
        "2DPlat.Policy.ExtrinsicValueEstimate.sum": {
            "value": 536.288330078125,
            "min": 247.16293334960938,
            "max": 865.224853515625,
            "count": 20
        },
        "2DPlat.Environment.CumulativeReward.mean": {
            "value": 0.09372579395817196,
            "min": 0.06893880712625872,
            "max": 0.10147172734314484,
            "count": 20
        },
        "2DPlat.Environment.CumulativeReward.sum": {
            "value": 242.0,
            "min": 178.0,
            "max": 262.0,
            "count": 20
        },
        "2DPlat.Policy.ExtrinsicReward.mean": {
            "value": 0.09372579395817196,
            "min": 0.06893880712625872,
            "max": 0.10147172734314484,
            "count": 20
        },
        "2DPlat.Policy.ExtrinsicReward.sum": {
            "value": 242.0,
            "min": 178.0,
            "max": 262.0,
            "count": 20
        },
        "2DPlat.Losses.PolicyLoss.mean": {
            "value": 0.02249394830626746,
            "min": 0.020753211261083683,
            "max": 0.026267662532627585,
            "count": 20
        },
        "2DPlat.Losses.PolicyLoss.sum": {
            "value": 0.11246974153133729,
            "min": 0.08642404787242412,
            "max": 0.13133831266313792,
            "count": 20
        },
        "2DPlat.Losses.ValueLoss.mean": {
            "value": 0.26729672372341157,
            "min": 0.26580539469917613,
            "max": 0.29787991126378377,
            "count": 20
        },
        "2DPlat.Losses.ValueLoss.sum": {
            "value": 1.336483618617058,
            "min": 1.0632215787967045,
            "max": 1.4893995563189188,
            "count": 20
        },
        "2DPlat.Policy.LearningRate.mean": {
            "value": 6.908617697159998e-06,
            "min": 6.908617697159998e-06,
            "max": 0.0002922786025738,
            "count": 20
        },
        "2DPlat.Policy.LearningRate.sum": {
            "value": 3.454308848579999e-05,
            "min": 3.454308848579999e-05,
            "max": 0.0013919718360093998,
            "count": 20
        },
        "2DPlat.Policy.Epsilon.mean": {
            "value": 0.10230284,
            "min": 0.10230284,
            "max": 0.19742620000000002,
            "count": 20
        },
        "2DPlat.Policy.Epsilon.sum": {
            "value": 0.5115142,
            "min": 0.5100030000000001,
            "max": 0.9639906000000001,
            "count": 20
        },
        "2DPlat.Policy.Beta.mean": {
            "value": 0.00012491171600000002,
            "min": 0.00012491171600000002,
            "max": 0.00487156738,
            "count": 20
        },
        "2DPlat.Policy.Beta.sum": {
            "value": 0.0006245585800000001,
            "min": 0.0006245585800000001,
            "max": 0.023203130939999997,
            "count": 20
        },
        "2DPlat.IsTraining.mean": {
            "value": 1.0,
            "min": 1.0,
            "max": 1.0,
            "count": 20
        },
        "2DPlat.IsTraining.sum": {
            "value": 1.0,
            "min": 1.0,
            "max": 1.0,
            "count": 20
        }
    },
    "metadata": {
        "timer_format_version": "0.1.0",
        "start_time_seconds": "1636062292",
        "python_version": "3.9.5 (tags/v3.9.5:0a7dcbd, May  3 2021, 17:27:52) [MSC v.1928 64 bit (AMD64)]",
        "command_line_arguments": "D:\\Uni Work\\CGS\\Level Design Solo Project\\virtualenv\\Scripts\\mlagents-learn config/defaultconfig.yaml --initialize-from=2DPlatDefaultGaps2Wide-36-28CoinRowOfFourMILLIONSTEPS --run-id=2DPlatDefaultGaps2Wide-36-28CoinRowOfFourMILLIONSTEPS2ND",
        "mlagents_version": "0.27.0",
        "mlagents_envs_version": "0.27.0",
        "communication_protocol_version": "1.5.0",
        "pytorch_version": "1.7.1+cu110",
        "numpy_version": "1.21.2",
        "end_time_seconds": "1636066085"
    },
    "total": 3793.1392083,
    "count": 1,
    "self": 0.1262507999999798,
    "children": {
        "run_training.setup": {
            "total": 0.598798900000002,
            "count": 1,
            "self": 0.598798900000002
        },
        "TrainerController.start_learning": {
            "total": 3792.4141586,
            "count": 1,
            "self": 2.8492135000560666,
            "children": {
                "TrainerController._reset_env": {
                    "total": 24.805030600000002,
                    "count": 1,
                    "self": 24.805030600000002
                },
                "TrainerController.advance": {
                    "total": 3764.6783705999437,
                    "count": 139886,
                    "self": 2.69199749997415,
                    "children": {
                        "env_step": {
                            "total": 3395.441414200012,
                            "count": 139886,
                            "self": 2940.211591200012,
                            "children": {
                                "SubprocessEnvManager._take_step": {
                                    "total": 453.37422159999477,
                                    "count": 139886,
                                    "self": 7.917222199939204,
                                    "children": {
                                        "TorchPolicy.evaluate": {
                                            "total": 445.45699940005557,
                                            "count": 125004,
                                            "self": 155.60710380003712,
                                            "children": {
                                                "TorchPolicy.sample_actions": {
                                                    "total": 289.84989560001844,
                                                    "count": 125004,
                                                    "self": 289.84989560001844
                                                }
                                            }
                                        }
                                    }
                                },
                                "workers": {
                                    "total": 1.8556014000047583,
                                    "count": 139886,
                                    "self": 0.0,
                                    "children": {
                                        "worker_root": {
                                            "total": 3774.5163455000684,
                                            "count": 139886,