{
    "name": "root",
    "gauges": {
        "2DPlat.Policy.Entropy.mean": {
            "value": 0.3631346523761749,
            "min": 0.3631346523761749,
            "max": 0.4758152961730957,
            "count": 20
        },
        "2DPlat.Policy.Entropy.sum": {
            "value": 18150.921875,
            "min": 18150.921875,
            "max": 23771.732421875,
            "count": 20
        },
        "2DPlat.Environment.EpisodeLength.mean": {
            "value": 12.459736062483167,
            "min": 12.431677852348994,
            "max": 13.320446735395189,
            "count": 20
        },
        "2DPlat.Environment.EpisodeLength.sum": {
            "value": 46263.0,
            "min": 46263.0,
            "max": 46515.0,
            "count": 20
        },
        "2DPlat.Step.mean": {
            "value": 999999.0,
            "min": 49988.0,
            "max": 999999.0,
            "count": 20
        },
        "2DPlat.Step.sum": {
            "value": 999999.0,
            "min": 49988.0,
            "max": 999999.0,
            "count": 20
        },
        "2DPlat.Policy.ExtrinsicValueEstimate.mean": {
            "value": 0.38332509994506836,
            "min": 0.2213258296251297,
            "max": 0.38930007815361023,
            "count": 20
        },
        "2DPlat.Policy.ExtrinsicValueEstimate.sum": {
            "value": 1423.66943359375,
            "min": 778.624267578125,
            "max": 1444.692626953125,
            "count": 20
        },
        "2DPlat.Environment.CumulativeReward.mean": {
            "value": 0.4243403338718363,
            "min": 0.20767688341449442,
            "max": 0.42710859606575047,
            "count": 20
        },
        "2DPlat.Environment.CumulativeReward.sum": {
            "value": 1576.0,
            "min": 725.0,
            "max": 1588.0,
            "count": 20
        },
        "2DPlat.Policy.ExtrinsicReward.mean": {
            "value": 0.4243403338718363,
            "min": 0.20767688341449442,
            "max": 0.42710859606575047,
            "count": 20
        },
        "2DPlat.Policy.ExtrinsicReward.sum": {
            "value": 1576.0,
            "min": 725.0,
            "max": 1588.0,
            "count": 20
        },
        "2DPlat.Losses.PolicyLoss.mean": {
            "value": 0.02408979369327426,
            "min": 0.02190819139437129,
            "max": 0.027415130830680333,
            "count": 20
        },
        "2DPlat.Losses.PolicyLoss.sum": {
            "value": 0.12044896846637129,
            "min": 0.09028626019135116,
            "max": 0.13264804012918224,
            "count": 20
        },
        "2DPlat.Losses.ValueLoss.mean": {
            "value": 0.0700639466693004,
            "min": 0.06979095719754695,
            "max": 0.11274719456831614,
            "count": 20
        },
        "2DPlat.Losses.ValueLoss.sum": {
            "value": 0.35031973334650196,
            "min": 0.29920384983221693,
            "max": 0.5637359728415807,
            "count": 20
        },
        "2DPlat.Policy.LearningRate.mean": {
            "value": 7.881937372720004e-06,
            "min": 7.881937372720004e-06,
            "max": 0.00029230522756492494,
            "count": 20
        },
        "2DPlat.Policy.LearningRate.sum": {
            "value": 3.9409686863600015e-05,
            "min": 3.9409686863600015e-05,
            "max": 0.0013923465358844998,
            "count": 20
        },
        "2DPlat.Policy.Epsilon.mean": {
            "value": 0.10262728000000002,
            "min": 0.10262728000000002,
            "max": 0.197435075,
            "count": 20
        },
        "2DPlat.Policy.Epsilon.sum": {
            "value": 0.5131364,
            "min": 0.46994949999999996,
            "max": 0.9641154999999999,
            "count": 20
        },
        "2DPlat.Policy.Beta.mean": {
            "value": 0.00014110127200000003,
            "min": 0.00014110127200000003,
            "max": 0.0048720102425000005,
            "count": 20
        },
        "2DPlat.Policy.Beta.sum": {
            "value": 0.0007055063600000001,
            "min": 0.0007055063600000001,
            "max": 0.02320936345,
            "count": 20
        },
        "2DPlat.IsTraining.mean": {
            "value": 1.0,
            "min": 1.0,
            "max": 1.0,
            "count": 20
        },
        "2DPlat.IsTraining.sum": {
            "value": 1.0,
            "min": 1.0,
            "max": 1.0,
            "count": 20
        }
    },
    "metadata": {
        "timer_format_version": "0.1.0",
        "start_time_seconds": "1637268845",
        "python_version": "3.9.5 (tags/v3.9.5:0a7dcbd, May  3 2021, 17:27:52) [MSC v.1928 64 bit (AMD64)]",
        "command_line_arguments": "D:\\Uni Work\\CGS\\Level Design Solo Project\\virtualenv\\Scripts\\mlagents-learn config/defaultconfig.yaml --initialize-from=RAYDefaultGapNOMODEL3Wide-37-35 --run-id=RAYDefaultGapNOMODEL3Wide-37-35TRY2",
        "mlagents_version": "0.27.0",
        "mlagents_envs_version": "0.27.0",
        "communication_protocol_version": "1.5.0",
        "pytorch_version": "1.7.1+cu110",
        "numpy_version": "1.21.2",
        "end_time_seconds": "1637274187"
    },
    "total": 5341.7213111,
    "count": 1,
    "self": 0.34195399999953224,
    "children": {
        "run_training.setup": {
            "total": 0.17597620000000003,
            "count": 1,
            "self": 0.17597620000000003
        },
        "TrainerController.start_learning": {
            "total": 5341.2033809,
            "count": 1,
            "self": 4.104277900121815,
            "children": {
                "TrainerController._reset_env": {
                    "total": 12.1854925,
                    "count": 1,
                    "self": 12.1854925
                },
                "TrainerController.advance": {
                    "total": 5324.685957099879,
                    "count": 177898,
                    "self": 3.7790933000233053,
                    "children": {
                        "env_step": {
                            "total": 4860.901064799988,
                            "count": 177898,
                            "self": 4390.982780200065,
                            "children": {
                                "SubprocessEnvManager._take_step": {
                                    "total": 467.5341040999981,
                                    "count": 177898,
                                    "self": 8.392645499902983,
                                    "children": {
                                        "TorchPolicy.evaluate": {
                                            "total": 459.1414586000951,
                                            "count": 125008,
                                            "self": 155.7359136000233,
                                            "children": {
                                                "TorchPolicy.sample_actions": {
                                                    "total": 303.4055450000718,
                                                    "count": 125008,
                                                    "self": 303.4055450000718
                                                }
                                            }
                                        }
                                    }
                                },
                                "workers": {
                                    "total": 2.384180499925158,
                                    "count": 177898,
                                    "self": 0.0,
                                    "children": {
                                        "worker_root": {
                                            "total": 5325.13126289984,
                                            "count": 177898,
                                            "is_parallel": true,