{
    "name": "root",
    "gauges": {
        "2DPlat.Policy.Entropy.mean": {
            "value": 0.010360580869019032,
            "min": 0.0014615681720897555,
            "max": 0.03772462531924248,
            "count": 20
        },
        "2DPlat.Policy.Entropy.sum": {
            "value": 520.6813354492188,
            "min": 73.05502319335938,
            "max": 1891.0599365234375,
            "count": 20
        },
        "2DPlat.Environment.EpisodeLength.mean": {
            "value": 73.72808320950966,
            "min": 50.93153526970954,
            "max": 74.02694610778443,
            "count": 20
        },
        "2DPlat.Environment.EpisodeLength.sum": {
            "value": 49619.0,
            "min": 48958.0,
            "max": 49619.0,
            "count": 20
        },
        "2DPlat.Step.mean": {
            "value": 999983.0,
            "min": 49966.0,
            "max": 999983.0,
            "count": 20
        },
        "2DPlat.Step.sum": {
            "value": 999983.0,
            "min": 49966.0,
            "max": 999983.0,
            "count": 20
        },
        "2DPlat.Policy.ExtrinsicValueEstimate.mean": {
            "value": -0.06370840221643448,
            "min": -0.6198599934577942,
            "max": 0.6256557703018188,
            "count": 20
        },
        "2DPlat.Policy.ExtrinsicValueEstimate.sum": {
            "value": -85.11442565917969,
            "min": -802.7186889648438,
            "max": 869.035888671875,
            "count": 20
        },
        "2DPlat.Environment.CumulativeReward.mean": {
            "value": 0.16389301929617353,
            "min": -0.8392523354459032,
            "max": 0.8004087209397018,
            "count": 20
        },
        "2DPlat.Environment.CumulativeReward.sum": {
            "value": 110.30000198632479,
            "min": -808.1999990344048,
            "max": 587.5000011697412,
            "count": 20
        },
        "2DPlat.Policy.ExtrinsicReward.mean": {
            "value": 0.16389301929617353,
            "min": -0.8392523354459032,
            "max": 0.8004087209397018,
            "count": 20
        },
        "2DPlat.Policy.ExtrinsicReward.sum": {
            "value": 110.30000198632479,
            "min": -808.1999990344048,
            "max": 587.5000011697412,
            "count": 20
        },
        "2DPlat.Losses.PolicyLoss.mean": {
            "value": 0.03433925355416615,
            "min": 0.03185983535354615,
            "max": 0.03623531643526102,
            "count": 20
        },
        "2DPlat.Losses.PolicyLoss.sum": {
            "value": 0.10301776066249846,
            "min": 0.09557950606063845,
            "max": 0.14494126574104407,
            "count": 20
        },
        "2DPlat.Losses.ValueLoss.mean": {
            "value": 0.03515503489166156,
            "min": 0.02864487292030933,
            "max": 0.09834977045612432,
            "count": 20
        },
        "2DPlat.Losses.ValueLoss.sum": {
            "value": 0.10546510467498467,
            "min": 0.08593461876092799,
            "max": 0.295049311368373,
            "count": 20
        },
        "2DPlat.Policy.LearningRate.mean": {
            "value": 6.575897808066665e-06,
            "min": 6.575897808066665e-06,
            "max": 0.00029093390302203334,
            "count": 20
        },
        "2DPlat.Policy.LearningRate.sum": {
            "value": 1.9727693424199997e-05,
            "min": 1.9727693424199997e-05,
            "max": 0.000992103069299,
            "count": 20
        },
        "2DPlat.Policy.Epsilon.mean": {
            "value": 0.10109596666666669,
            "min": 0.10109596666666669,
            "max": 0.14848898333333335,
            "count": 20
        },
        "2DPlat.Policy.Epsilon.sum": {
            "value": 0.30328790000000005,
            "min": 0.30328790000000005,
            "max": 0.5653505,
            "count": 20
        },
        "2DPlat.Policy.Beta.mean": {
            "value": 0.00018513547333333334,
            "min": 0.00018513547333333334,
            "max": 0.007758539536666665,
            "count": 20
        },
        "2DPlat.Policy.Beta.sum": {
            "value": 0.00055540642,
            "min": 0.00055540642,
            "max": 0.0264630099,
            "count": 20
        },
        "2DPlat.IsTraining.mean": {
            "value": 1.0,
            "min": 1.0,
            "max": 1.0,
            "count": 20
        },
        "2DPlat.IsTraining.sum": {
            "value": 1.0,
            "min": 1.0,
            "max": 1.0,
            "count": 20
        }
    },
    "metadata": {
        "timer_format_version": "0.1.0",
        "start_time_seconds": "1639353184",
        "python_version": "3.9.5 (tags/v3.9.5:0a7dcbd, May  3 2021, 17:27:52) [MSC v.1928 64 bit (AMD64)]",
        "command_line_arguments": "D:\\Uni Work\\CGS\\Level Design Solo Project\\virtualenv\\Scripts\\mlagents-learn config/2DPlatAlterPostStats.yaml --initialize-from=2DPlatLevel1TIMEPart3RETRY --run-id=2DPlatLevel1TIMEPart4",
        "mlagents_version": "0.27.0",
        "mlagents_envs_version": "0.27.0",
        "communication_protocol_version": "1.5.0",
        "pytorch_version": "1.7.1+cu110",
        "numpy_version": "1.21.2",
        "end_time_seconds": "1639355305"
    },
    "total": 2120.9034782000003,
    "count": 1,
    "self": 0.009851300000264018,
    "children": {
        "run_training.setup": {
            "total": 0.13294430000000013,
            "count": 1,
            "self": 0.13294430000000013
        },
        "TrainerController.start_learning": {
            "total": 2120.7606826,
            "count": 1,
            "self": 1.647979799926361,
            "children": {
                "TrainerController._reset_env": {
                    "total": 26.7902579,
                    "count": 1,
                    "self": 26.7902579
                },
                "TrainerController.advance": {
                    "total": 2092.2113844000737,
                    "count": 72579,
                    "self": 1.5907868001327188,
                    "children": {
                        "env_step": {
                            "total": 1649.6466956999366,
                            "count": 72579,
                            "self": 1359.3945773999458,
                            "children": {
                                "SubprocessEnvManager._take_step": {
                                    "total": 289.2653507999778,
                                    "count": 72579,
                                    "self": 4.649758799983147,
                                    "children": {
                                        "TorchPolicy.evaluate": {
                                            "total": 284.61559199999465,
                                            "count": 62537,
                                            "self": 79.73588040001121,
                                            "children": {
                                                "TorchPolicy.sample_actions": {
                                                    "total": 204.87971159998344,
                                                    "count": 62537,
                                                    "self": 204.87971159998344
                                                }
                                            }
                                        }
                                    }
                                },
                                "workers": {
                                    "total": 0.9867675000129168,
                                    "count": 72579,
                                    "self": 0.0,
                                    "children": {
                                        "worker_root": {
                                            "total": 2093.200678499988,
                                            "count": 72579,