{
    "name": "root",
    "gauges": {
        "2DPlat.Policy.Entropy.mean": {
            "value": 0.0002866477007046342,
            "min": 0.0002866477007046342,
            "max": 0.6966515779495239,
            "count": 20
        },
        "2DPlat.Policy.Entropy.sum": {
            "value": 14.339264869689941,
            "min": 14.339264869689941,
            "max": 34832.578125,
            "count": 20
        },
        "2DPlat.Step.mean": {
            "value": 999999.0,
            "min": 49989.0,
            "max": 999999.0,
            "count": 20
        },
        "2DPlat.Step.sum": {
            "value": 999999.0,
            "min": 49989.0,
            "max": 999999.0,
            "count": 20
        },
        "2DPlat.Policy.ExtrinsicValueEstimate.mean": {
            "value": 0.6566511392593384,
            "min": -7.142504692077637,
            "max": 0.6924701929092407,
            "count": 20
        },
        "2DPlat.Policy.ExtrinsicValueEstimate.sum": {
            "value": 3415.24267578125,
            "min": -11485.1474609375,
            "max": 3601.53759765625,
            "count": 20
        },
        "2DPlat.Environment.EpisodeLength.mean": {
            "value": 8.614763552479815,
            "min": 8.614763552479815,
            "max": 471.56382978723406,
            "count": 20
        },
        "2DPlat.Environment.EpisodeLength.sum": {
            "value": 44814.0,
            "min": 44327.0,
            "max": 54925.0,
            "count": 20
        },
        "2DPlat.Environment.CumulativeReward.mean": {
            "value": 1.0,
            "min": 1.0,
            "max": 1.0,
            "count": 20
        },
        "2DPlat.Environment.CumulativeReward.sum": {
            "value": 5201.0,
            "min": 94.0,
            "max": 5201.0,
            "count": 20
        },
        "2DPlat.Policy.ExtrinsicReward.mean": {
            "value": 1.0,
            "min": 1.0,
            "max": 1.0,
            "count": 20
        },
        "2DPlat.Policy.ExtrinsicReward.sum": {
            "value": 5201.0,
            "min": 94.0,
            "max": 5201.0,
            "count": 20
        },
        "2DPlat.Losses.PolicyLoss.mean": {
            "value": 0.0506662311583447,
            "min": 0.04685656698963915,
            "max": 0.05255875594137858,
            "count": 20
        },
        "2DPlat.Losses.PolicyLoss.sum": {
            "value": 0.2533311557917235,
            "min": 0.19393908590233577,
            "max": 0.2627937797068929,
            "count": 20
        },
        "2DPlat.Losses.ValueLoss.mean": {
            "value": 0.0027540481245766084,
            "min": 0.0027540481245766084,
            "max": 4.31540681028273,
            "count": 20
        },
        "2DPlat.Losses.ValueLoss.sum": {
            "value": 0.013770240622883042,
            "min": 0.012790246847240875,
            "max": 17.26162724113092,
            "count": 20
        },
        "2DPlat.Policy.LearningRate.mean": {
            "value": 2.6109773891199997e-06,
            "min": 2.6109773891199997e-06,
            "max": 9.7432427567575e-05,
            "count": 20
        },
        "2DPlat.Policy.LearningRate.sum": {
            "value": 1.3054886945599999e-05,
            "min": 1.3054886945599999e-05,
            "max": 0.0004640722359278001,
            "count": 20
        },
        "2DPlat.Policy.Epsilon.mean": {
            "value": 0.10261088000000003,
            "min": 0.10261088000000003,
            "max": 0.19743242499999997,
            "count": 20
        },
        "2DPlat.Policy.Epsilon.sum": {
            "value": 0.5130544000000001,
            "min": 0.4699282,
            "max": 0.9640722,
            "count": 20
        },
        "2DPlat.Policy.Beta.mean": {
            "value": 3.5847712e-05,
            "min": 3.5847712e-05,
            "max": 0.0009745810074999999,
            "count": 20
        },
        "2DPlat.Policy.Beta.sum": {
            "value": 0.00017923855999999998,
            "min": 0.00017923855999999998,
            "max": 0.0046443147800000004,
            "count": 20
        },
        "2DPlat.IsTraining.mean": {
            "value": 1.0,
            "min": 1.0,
            "max": 1.0,
            "count": 20
        },
        "2DPlat.IsTraining.sum": {
            "value": 1.0,
            "min": 1.0,
            "max": 1.0,
            "count": 20
        }
    },
    "metadata": {
        "timer_format_version": "0.1.0",
        "start_time_seconds": "1636576188",
        "python_version": "3.9.5 (tags/v3.9.5:0a7dcbd, May  3 2021, 17:27:52) [MSC v.1928 64 bit (AMD64)]",
        "command_line_arguments": "D:\\Uni Work\\CGS\\Level Design Solo Project\\virtualenv\\Scripts\\mlagents-learn config/2DPlat.yaml --run-id=2DPlatNovemConfig1Block-36FIRSTFRESH",
        "mlagents_version": "0.27.0",
        "mlagents_envs_version": "0.27.0",
        "communication_protocol_version": "1.5.0",
        "pytorch_version": "1.7.1+cu110",
        "numpy_version": "1.21.2",
        "end_time_seconds": "1636579076"
    },
    "total": 2887.4823865999997,
    "count": 1,
    "self": 0.024715499999729218,
    "children": {
        "run_training.setup": {
            "total": 0.22842749999999956,
            "count": 1,
            "self": 0.22842749999999956
        },
        "TrainerController.start_learning": {
            "total": 2887.2292436,
            "count": 1,
            "self": 3.8387412999895787,
            "children": {
                "TrainerController._reset_env": {
                    "total": 9.603685800000001,
                    "count": 1,
                    "self": 9.603685800000001
                },
                "TrainerController.advance": {
                    "total": 2873.70597300001,
                    "count": 181564,
                    "self": 3.6784747000383504,
                    "children": {
                        "env_step": {
                            "total": 2218.6882983999785,
                            "count": 181564,
                            "self": 1773.4049142999947,
                            "children": {
                                "SubprocessEnvManager._take_step": {
                                    "total": 442.9869300000049,
                                    "count": 181564,
                                    "self": 7.471415299994135,
                                    "children": {
                                        "TorchPolicy.evaluate": {
                                            "total": 435.5155147000108,
                                            "count": 125007,
                                            "self": 152.4697916000166,
                                            "children": {
                                                "TorchPolicy.sample_actions": {
                                                    "total": 283.0457230999942,
                                                    "count": 125007,
                                                    "self": 283.0457230999942
                                                }
                                            }
                                        }
                                    }
                                },
                                "workers": {
                                    "total": 2.2964540999787353,
                                    "count": 181564,
                                    "self": 0.0,
                                    "children": {
                                        "worker_root": {
                                            "total": 2873.732180399997,
                                            "count": 181564,
                                            "is_parallel": true,
                                            "self": 1291.252814699965,