{
    "name": "root",
    "gauges": {
        "2DPlat.Policy.Entropy.mean": {
            "value": 0.4645645320415497,
            "min": 0.4645645320415497,
            "max": 0.5454220175743103,
            "count": 20
        },
        "2DPlat.Policy.Entropy.sum": {
            "value": 23235.66015625,
            "min": 23235.66015625,
            "max": 27262.375,
            "count": 20
        },
        "2DPlat.Environment.EpisodeLength.mean": {
            "value": 11.074843070980203,
            "min": 10.68411214953271,
            "max": 11.299384993849939,
            "count": 20
        },
        "2DPlat.Environment.EpisodeLength.sum": {
            "value": 45872.0,
            "min": 45716.0,
            "max": 45932.0,
            "count": 20
        },
        "2DPlat.Step.mean": {
            "value": 999988.0,
            "min": 49994.0,
            "max": 999988.0,
            "count": 20
        },
        "2DPlat.Step.sum": {
            "value": 999988.0,
            "min": 49994.0,
            "max": 999988.0,
            "count": 20
        },
        "2DPlat.Policy.ExtrinsicValueEstimate.mean": {
            "value": 0.8025137186050415,
            "min": 0.7151398658752441,
            "max": 0.8199819326400757,
            "count": 20
        },
        "2DPlat.Policy.ExtrinsicValueEstimate.sum": {
            "value": 3324.01171875,
            "min": 2907.04345703125,
            "max": 3502.962890625,
            "count": 20
        },
        "2DPlat.Environment.CumulativeReward.mean": {
            "value": 0.858522452921294,
            "min": 0.779089790897909,
            "max": 0.8684456928838952,
            "count": 20
        },
        "2DPlat.Environment.CumulativeReward.sum": {
            "value": 3556.0,
            "min": 3167.0,
            "max": 3710.0,
            "count": 20
        },
        "2DPlat.Policy.ExtrinsicReward.mean": {
            "value": 0.858522452921294,
            "min": 0.779089790897909,
            "max": 0.8684456928838952,
            "count": 20
        },
        "2DPlat.Policy.ExtrinsicReward.sum": {
            "value": 3556.0,
            "min": 3167.0,
            "max": 3710.0,
            "count": 20
        },
        "2DPlat.Losses.PolicyLoss.mean": {
            "value": 0.03562523687697262,
            "min": 0.03132612925643722,
            "max": 0.036111627689337934,
            "count": 20
        },
        "2DPlat.Losses.PolicyLoss.sum": {
            "value": 0.10687571063091786,
            "min": 0.09397838776931167,
            "max": 0.1439345892085212,
            "count": 20
        },
        "2DPlat.Losses.ValueLoss.mean": {
            "value": 0.04588802686046766,
            "min": 0.04588802686046766,
            "max": 0.09887106103244525,
            "count": 20
        },
        "2DPlat.Losses.ValueLoss.sum": {
            "value": 0.13766408058140298,
            "min": 0.13766408058140298,
            "max": 0.29661318309733575,
            "count": 20
        },
        "2DPlat.Policy.LearningRate.mean": {
            "value": 7.315997561366663e-06,
            "min": 7.315997561366663e-06,
            "max": 0.0002909975030008333,
            "count": 20
        },
        "2DPlat.Policy.LearningRate.sum": {
            "value": 2.194799268409999e-05,
            "min": 2.194799268409999e-05,
            "max": 0.0009928392690535998,
            "count": 20
        },
        "2DPlat.Policy.Epsilon.mean": {
            "value": 0.10121931666666666,
            "min": 0.10121931666666666,
            "max": 0.14849958333333332,
            "count": 20
        },
        "2DPlat.Policy.Epsilon.sum": {
            "value": 0.30365794999999995,
            "min": 0.30365794999999995,
            "max": 0.5654732,
            "count": 20
        },
        "2DPlat.Policy.Beta.mean": {
            "value": 0.00020484680333333327,
            "min": 0.00020484680333333327,
            "max": 0.007760233416666667,
            "count": 20
        },
        "2DPlat.Policy.Beta.sum": {
            "value": 0.0006145404099999998,
            "min": 0.0006145404099999998,
            "max": 0.02648261736,
            "count": 20
        },
        "2DPlat.IsTraining.mean": {
            "value": 1.0,
            "min": 1.0,
            "max": 1.0,
            "count": 20
        },
        "2DPlat.IsTraining.sum": {
            "value": 1.0,
            "min": 1.0,
            "max": 1.0,
            "count": 20
        }
    },
    "metadata": {
        "timer_format_version": "0.1.0",
        "start_time_seconds": "1638221812",
        "python_version": "3.9.5 (tags/v3.9.5:0a7dcbd, May  3 2021, 17:27:52) [MSC v.1928 64 bit (AMD64)]",
        "command_line_arguments": "D:\\Uni Work\\CGS\\Level Design Solo Project\\virtualenv\\Scripts\\mlagents-learn config/2DPlatAlterPostStats.yaml --initialize-from=2DPlatAltPostStatsGap3Wide-37-35RANDOMTRY22 --run-id=2DPlatAltPostStatsGap3Wide-37-35RANDOMTRY23",
        "mlagents_version": "0.27.0",
        "mlagents_envs_version": "0.27.0",
        "communication_protocol_version": "1.5.0",
        "pytorch_version": "1.7.1+cu110",
        "numpy_version": "1.21.2",
        "end_time_seconds": "1638225723"
    },
    "total": 3911.104443,
    "count": 1,
    "self": 0.13987000000042826,
    "children": {
        "run_training.setup": {
            "total": 0.25168760000000034,
            "count": 1,
            "self": 0.25168760000000034
        },
        "TrainerController.start_learning": {
            "total": 3910.7128854,
            "count": 1,
            "self": 3.760460099984357,
            "children": {
                "TrainerController._reset_env": {
                    "total": 18.296445,
                    "count": 1,
                    "self": 18.296445
                },
                "TrainerController.advance": {
                    "total": 3888.5694535000157,
                    "count": 123582,
                    "self": 3.375834899916754,
                    "children": {
                        "env_step": {
                            "total": 3178.1380472000246,
                            "count": 123582,
                            "self": 2903.67281310003,
                            "children": {
                                "SubprocessEnvManager._take_step": {
                                    "total": 272.35753429996697,
                                    "count": 123582,
                                    "self": 6.503372600005434,
                                    "children": {
                                        "TorchPolicy.evaluate": {
                                            "total": 265.85416169996154,
                                            "count": 62507,
                                            "self": 83.58595189996481,
                                            "children": {
                                                "TorchPolicy.sample_actions": {
                                                    "total": 182.26820979999673,
                                                    "count": 62507,
                                                    "self": 182.26820979999673
                                                }
                                            }
                                        }
                                    }
                                },
                                "workers": {
                                    "total": 2.107699800027447,
                                    "count": 123582,
                                    "self": 0.0,
                                    "children": {
                                        "worker_root": {
                                            "total": 3889.2500435999996,
                                            "count": 123582,
                                            "is_parallel": true,