{
    "name": "root",
    "gauges": {
        "2DPlat.Policy.Entropy.mean": {
            "value": 0.028157558292150497,
            "min": 0.028157558292150497,
            "max": 0.08488672971725464,
            "count": 20
        },
        "2DPlat.Policy.Entropy.sum": {
            "value": 1407.8779296875,
            "min": 1407.8779296875,
            "max": 4251.12744140625,
            "count": 20
        },
        "2DPlat.Environment.EpisodeLength.mean": {
            "value": 21.76593806921676,
            "min": 21.76593806921676,
            "max": 22.21773444753946,
            "count": 20
        },
        "2DPlat.Environment.EpisodeLength.sum": {
            "value": 47798.0,
            "min": 47798.0,
            "max": 47857.0,
            "count": 20
        },
        "2DPlat.Step.mean": {
            "value": 999986.0,
            "min": 49978.0,
            "max": 999986.0,
            "count": 20
        },
        "2DPlat.Step.sum": {
            "value": 999986.0,
            "min": 49978.0,
            "max": 999986.0,
            "count": 20
        },
        "2DPlat.Policy.ExtrinsicValueEstimate.mean": {
            "value": 0.6545581221580505,
            "min": 0.5365309715270996,
            "max": 0.702795684337616,
            "count": 20
        },
        "2DPlat.Policy.ExtrinsicValueEstimate.sum": {
            "value": 1437.40966796875,
            "min": 1161.052978515625,
            "max": 1539.12255859375,
            "count": 20
        },
        "2DPlat.Environment.CumulativeReward.mean": {
            "value": 0.7304189435336976,
            "min": 0.6889507892293407,
            "max": 0.7361429225836006,
            "count": 20
        },
        "2DPlat.Environment.CumulativeReward.sum": {
            "value": 1604.0,
            "min": 1484.0,
            "max": 1607.0,
            "count": 20
        },
        "2DPlat.Policy.ExtrinsicReward.mean": {
            "value": 0.7304189435336976,
            "min": 0.6889507892293407,
            "max": 0.7361429225836006,
            "count": 20
        },
        "2DPlat.Policy.ExtrinsicReward.sum": {
            "value": 1604.0,
            "min": 1484.0,
            "max": 1607.0,
            "count": 20
        },
        "2DPlat.Losses.PolicyLoss.mean": {
            "value": 0.03550694655567132,
            "min": 0.03180305056815703,
            "max": 0.03731411936950144,
            "count": 20
        },
        "2DPlat.Losses.PolicyLoss.sum": {
            "value": 0.10652083966701395,
            "min": 0.09540915170447109,
            "max": 0.14810157564954413,
            "count": 20
        },
        "2DPlat.Losses.ValueLoss.mean": {
            "value": 0.12553078694076372,
            "min": 0.12553078694076372,
            "max": 0.4450038398733769,
            "count": 20
        },
        "2DPlat.Losses.ValueLoss.sum": {
            "value": 0.3765923608222912,
            "min": 0.3765923608222912,
            "max": 1.3350115196201306,
            "count": 20
        },
        "2DPlat.Policy.LearningRate.mean": {
            "value": 7.207697597466681e-06,
            "min": 7.207697597466681e-06,
            "max": 0.0002909956030014666,
            "count": 20
        },
        "2DPlat.Policy.LearningRate.sum": {
            "value": 2.1623092792400045e-05,
            "min": 2.1623092792400045e-05,
            "max": 0.0009928344690551998,
            "count": 20
        },
        "2DPlat.Policy.Epsilon.mean": {
            "value": 0.10120126666666669,
            "min": 0.10120126666666669,
            "max": 0.14849926666666668,
            "count": 20
        },
        "2DPlat.Policy.Epsilon.sum": {
            "value": 0.3036038000000001,
            "min": 0.3036038000000001,
            "max": 0.5654723999999998,
            "count": 20
        },
        "2DPlat.Policy.Beta.mean": {
            "value": 0.00020196241333333376,
            "min": 0.00020196241333333376,
            "max": 0.007760182813333333,
            "count": 20
        },
        "2DPlat.Policy.Beta.sum": {
            "value": 0.0006058872400000013,
            "min": 0.0006058872400000013,
            "max": 0.026482489519999996,
            "count": 20
        },
        "2DPlat.IsTraining.mean": {
            "value": 1.0,
            "min": 1.0,
            "max": 1.0,
            "count": 20
        },
        "2DPlat.IsTraining.sum": {
            "value": 1.0,
            "min": 1.0,
            "max": 1.0,
            "count": 20
        }
    },
    "metadata": {
        "timer_format_version": "0.1.0",
        "start_time_seconds": "1639522935",
        "python_version": "3.9.5 (tags/v3.9.5:0a7dcbd, May  3 2021, 17:27:52) [MSC v.1928 64 bit (AMD64)]",
        "command_line_arguments": "D:\\Uni Work\\CGS\\Level Design Solo Project\\virtualenv\\Scripts\\mlagents-learn config/2DPlatAlterPostStats.yaml --initialize-from=2DPlatLevel1BESTOBSERVPart2TRY2MAYBE --run-id=2DPlatLevel1BESTOBSERVPart2TRY3",
        "mlagents_version": "0.27.0",
        "mlagents_envs_version": "0.27.0",
        "communication_protocol_version": "1.5.0",
        "pytorch_version": "1.7.1+cu110",
        "numpy_version": "1.21.2",
        "end_time_seconds": "1639525007"
    },
    "total": 2071.6944749,
    "count": 1,
    "self": 0.16891390000000683,
    "children": {
        "run_training.setup": {
            "total": 0.5942015999999981,
            "count": 1,
            "self": 0.5942015999999981
        },
        "TrainerController.start_learning": {
            "total": 2070.9313594,
            "count": 1,
            "self": 1.9891677000309755,
            "children": {
                "TrainerController._reset_env": {
                    "total": 24.283291000000002,
                    "count": 1,
                    "self": 24.283291000000002
                },
                "TrainerController.advance": {
                    "total": 2044.5531151999687,
                    "count": 95136,
                    "self": 1.8833904999967217,
                    "children": {
                        "env_step": {
                            "total": 1586.5253790999907,
                            "count": 95136,
                            "self": 1311.5023102999621,
                            "children": {
                                "SubprocessEnvManager._take_step": {
                                    "total": 273.8312270000179,
                                    "count": 95136,
                                    "self": 4.032221900027707,
                                    "children": {
                                        "TorchPolicy.evaluate": {
                                            "total": 269.7990050999902,
                                            "count": 62513,
                                            "self": 73.44061180001364,
                                            "children": {
                                                "TorchPolicy.sample_actions": {
                                                    "total": 196.35839329997657,
                                                    "count": 62513,
                                                    "self": 196.35839329997657
                                                }
                                            }
                                        }
                                    }
                                },
                                "workers": {
                                    "total": 1.1918418000107067,
                                    "count": 95136,
                                    "self": 0.0,
                                    "children": {
                                        "worker_root": {
                                            "total": 2056.4610640000105,
                                            "count": 95136,
                                            "is_parallel": true,