{
    "name": "root",
    "gauges": {
        "2DPlat.Policy.Entropy.mean": {
            "value": 1.3101937770843506,
            "min": 1.3101937770843506,
            "max": 1.7321704626083374,
            "count": 9
        },
        "2DPlat.Policy.Entropy.sum": {
            "value": 65509.69140625,
            "min": 55107.015625,
            "max": 86650.09375,
            "count": 9
        },
        "2DPlat.Step.mean": {
            "value": 499970.0,
            "min": 99977.0,
            "max": 499970.0,
            "count": 9
        },
        "2DPlat.Step.sum": {
            "value": 499970.0,
            "min": 99977.0,
            "max": 499970.0,
            "count": 9
        },
        "2DPlat.Policy.ExtrinsicValueEstimate.mean": {
            "value": 0.037214212119579315,
            "min": 0.037214212119579315,
            "max": 11.440710067749023,
            "count": 9
        },
        "2DPlat.Policy.ExtrinsicValueEstimate.sum": {
            "value": 29.175941467285156,
            "min": 29.175941467285156,
            "max": 6017.8134765625,
            "count": 9
        },
        "2DPlat.Environment.EpisodeLength.mean": {
            "value": 7141.857142857143,
            "min": 1062.6,
            "max": 7141.857142857143,
            "count": 9
        },
        "2DPlat.Environment.EpisodeLength.sum": {
            "value": 49993.0,
            "min": 28038.0,
            "max": 53130.0,
            "count": 9
        },
        "2DPlat.Environment.CumulativeReward.mean": {
            "value": 0.0,
            "min": -0.95,
            "max": 0.21428571428571427,
            "count": 9
        },
        "2DPlat.Environment.CumulativeReward.sum": {
            "value": 0.0,
            "min": -47.5,
            "max": 4.5,
            "count": 9
        },
        "2DPlat.Policy.ExtrinsicReward.mean": {
            "value": 0.0,
            "min": -0.95,
            "max": 0.21428571428571427,
            "count": 9
        },
        "2DPlat.Policy.ExtrinsicReward.sum": {
            "value": 0.0,
            "min": -47.5,
            "max": 4.5,
            "count": 9
        },
        "2DPlat.Losses.PolicyLoss.mean": {
            "value": 0.024288426386192438,
            "min": 0.020426188849119675,
            "max": 0.02531618468541031,
            "count": 9
        },
        "2DPlat.Losses.PolicyLoss.sum": {
            "value": 0.12144213193096219,
            "min": 0.061278566547359026,
            "max": 0.12570753560091058,
            "count": 9
        },
        "2DPlat.Losses.ValueLoss.mean": {
            "value": 0.00030169107078108936,
            "min": 0.00030169107078108936,
            "max": 1.2941836701499092,
            "count": 9
        },
        "2DPlat.Losses.ValueLoss.sum": {
            "value": 0.0015084553539054467,
            "min": 0.0015084553539054467,
            "max": 3.8825510104497276,
            "count": 9
        },
        "2DPlat.Policy.LearningRate.mean": {
            "value": 1.330065556648e-05,
            "min": 1.330065556648e-05,
            "max": 0.00024743521752159997,
            "count": 9
        },
        "2DPlat.Policy.LearningRate.sum": {
            "value": 6.65032778324e-05,
            "min": 6.65032778324e-05,
            "max": 0.0011139829286724,
            "count": 9
        },
        "2DPlat.Policy.Epsilon.mean": {
            "value": 0.10443351999999999,
            "min": 0.10443351999999999,
            "max": 0.1824784,
            "count": 9
        },
        "2DPlat.Policy.Epsilon.sum": {
            "value": 0.5221676,
            "min": 0.5221676,
            "max": 0.8713276000000001,
            "count": 9
        },
        "2DPlat.Policy.Beta.mean": {
            "value": 0.000231232648,
            "min": 0.000231232648,
            "max": 0.004125672160000001,
            "count": 9
        },
        "2DPlat.Policy.Beta.sum": {
            "value": 0.00115616324,
            "min": 0.00115616324,
            "max": 0.018579247240000006,
            "count": 9
        },
        "2DPlat.IsTraining.mean": {
            "value": 1.0,
            "min": 1.0,
            "max": 1.0,
            "count": 9
        },
        "2DPlat.IsTraining.sum": {
            "value": 1.0,
            "min": 1.0,
            "max": 1.0,
            "count": 9
        }
    },
    "metadata": {
        "timer_format_version": "0.1.0",
        "start_time_seconds": "1633729414",
        "python_version": "3.9.5 (tags/v3.9.5:0a7dcbd, May  3 2021, 17:27:52) [MSC v.1928 64 bit (AMD64)]",
        "command_line_arguments": "D:\\Uni Work\\CGS\\Level Design Solo Project\\virtualenv\\Scripts\\mlagents-learn --resume --run-id=2DPlatDefault2",
        "mlagents_version": "0.27.0",
        "mlagents_envs_version": "0.27.0",
        "communication_protocol_version": "1.5.0",
        "pytorch_version": "1.7.1+cu110",
        "numpy_version": "1.21.2",
        "end_time_seconds": "1633733708"
    },
    "total": 4294.3924697,
    "count": 1,
    "self": 0.20605710000018007,
    "children": {
        "run_training.setup": {
            "total": 0.117826599999999,
            "count": 1,
            "self": 0.117826599999999
        },
        "TrainerController.start_learning": {
            "total": 4294.068586,
            "count": 1,
            "self": 8.092293800042171,
            "children": {
                "TrainerController._reset_env": {
                    "total": 18.6590919,
                    "count": 1,
                    "self": 18.6590919
                },
                "TrainerController.advance": {
                    "total": 4267.224992899958,
                    "count": 433083,
                    "self": 7.852363099878858,
                    "children": {
                        "env_step": {
                            "total": 4114.894153200058,
                            "count": 433083,
                            "self": 2505.279268400016,
                            "children": {
                                "SubprocessEnvManager._take_step": {
                                    "total": 1604.0874028999983,
                                    "count": 433083,
                                    "self": 24.950757700112717,
                                    "children": {
                                        "TorchPolicy.evaluate": {
                                            "total": 1579.1366451998856,
                                            "count": 432980,
                                            "self": 511.7870543998654,
                                            "children": {
                                                "TorchPolicy.sample_actions": {
                                                    "total": 1067.3495908000202,
                                                    "count": 432980,
                                                    "self": 1067.3495908000202
                                                }
                                            }
                                        }
                                    }
                                },
                                "workers": {
                                    "total": 5.52748190004381,
                                    "count": 433083,
                                    "self": 0.0,
                                    "children": {
                                        "worker_root": {
                                            "total": 4273.590347899991,
                                            "count": 433083,
                                            "is_parallel": true,
                                            "self": 2185.6945152001463,
                                            "children": {
                                                "steps_from_proto": {
                                                    "total": 0.11199150000000024,