{
    "name": "root",
    "gauges": {
        "2DPlat.Policy.Entropy.mean": {
            "value": 0.4426780045032501,
            "min": 0.41501012444496155,
            "max": 0.5767128467559814,
            "count": 20
        },
        "2DPlat.Policy.Entropy.sum": {
            "value": 22112.65234375,
            "min": 20850.109375,
            "max": 28863.32421875,
            "count": 20
        },
        "2DPlat.Environment.EpisodeLength.mean": {
            "value": 21.980698529411764,
            "min": 21.955004591368226,
            "max": 23.39560975609756,
            "count": 20
        },
        "2DPlat.Environment.EpisodeLength.sum": {
            "value": 47830.0,
            "min": 47818.0,
            "max": 47961.0,
            "count": 20
        },
        "2DPlat.Step.mean": {
            "value": 999988.0,
            "min": 49996.0,
            "max": 999988.0,
            "count": 20
        },
        "2DPlat.Step.sum": {
            "value": 999988.0,
            "min": 49996.0,
            "max": 999988.0,
            "count": 20
        },
        "2DPlat.Policy.ExtrinsicValueEstimate.mean": {
            "value": 0.8964948654174805,
            "min": 0.8919106721878052,
            "max": 0.9386616945266724,
            "count": 20
        },
        "2DPlat.Policy.ExtrinsicValueEstimate.sum": {
            "value": 1950.7728271484375,
            "min": 1830.224609375,
            "max": 1979.637451171875,
            "count": 20
        },
        "2DPlat.Environment.CumulativeReward.mean": {
            "value": 1.0,
            "min": 0.9912195121951219,
            "max": 1.0,
            "count": 20
        },
        "2DPlat.Environment.CumulativeReward.sum": {
            "value": 2176.0,
            "min": 2032.0,
            "max": 2178.0,
            "count": 20
        },
        "2DPlat.Policy.ExtrinsicReward.mean": {
            "value": 1.0,
            "min": 0.9912195121951219,
            "max": 1.0,
            "count": 20
        },
        "2DPlat.Policy.ExtrinsicReward.sum": {
            "value": 2176.0,
            "min": 2032.0,
            "max": 2178.0,
            "count": 20
        },
        "2DPlat.Losses.PolicyLoss.mean": {
            "value": 0.03341863839567191,
            "min": 0.03339247882580947,
            "max": 0.03824843460141756,
            "count": 20
        },
        "2DPlat.Losses.PolicyLoss.sum": {
            "value": 0.10025591518701574,
            "min": 0.10017743647742841,
            "max": 0.1414703001531146,
            "count": 20
        },
        "2DPlat.Losses.ValueLoss.mean": {
            "value": 0.00011705241912300834,
            "min": 0.00011705241912300834,
            "max": 2.9771031391493783,
            "count": 20
        },
        "2DPlat.Losses.ValueLoss.sum": {
            "value": 0.000351157257369025,
            "min": 0.000351157257369025,
            "max": 8.931309417448135,
            "count": 20
        },
        "2DPlat.Policy.LearningRate.mean": {
            "value": 7.143397618899997e-06,
            "min": 7.143397618899997e-06,
            "max": 0.00029096590301136665,
            "count": 20
        },
        "2DPlat.Policy.LearningRate.sum": {
            "value": 2.143019285669999e-05,
            "min": 2.143019285669999e-05,
            "max": 0.0009926241691253002,
            "count": 20
        },
        "2DPlat.Policy.Epsilon.mean": {
            "value": 0.10119055000000003,
            "min": 0.10119055000000003,
            "max": 0.1484943166666667,
            "count": 20
        },
        "2DPlat.Policy.Epsilon.sum": {
            "value": 0.3035716500000001,
            "min": 0.3035716500000001,
            "max": 0.56543735,
            "count": 20
        },
        "2DPlat.Policy.Beta.mean": {
            "value": 0.00020024988999999989,
            "min": 0.00020024988999999989,
            "max": 0.007759391803333334,
            "count": 20
        },
        "2DPlat.Policy.Beta.sum": {
            "value": 0.0006007496699999996,
            "min": 0.0006007496699999996,
            "max": 0.02647688853,
            "count": 20
        },
        "2DPlat.IsTraining.mean": {
            "value": 1.0,
            "min": 1.0,
            "max": 1.0,
            "count": 20
        },
        "2DPlat.IsTraining.sum": {
            "value": 1.0,
            "min": 1.0,
            "max": 1.0,
            "count": 20
        }
    },
    "metadata": {
        "timer_format_version": "0.1.0",
        "start_time_seconds": "1638940275",
        "python_version": "3.9.5 (tags/v3.9.5:0a7dcbd, May  3 2021, 17:27:52) [MSC v.1928 64 bit (AMD64)]",
        "command_line_arguments": "D:\\Uni Work\\CGS\\Level Design Solo Project\\virtualenv\\Scripts\\mlagents-learn config/2DPlatAlterPostStats.yaml --initialize-from=2DPlatLevel1Round2BlockTrainingTRY2 --run-id=2DPlatLevel1Round2Part1",
        "mlagents_version": "0.27.0",
        "mlagents_envs_version": "0.27.0",
        "communication_protocol_version": "1.5.0",
        "pytorch_version": "1.7.1+cu110",
        "numpy_version": "1.21.2",
        "end_time_seconds": "1638942499"
    },
    "total": 2223.7489987,
    "count": 1,
    "self": 0.10306219999984023,
    "children": {
        "run_training.setup": {
            "total": 0.1505030000000005,
            "count": 1,
            "self": 0.1505030000000005
        },
        "TrainerController.start_learning": {
            "total": 2223.4954335,
            "count": 1,
            "self": 2.0712411000149586,
            "children": {
                "TrainerController._reset_env": {
                    "total": 32.7036952,
                    "count": 1,
                    "self": 32.7036952
                },
                "TrainerController.advance": {
                    "total": 2188.608545899985,
                    "count": 92844,
                    "self": 1.9247539000152756,
                    "children": {
                        "env_step": {
                            "total": 1708.9256417999586,
                            "count": 92844,
                            "self": 1422.0570461999368,
                            "children": {
                                "SubprocessEnvManager._take_step": {
                                    "total": 285.6304175000038,
                                    "count": 92844,
                                    "self": 4.636029900024539,
                                    "children": {
                                        "TorchPolicy.evaluate": {
                                            "total": 280.99438759997923,
                                            "count": 62509,
                                            "self": 79.42119299996892,
                                            "children": {
                                                "TorchPolicy.sample_actions": {
                                                    "total": 201.5731946000103,
                                                    "count": 62509,
                                                    "self": 201.5731946000103
                                                }
                                            }
                                        }
                                    }
                                },
                                "workers": {
                                    "total": 1.2381781000180538,
                                    "count": 92844,
                                    "self": 0.0,
                                    "children": {
                                        "worker_root": {
                                            "total": 2198.1571665000133,
                                            "count": 92844,
                                            "is_parallel": true,
                                            "self": 898.8057737999825,