{
    "name": "root",
    "gauges": {
        "2DPlat.Policy.Entropy.mean": {
            "value": -2.3841856489070778e-07,
            "min": -2.3841856489070778e-07,
            "max": 8.462673577014357e-06,
            "count": 20
        },
        "2DPlat.Policy.Entropy.sum": {
            "value": -0.01192092802375555,
            "min": -0.01192092802375555,
            "max": 0.4236752688884735,
            "count": 20
        },
        "2DPlat.Environment.EpisodeLength.mean": {
            "value": 18.23076923076923,
            "min": 18.23076923076923,
            "max": 18.370542635658914,
            "count": 20
        },
        "2DPlat.Environment.EpisodeLength.sum": {
            "value": 47400.0,
            "min": 47396.0,
            "max": 47444.0,
            "count": 20
        },
        "2DPlat.Step.mean": {
            "value": 999996.0,
            "min": 49990.0,
            "max": 999996.0,
            "count": 20
        },
        "2DPlat.Step.sum": {
            "value": 999996.0,
            "min": 49990.0,
            "max": 999996.0,
            "count": 20
        },
        "2DPlat.Policy.ExtrinsicValueEstimate.mean": {
            "value": -0.9121562242507935,
            "min": -0.9147834777832031,
            "max": 0.39064279198646545,
            "count": 20
        },
        "2DPlat.Policy.ExtrinsicValueEstimate.sum": {
            "value": -2371.606201171875,
            "min": -2378.43701171875,
            "max": 1008.6397094726562,
            "count": 20
        },
        "2DPlat.Environment.CumulativeReward.mean": {
            "value": -1.0,
            "min": -1.0,
            "max": 0.10267338240991863,
            "count": 20
        },
        "2DPlat.Environment.CumulativeReward.sum": {
            "value": -2600.0,
            "min": -2600.0,
            "max": 265.0,
            "count": 20
        },
        "2DPlat.Policy.ExtrinsicReward.mean": {
            "value": -1.0,
            "min": -1.0,
            "max": 0.10267338240991863,
            "count": 20
        },
        "2DPlat.Policy.ExtrinsicReward.sum": {
            "value": -2600.0,
            "min": -2600.0,
            "max": 265.0,
            "count": 20
        },
        "2DPlat.Losses.PolicyLoss.mean": {
            "value": 0.024030296178534624,
            "min": 0.021538108832513295,
            "max": 0.02536678274782995,
            "count": 20
        },
        "2DPlat.Losses.PolicyLoss.sum": {
            "value": 0.12015148089267312,
            "min": 0.08665741848914574,
            "max": 0.12683391373914976,
            "count": 20
        },
        "2DPlat.Losses.ValueLoss.mean": {
            "value": 0.0016251683297256632,
            "min": 0.0016251683297256632,
            "max": 1.0531993826230366,
            "count": 20
        },
        "2DPlat.Losses.ValueLoss.sum": {
            "value": 0.008125841648628316,
            "min": 0.008125841648628316,
            "max": 4.212797530492146,
            "count": 20
        },
        "2DPlat.Policy.LearningRate.mean": {
            "value": 6.422017859359996e-06,
            "min": 6.422017859359996e-06,
            "max": 0.0002922786025738,
            "count": 20
        },
        "2DPlat.Policy.LearningRate.sum": {
            "value": 3.211008929679998e-05,
            "min": 3.211008929679998e-05,
            "max": 0.0013919712360096002,
            "count": 20
        },
        "2DPlat.Policy.Epsilon.mean": {
            "value": 0.10214064,
            "min": 0.10214064,
            "max": 0.19742620000000002,
            "count": 20
        },
        "2DPlat.Policy.Epsilon.sum": {
            "value": 0.5107032,
            "min": 0.5107032,
            "max": 0.9639904000000002,
            "count": 20
        },
        "2DPlat.Policy.Beta.mean": {
            "value": 0.00011681793599999991,
            "min": 0.00011681793599999991,
            "max": 0.00487156738,
            "count": 20
        },
        "2DPlat.Policy.Beta.sum": {
            "value": 0.0005840896799999995,
            "min": 0.0005840896799999995,
            "max": 0.023203120960000004,
            "count": 20
        },
        "2DPlat.IsTraining.mean": {
            "value": 1.0,
            "min": 1.0,
            "max": 1.0,
            "count": 20
        },
        "2DPlat.IsTraining.sum": {
            "value": 1.0,
            "min": 1.0,
            "max": 1.0,
            "count": 20
        }
    },
    "metadata": {
        "timer_format_version": "0.1.0",
        "start_time_seconds": "1636092017",
        "python_version": "3.9.5 (tags/v3.9.5:0a7dcbd, May  3 2021, 17:27:52) [MSC v.1928 64 bit (AMD64)]",
        "command_line_arguments": "D:\\Uni Work\\CGS\\Level Design Solo Project\\virtualenv\\Scripts\\mlagents-learn config/defaultconfig.yaml --initialize-from=2DPlatDefaultGaps2Wide-36-28CoinRowOfFourMILLIONSTEPS4TH --run-id=2DPlatDefaultGaps2Wide-36-28CoinRowOfFourMILLIONSTEPS5TH",
        "mlagents_version": "0.27.0",
        "mlagents_envs_version": "0.27.0",
        "communication_protocol_version": "1.5.0",
        "pytorch_version": "1.7.1+cu110",
        "numpy_version": "1.21.2",
        "end_time_seconds": "1636095056"
    },
    "total": 3038.3646208,
    "count": 1,
    "self": 0.12361459999965518,
    "children": {
        "run_training.setup": {
            "total": 0.1349944999999999,
            "count": 1,
            "self": 0.1349944999999999
        },
        "TrainerController.start_learning": {
            "total": 3038.1060117,
            "count": 1,
            "self": 2.6599777000783433,
            "children": {
                "TrainerController._reset_env": {
                    "total": 17.1300803,
                    "count": 1,
                    "self": 17.1300803
                },
                "TrainerController.advance": {
                    "total": 3018.245656199922,
                    "count": 136387,
                    "self": 2.686323199942308,
                    "children": {
                        "env_step": {
                            "total": 2677.809267500017,
                            "count": 136387,
                            "self": 2246.623832599994,
                            "children": {
                                "SubprocessEnvManager._take_step": {
                                    "total": 429.4855321000216,
                                    "count": 136387,
                                    "self": 7.04777330006084,
                                    "children": {
                                        "TorchPolicy.evaluate": {
                                            "total": 422.43775879996076,
                                            "count": 125012,
                                            "self": 147.51055729985933,
                                            "children": {
                                                "TorchPolicy.sample_actions": {
                                                    "total": 274.92720150010143,
                                                    "count": 125012,
                                                    "self": 274.92720150010143
                                                }
                                            }
                                        }
                                    }
                                },
                                "workers": {
                                    "total": 1.6999028000017837,
                                    "count": 136387,
                                    "self": 0.0,
                                    "children": {
                                        "worker_root": {
                                            "total": 3018.527680200115,
                                            "count": 136387,
                                            "is_parallel": true,