{"count":1,"self":1580.8157695999998,"total":3022.8209580999996,"children":{"InitializeActuators":{"count":8,"self":0.00099739999999999985,"total":0.00099739999999999985,"children":null},"InitializeSensors":{"count":8,"self":0.002992,"total":0.002992,"children":null},"AgentSendState":{"count":875084,"self":92.5652096,"total":179.4106822,"children":{"CollectObservations":{"count":1000096,"self":9.0881072,"total":9.088107299999999,"children":null},"WriteActionMask":{"count":1000096,"self":4.2964728,"total":4.296473,"children":null},"RequestDecision":{"count":1000096,"self":13.0373272,"total":73.4608919,"children":{"AgentInfo.ToProto":{"count":1000096,"self":11.2723696,"total":60.423564999999996,"children":{"GenerateSensorData":{"count":1000096,"self":41.1128832,"total":49.1511954,"children":{"RayPerceptionSensor.Perceive":{"count":1000096,"self":8.038312,"total":8.0383116,"children":null}}}}}}}}},"DecideAction":{"count":875084,"self":1244.1993215999998,"total":1244.1993370999999,"children":null},"AgentAct":{"count":875084,"self":14.9322656,"total":15.4416646,"children":{"AgentInfo.ToProto":{"count":8732,"self":0.12026809999999999,"total":0.5093995,"children":{"GenerateSensorData":{"count":8732,"self":0.3308869,"total":0.38913139999999996,"children":{"RayPerceptionSensor.Perceive":{"count":8732,"self":0.0582445,"total":0.0582445,"children":null}}}}}}},"AgentInfo.ToProto":{"count":43168,"self":0.63486749999999992,"total":2.9475651999999997,"children":{"GenerateSensorData":{"count":43168,"self":1.9125002,"total":2.3126976999999997,"children":{"RayPerceptionSensor.Perceive":{"count":43168,"self":0.4001975,"total":0.4001975,"children":null}}}}}},"gauges":{"2DPlat.CumulativeReward":{"count":51900,"max":1,"min":-1,"runningAverage":-0.663506269,"value":-1,"weightedAverage":-0.9999999}},"metadata":{"timer_format_version":"0.1.0","start_time_seconds":"1636092033","unity_version":"2019.4.25f1","command_line_arguments":"D:\\Unity\\2019.4.25f1\\Editor\\Unity.exe -projectpath D:\/Uni Work\/CGS\/Level Design Solo Project -useHub -hubIPC -cloudEnvironment production -hubSessionId f51133d0-3dab-11ec-8cc4-fb9a3f344439","communication_protocol_version":"1.5.0","com.unity.ml-agents_version":"2.1.0-exp.1","scene_name":"LevelDiss4","end_time_seconds":"1636095056"}}