{"count":1,"self":45.1848096,"total":45.3132631,"children":{"InitializeActuators":{"count":1,"self":0.00099739999999999985,"total":0.00099739999999999985,"children":null},"InitializeSensors":{"count":1,"self":0.0009973,"total":0.0009973,"children":null},"AgentSendState":{"count":1923,"self":0.0568554,"total":0.10055929999999999,"children":{"CollectObservations":{"count":1841,"self":0.0228477,"total":0.0228477,"children":null},"WriteActionMask":{"count":1841,"self":0.0059811,"total":0.0059811,"children":null},"RequestDecision":{"count":1841,"self":0.014875099999999999,"total":0.014875099999999999,"children":null}}},"DecideAction":{"count":1923,"self":0.012965599999999999,"total":0.012965599999999999,"children":null},"AgentAct":{"count":1923,"self":0.010939299999999999,"total":0.010939299999999999,"children":null}},"gauges":{},"metadata":{"timer_format_version":"0.1.0","start_time_seconds":"1636258948","unity_version":"2019.4.25f1","command_line_arguments":"D:\\Unity\\2019.4.25f1\\Editor\\Unity.exe -projectpath D:\/Uni Work\/CGS\/Level Design Solo Project -useHub -hubIPC -cloudEnvironment production -hubSessionId 6aadc240-3f62-11ec-8c0a-a18bff3fbb9a","communication_protocol_version":"1.5.0","com.unity.ml-agents_version":"2.1.0-exp.1","scene_name":"MenuScene","end_time_seconds":"1636258993"}}