{
    "name": "root",
    "gauges": {
        "2DPlat.Policy.Entropy.mean": {
            "value": 0.03634350374341011,
            "min": 0.03226938471198082,
            "max": 0.12350308895111084,
            "count": 20
        },
        "2DPlat.Policy.Entropy.sum": {
            "value": 1816.59375,
            "min": 1613.2110595703125,
            "max": 6174.16650390625,
            "count": 20
        },
        "2DPlat.Environment.EpisodeLength.mean": {
            "value": 11.711924739384694,
            "min": 11.711924739384694,
            "max": 13.50043490866918,
            "count": 20
        },
        "2DPlat.Environment.EpisodeLength.sum": {
            "value": 46063.0,
            "min": 46063.0,
            "max": 46563.0,
            "count": 20
        },
        "2DPlat.Step.mean": {
            "value": 999989.0,
            "min": 49991.0,
            "max": 999989.0,
            "count": 20
        },
        "2DPlat.Step.sum": {
            "value": 999989.0,
            "min": 49991.0,
            "max": 999989.0,
            "count": 20
        },
        "2DPlat.Policy.ExtrinsicValueEstimate.mean": {
            "value": 0.7844047546386719,
            "min": 0.5616007447242737,
            "max": 0.7844047546386719,
            "count": 20
        },
        "2DPlat.Policy.ExtrinsicValueEstimate.sum": {
            "value": 3085.06396484375,
            "min": 1936.3994140625,
            "max": 3085.06396484375,
            "count": 20
        },
        "2DPlat.Environment.CumulativeReward.mean": {
            "value": 0.8408339689804221,
            "min": 0.6502320185614849,
            "max": 0.8408339689804221,
            "count": 20
        },
        "2DPlat.Environment.CumulativeReward.sum": {
            "value": 3307.0,
            "min": 2242.0,
            "max": 3307.0,
            "count": 20
        },
        "2DPlat.Policy.ExtrinsicReward.mean": {
            "value": 0.8408339689804221,
            "min": 0.6502320185614849,
            "max": 0.8408339689804221,
            "count": 20
        },
        "2DPlat.Policy.ExtrinsicReward.sum": {
            "value": 3307.0,
            "min": 2242.0,
            "max": 3307.0,
            "count": 20
        },
        "2DPlat.Losses.PolicyLoss.mean": {
            "value": 0.03474314526745771,
            "min": 0.03342427624638417,
            "max": 0.03859468581738357,
            "count": 20
        },
        "2DPlat.Losses.PolicyLoss.sum": {
            "value": 0.10422943580237314,
            "min": 0.10027282873915253,
            "max": 0.14903463243811937,
            "count": 20
        },
        "2DPlat.Losses.ValueLoss.mean": {
            "value": 0.0506363294793871,
            "min": 0.0506363294793871,
            "max": 0.13377048122300497,
            "count": 20
        },
        "2DPlat.Losses.ValueLoss.sum": {
            "value": 0.1519089884381613,
            "min": 0.1519089884381613,
            "max": 0.4434527801028614,
            "count": 20
        },
        "2DPlat.Policy.LearningRate.mean": {
            "value": 1.7116497554800017e-05,
            "min": 1.7116497554800017e-05,
            "max": 0.0006789888030015999,
            "count": 20
        },
        "2DPlat.Policy.LearningRate.sum": {
            "value": 5.134949266440005e-05,
            "min": 5.134949266440005e-05,
            "max": 0.0023166941690437003,
            "count": 20
        },
        "2DPlat.Policy.Epsilon.mean": {
            "value": 0.10244520000000003,
            "min": 0.10244520000000003,
            "max": 0.19699840000000002,
            "count": 20
        },
        "2DPlat.Policy.Epsilon.sum": {
            "value": 0.3073356000000001,
            "min": 0.3073356000000001,
            "max": 0.7309563000000001,
            "count": 20
        },
        "2DPlat.Policy.Beta.mean": {
            "value": 8.31114800000001e-05,
            "min": 8.31114800000001e-05,
            "max": 0.00291025216,
            "count": 20
        },
        "2DPlat.Policy.Beta.sum": {
            "value": 0.0002493344400000003,
            "min": 0.0002493344400000003,
            "max": 0.00993559337,
            "count": 20
        },
        "2DPlat.IsTraining.mean": {
            "value": 1.0,
            "min": 1.0,
            "max": 1.0,
            "count": 20
        },
        "2DPlat.IsTraining.sum": {
            "value": 1.0,
            "min": 1.0,
            "max": 1.0,
            "count": 20
        }
    },
    "metadata": {
        "timer_format_version": "0.1.0",
        "start_time_seconds": "1637556144",
        "python_version": "3.9.5 (tags/v3.9.5:0a7dcbd, May  3 2021, 17:27:52) [MSC v.1928 64 bit (AMD64)]",
        "command_line_arguments": "D:\\Uni Work\\CGS\\Level Design Solo Project\\virtualenv\\Scripts\\mlagents-learn config/2DPlatAlter2.yaml --initialize-from=RAYMOVEREWARD2DPlatGap3Wide-37-35RANDOMTRY8 --run-id=RAYMOVEREWARD2DPlatGap3Wide-37-35RANDOMTRY9",
        "mlagents_version": "0.27.0",
        "mlagents_envs_version": "0.27.0",
        "communication_protocol_version": "1.5.0",
        "pytorch_version": "1.7.1+cu110",
        "numpy_version": "1.21.2",
        "end_time_seconds": "1637559533"
    },
    "total": 3388.6935919,
    "count": 1,
    "self": 0.01925630000005185,
    "children": {
        "run_training.setup": {
            "total": 0.10883790000000015,
            "count": 1,
            "self": 0.10883790000000015
        },
        "TrainerController.start_learning": {
            "total": 3388.5654977,
            "count": 1,
            "self": 3.924472900026558,
            "children": {
                "TrainerController._reset_env": {
                    "total": 9.127917499999999,
                    "count": 1,
                    "self": 9.127917499999999
                },
                "TrainerController.advance": {
                    "total": 3375.4344654999736,
                    "count": 184673,
                    "self": 3.794794599969464,
                    "children": {
                        "env_step": {
                            "total": 2844.2271550999913,
                            "count": 184673,
                            "self": 2408.2240381999686,
                            "children": {
                                "SubprocessEnvManager._take_step": {
                                    "total": 433.61925670000505,
                                    "count": 184673,
                                    "self": 7.9410759999909715,
                                    "children": {
                                        "TorchPolicy.evaluate": {
                                            "total": 425.6781807000141,
                                            "count": 125006,
                                            "self": 144.8171366999684,
                                            "children": {
                                                "TorchPolicy.sample_actions": {
                                                    "total": 280.8610440000457,
                                                    "count": 125006,
                                                    "self": 280.8610440000457
                                                }
                                            }
                                        }
                                    }
                                },
                                "workers": {
                                    "total": 2.3838602000174944,
                                    "count": 184673,
                                    "self": 0.0,
                                    "children": {
                                        "worker_root": {
                                            "total": 3375.718280699989,
                                            "count": 184673,
                                            "is_parallel": true,