{
    "name": "root",
    "gauges": {
        "2DPlat.Policy.Entropy.mean": {
            "value": 0.2400614321231842,
            "min": 0.2400614321231842,
            "max": 0.5833857655525208,
            "count": 20
        },
        "2DPlat.Policy.Entropy.sum": {
            "value": 11999.23046875,
            "min": 11999.23046875,
            "max": 29159.953125,
            "count": 20
        },
        "2DPlat.Environment.EpisodeLength.mean": {
            "value": 15.801001669449082,
            "min": 11.962665283899403,
            "max": 15.985109983079527,
            "count": 20
        },
        "2DPlat.Environment.EpisodeLength.sum": {
            "value": 47324.0,
            "min": 46140.0,
            "max": 47324.0,
            "count": 20
        },
        "2DPlat.Step.mean": {
            "value": 999988.0,
            "min": 49996.0,
            "max": 999988.0,
            "count": 20
        },
        "2DPlat.Step.sum": {
            "value": 999988.0,
            "min": 49996.0,
            "max": 999988.0,
            "count": 20
        },
        "2DPlat.Policy.ExtrinsicValueEstimate.mean": {
            "value": 0.7810800075531006,
            "min": -0.2524832487106323,
            "max": 0.7810800075531006,
            "count": 20
        },
        "2DPlat.Policy.ExtrinsicValueEstimate.sum": {
            "value": 2404.9453125,
            "min": -769.5689697265625,
            "max": 2404.9453125,
            "count": 20
        },
        "2DPlat.Environment.CumulativeReward.mean": {
            "value": 0.8671118530884808,
            "min": -0.19488188976377951,
            "max": 0.8671118530884808,
            "count": 20
        },
        "2DPlat.Environment.CumulativeReward.sum": {
            "value": 2597.0,
            "min": -594.0,
            "max": 2597.0,
            "count": 20
        },
        "2DPlat.Policy.ExtrinsicReward.mean": {
            "value": 0.8671118530884808,
            "min": -0.19488188976377951,
            "max": 0.8671118530884808,
            "count": 20
        },
        "2DPlat.Policy.ExtrinsicReward.sum": {
            "value": 2597.0,
            "min": -594.0,
            "max": 2597.0,
            "count": 20
        },
        "2DPlat.Losses.PolicyLoss.mean": {
            "value": 0.02561382057455679,
            "min": 0.020816987322177738,
            "max": 0.026728353241148094,
            "count": 20
        },
        "2DPlat.Losses.PolicyLoss.sum": {
            "value": 0.12806910287278395,
            "min": 0.08326794928871095,
            "max": 0.13364176620574048,
            "count": 20
        },
        "2DPlat.Losses.ValueLoss.mean": {
            "value": 0.060558471505840615,
            "min": 0.060558471505840615,
            "max": 0.18814582029978436,
            "count": 20
        },
        "2DPlat.Losses.ValueLoss.sum": {
            "value": 0.3027923575292031,
            "min": 0.3027923575292031,
            "max": 0.9407291014989217,
            "count": 20
        },
        "2DPlat.Policy.LearningRate.mean": {
            "value": 7.849117383659998e-06,
            "min": 7.849117383659998e-06,
            "max": 0.00029231535256154996,
            "count": 20
        },
        "2DPlat.Policy.LearningRate.sum": {
            "value": 3.9245586918299986e-05,
            "min": 3.9245586918299986e-05,
            "max": 0.0013923777358740997,
            "count": 20
        },
        "2DPlat.Policy.Epsilon.mean": {
            "value": 0.10261634000000001,
            "min": 0.10261634000000001,
            "max": 0.19743845000000004,
            "count": 20
        },
        "2DPlat.Policy.Epsilon.sum": {
            "value": 0.5130817000000001,
            "min": 0.46993850000000015,
            "max": 0.9641259000000002,
            "count": 20
        },
        "2DPlat.Policy.Beta.mean": {
            "value": 0.000140555366,
            "min": 0.000140555366,
            "max": 0.004872178655000001,
            "count": 20
        },
        "2DPlat.Policy.Beta.sum": {
            "value": 0.0007027768299999999,
            "min": 0.0007027768299999999,
            "max": 0.02320988241,
            "count": 20
        },
        "2DPlat.IsTraining.mean": {
            "value": 1.0,
            "min": 1.0,
            "max": 1.0,
            "count": 20
        },
        "2DPlat.IsTraining.sum": {
            "value": 1.0,
            "min": 1.0,
            "max": 1.0,
            "count": 20
        }
    },
    "metadata": {
        "timer_format_version": "0.1.0",
        "start_time_seconds": "1637275794",
        "python_version": "3.9.5 (tags/v3.9.5:0a7dcbd, May  3 2021, 17:27:52) [MSC v.1928 64 bit (AMD64)]",
        "command_line_arguments": "D:\\Uni Work\\CGS\\Level Design Solo Project\\virtualenv\\Scripts\\mlagents-learn config/defaultconfig.yaml --initialize-from=RAYDefaultGapNOMODEL3Wide-37-35TRY2 --run-id=RAYDefaultGapNOMODEL3Wide-37-35TRY3",
        "mlagents_version": "0.27.0",
        "mlagents_envs_version": "0.27.0",
        "communication_protocol_version": "1.5.0",
        "pytorch_version": "1.7.1+cu110",
        "numpy_version": "1.21.2",
        "end_time_seconds": "1637280472"
    },
    "total": 4678.5154325,
    "count": 1,
    "self": 0.4256671000002825,
    "children": {
        "run_training.setup": {
            "total": 0.2471577000000007,
            "count": 1,
            "self": 0.2471577000000007
        },
        "TrainerController.start_learning": {
            "total": 4677.8426077,
            "count": 1,
            "self": 3.5260400000152003,
            "children": {
                "TrainerController._reset_env": {
                    "total": 40.5368262,
                    "count": 1,
                    "self": 40.5368262
                },
                "TrainerController.advance": {
                    "total": 4633.6843717999855,
                    "count": 173208,
                    "self": 3.3119516000078875,
                    "children": {
                        "env_step": {
                            "total": 4232.0113620999955,
                            "count": 173208,
                            "self": 3810.803686399939,
                            "children": {
                                "SubprocessEnvManager._take_step": {
                                    "total": 419.09024970003816,
                                    "count": 173208,
                                    "self": 6.862669199964671,
                                    "children": {
                                        "TorchPolicy.evaluate": {
                                            "total": 412.2275805000735,
                                            "count": 125012,
                                            "self": 137.26296230019216,
                                            "children": {
                                                "TorchPolicy.sample_actions": {
                                                    "total": 274.96461819988133,
                                                    "count": 125012,
                                                    "self": 274.96461819988133
                                                }
                                            }
                                        }
                                    }
                                },
                                "workers": {
                                    "total": 2.117426000018405,
                                    "count": 173208,
                                    "self": 0.0,
                                    "children": {
                                        "worker_root": {
                                            "total": 4643.888607400022,
                                            "count": 173208,
                                            "is_parallel": true,