{
    "name": "root",
    "gauges": {
        "2DPlat.Policy.Entropy.mean": {
            "value": 0.02437373250722885,
            "min": 0.0005206757923588157,
            "max": 0.1296750009059906,
            "count": 20
        },
        "2DPlat.Policy.Entropy.sum": {
            "value": 1219.8565673828125,
            "min": 26.033790588378906,
            "max": 6485.8251953125,
            "count": 20
        },
        "2DPlat.Environment.EpisodeLength.mean": {
            "value": 11.59430873835306,
            "min": 11.401041666666666,
            "max": 13.44107452339688,
            "count": 20
        },
        "2DPlat.Environment.EpisodeLength.sum": {
            "value": 46041.0,
            "min": 45969.0,
            "max": 46533.0,
            "count": 20
        },
        "2DPlat.Step.mean": {
            "value": 999992.0,
            "min": 49998.0,
            "max": 999992.0,
            "count": 20
        },
        "2DPlat.Step.sum": {
            "value": 999992.0,
            "min": 49998.0,
            "max": 999992.0,
            "count": 20
        },
        "2DPlat.Policy.ExtrinsicValueEstimate.mean": {
            "value": 0.7802911400794983,
            "min": 0.46285557746887207,
            "max": 0.8054448366165161,
            "count": 20
        },
        "2DPlat.Policy.ExtrinsicValueEstimate.sum": {
            "value": 3098.5361328125,
            "min": 1669.98291015625,
            "max": 3247.553466796875,
            "count": 20
        },
        "2DPlat.Environment.CumulativeReward.mean": {
            "value": 0.8499118609921934,
            "min": 0.5759423503325942,
            "max": 0.8779761904761905,
            "count": 20
        },
        "2DPlat.Environment.CumulativeReward.sum": {
            "value": 3375.0,
            "min": 2078.0,
            "max": 3540.0,
            "count": 20
        },
        "2DPlat.Policy.ExtrinsicReward.mean": {
            "value": 0.8499118609921934,
            "min": 0.5759423503325942,
            "max": 0.8779761904761905,
            "count": 20
        },
        "2DPlat.Policy.ExtrinsicReward.sum": {
            "value": 3375.0,
            "min": 2078.0,
            "max": 3540.0,
            "count": 20
        },
        "2DPlat.Losses.PolicyLoss.mean": {
            "value": 0.03137991650715128,
            "min": 0.03087961543672557,
            "max": 0.03683654411599554,
            "count": 20
        },
        "2DPlat.Losses.PolicyLoss.sum": {
            "value": 0.09413974952145383,
            "min": 0.09263884631017671,
            "max": 0.14542548859427712,
            "count": 20
        },
        "2DPlat.Losses.ValueLoss.mean": {
            "value": 0.07198511631410011,
            "min": 0.06705422509975476,
            "max": 1.1384007752198597,
            "count": 20
        },
        "2DPlat.Losses.ValueLoss.sum": {
            "value": 0.21595534894230034,
            "min": 0.21595534894230034,
            "max": 3.415202325659579,
            "count": 20
        },
        "2DPlat.Policy.LearningRate.mean": {
            "value": 1.6979764240999994e-05,
            "min": 1.6979764240999994e-05,
            "max": 0.0006789834363357001,
            "count": 20
        },
        "2DPlat.Policy.LearningRate.sum": {
            "value": 5.093929272299998e-05,
            "min": 5.093929272299998e-05,
            "max": 0.0023167529690353,
            "count": 20
        },
        "2DPlat.Policy.Epsilon.mean": {
            "value": 0.10242566666666668,
            "min": 0.10242566666666668,
            "max": 0.19699763333333334,
            "count": 20
        },
        "2DPlat.Policy.Epsilon.sum": {
            "value": 0.307277,
            "min": 0.307277,
            "max": 0.7309647000000001,
            "count": 20
        },
        "2DPlat.Policy.Beta.mean": {
            "value": 8.25274333333333e-05,
            "min": 8.25274333333333e-05,
            "max": 0.0029102292366666675,
            "count": 20
        },
        "2DPlat.Policy.Beta.sum": {
            "value": 0.00024758229999999993,
            "min": 0.00024758229999999993,
            "max": 0.00993584453,
            "count": 20
        },
        "2DPlat.IsTraining.mean": {
            "value": 1.0,
            "min": 1.0,
            "max": 1.0,
            "count": 20
        },
        "2DPlat.IsTraining.sum": {
            "value": 1.0,
            "min": 1.0,
            "max": 1.0,
            "count": 20
        }
    },
    "metadata": {
        "timer_format_version": "0.1.0",
        "start_time_seconds": "1637626628",
        "python_version": "3.9.5 (tags/v3.9.5:0a7dcbd, May  3 2021, 17:27:52) [MSC v.1928 64 bit (AMD64)]",
        "command_line_arguments": "D:\\Uni Work\\CGS\\Level Design Solo Project\\virtualenv\\Scripts\\mlagents-learn config/2DPlatAlter2.yaml --initialize-from=RAYMOVEREWARD2DPlatUninterruptedGap3Wide-37-35RANDOM --run-id=RAYMOVEREWARD2DPlatUninterruptedGap3Wide-37-35RANDOMTRY2",
        "mlagents_version": "0.27.0",
        "mlagents_envs_version": "0.27.0",
        "communication_protocol_version": "1.5.0",
        "pytorch_version": "1.7.1+cu110",
        "numpy_version": "1.21.2",
        "end_time_seconds": "1637629573"
    },
    "total": 2945.5498854,
    "count": 1,
    "self": 0.020837200000187295,
    "children": {
        "run_training.setup": {
            "total": 0.11279929999999994,
            "count": 1,
            "self": 0.11279929999999994
        },
        "TrainerController.start_learning": {
            "total": 2945.4162489,
            "count": 1,
            "self": 2.652992300017104,
            "children": {
                "TrainerController._reset_env": {
                    "total": 33.8172231,
                    "count": 1,
                    "self": 33.8172231
                },
                "TrainerController.advance": {
                    "total": 2908.8506322999833,
                    "count": 114783,
                    "self": 2.302417900004457,
                    "children": {
                        "env_step": {
                            "total": 2392.880349399994,
                            "count": 114783,
                            "self": 2172.326547499966,
                            "children": {
                                "SubprocessEnvManager._take_step": {
                                    "total": 219.04984140002477,
                                    "count": 114783,
                                    "self": 4.518767800022914,
                                    "children": {
                                        "TorchPolicy.evaluate": {
                                            "total": 214.53107360000186,
                                            "count": 62507,
                                            "self": 74.3358567999907,
                                            "children": {
                                                "TorchPolicy.sample_actions": {
                                                    "total": 140.19521680001117,
                                                    "count": 62507,
                                                    "self": 140.19521680001117
                                                }
                                            }
                                        }
                                    }
                                },
                                "workers": {
                                    "total": 1.5039605000032523,
                                    "count": 114783,
                                    "self": 0.0,
                                    "children": {
                                        "worker_root": {
                                            "total": 2909.6323052000453,
                                            "count": 114783,
                                            "is_parallel": true,