{
    "name": "root",
    "gauges": {
        "2DPlat.Policy.Entropy.mean": {
            "value": 0.41636621952056885,
            "min": 0.33958372473716736,
            "max": 0.4225423038005829,
            "count": 20
        },
        "2DPlat.Policy.Entropy.sum": {
            "value": 20831.634765625,
            "min": 16952.01953125,
            "max": 21140.63671875,
            "count": 20
        },
        "2DPlat.Environment.EpisodeLength.mean": {
            "value": 10.698479532163743,
            "min": 10.658582089552239,
            "max": 19.146131805157594,
            "count": 20
        },
        "2DPlat.Environment.EpisodeLength.sum": {
            "value": 45736.0,
            "min": 45704.0,
            "max": 48086.0,
            "count": 20
        },
        "2DPlat.Step.mean": {
            "value": 999999.0,
            "min": 49988.0,
            "max": 999999.0,
            "count": 20
        },
        "2DPlat.Step.sum": {
            "value": 999999.0,
            "min": 49988.0,
            "max": 999999.0,
            "count": 20
        },
        "2DPlat.Policy.ExtrinsicValueEstimate.mean": {
            "value": 0.8162371516227722,
            "min": 0.7564767003059387,
            "max": 0.9111949801445007,
            "count": 20
        },
        "2DPlat.Policy.ExtrinsicValueEstimate.sum": {
            "value": 3489.413818359375,
            "min": 1997.85498046875,
            "max": 3654.802978515625,
            "count": 20
        },
        "2DPlat.Environment.CumulativeReward.mean": {
            "value": 0.8652631578947368,
            "min": 0.8349236641221374,
            "max": 0.9834391388352194,
            "count": 20
        },
        "2DPlat.Environment.CumulativeReward.sum": {
            "value": 3699.0,
            "min": 2060.0,
            "max": 3912.0,
            "count": 20
        },
        "2DPlat.Policy.ExtrinsicReward.mean": {
            "value": 0.8652631578947368,
            "min": 0.8349236641221374,
            "max": 0.9834391388352194,
            "count": 20
        },
        "2DPlat.Policy.ExtrinsicReward.sum": {
            "value": 3699.0,
            "min": 2060.0,
            "max": 3912.0,
            "count": 20
        },
        "2DPlat.Losses.PolicyLoss.mean": {
            "value": 0.035971016478564204,
            "min": 0.03218674334033724,
            "max": 0.06805936853975411,
            "count": 20
        },
        "2DPlat.Losses.PolicyLoss.sum": {
            "value": 0.10791304943569262,
            "min": 0.09656023002101172,
            "max": 0.27223747415901645,
            "count": 20
        },
        "2DPlat.Losses.ValueLoss.mean": {
            "value": 0.04065704147930888,
            "min": 0.01206103531249341,
            "max": 0.05684891600033332,
            "count": 20
        },
        "2DPlat.Losses.ValueLoss.sum": {
            "value": 0.12197112443792665,
            "min": 0.04824414124997364,
            "max": 0.2183861393995326,
            "count": 20
        },
        "2DPlat.Policy.LearningRate.mean": {
            "value": 7.2405975865000045e-06,
            "min": 7.2405975865000045e-06,
            "max": 0.0002909952030015999,
            "count": 20
        },
        "2DPlat.Policy.LearningRate.sum": {
            "value": 2.1721792759500014e-05,
            "min": 2.1721792759500014e-05,
            "max": 0.0009927537690821,
            "count": 20
        },
        "2DPlat.Policy.Epsilon.mean": {
            "value": 0.10120674999999997,
            "min": 0.10120674999999997,
            "max": 0.14849920000000005,
            "count": 20
        },
        "2DPlat.Policy.Epsilon.sum": {
            "value": 0.3036202499999999,
            "min": 0.3036202499999999,
            "max": 0.56545895,
            "count": 20
        },
        "2DPlat.Policy.Beta.mean": {
            "value": 0.0002028386500000001,
            "min": 0.0002028386500000001,
            "max": 0.0077601721599999994,
            "count": 20
        },
        "2DPlat.Policy.Beta.sum": {
            "value": 0.0006085159500000003,
            "min": 0.0006085159500000003,
            "max": 0.026480340209999995,
            "count": 20
        },
        "2DPlat.IsTraining.mean": {
            "value": 1.0,
            "min": 1.0,
            "max": 1.0,
            "count": 20
        },
        "2DPlat.IsTraining.sum": {
            "value": 1.0,
            "min": 1.0,
            "max": 1.0,
            "count": 20
        }
    },
    "metadata": {
        "timer_format_version": "0.1.0",
        "start_time_seconds": "1638167809",
        "python_version": "3.9.5 (tags/v3.9.5:0a7dcbd, May  3 2021, 17:27:52) [MSC v.1928 64 bit (AMD64)]",
        "command_line_arguments": "D:\\Uni Work\\CGS\\Level Design Solo Project\\virtualenv\\Scripts\\mlagents-learn config/2DPlatAlterPostStats.yaml --initialize-from=2DPlatAltPostStatsGap3Wide-37-35RANDOMTRY17 --run-id=2DPlatAltPostStatsGap3Wide-37-35RANDOMTRY18AGAIN",
        "mlagents_version": "0.27.0",
        "mlagents_envs_version": "0.27.0",
        "communication_protocol_version": "1.5.0",
        "pytorch_version": "1.7.1+cu110",
        "numpy_version": "1.21.2",
        "end_time_seconds": "1638170896"
    },
    "total": 3087.0625579999996,
    "count": 1,
    "self": 0.01668409999956566,
    "children": {
        "run_training.setup": {
            "total": 0.17402230000000007,
            "count": 1,
            "self": 0.17402230000000007
        },
        "TrainerController.start_learning": {
            "total": 3086.8718516,
            "count": 1,
            "self": 2.639989899980719,
            "children": {
                "TrainerController._reset_env": {
                    "total": 13.0188177,
                    "count": 1,
                    "self": 13.0188177
                },
                "TrainerController.advance": {
                    "total": 3071.1337874000187,
                    "count": 113788,
                    "self": 2.4005366999376747,
                    "children": {
                        "env_step": {
                            "total": 2527.5848814000556,
                            "count": 113788,
                            "self": 2295.745978700057,
                            "children": {
                                "SubprocessEnvManager._take_step": {
                                    "total": 230.3201396999945,
                                    "count": 113788,
                                    "self": 4.59860649995926,
                                    "children": {
                                        "TorchPolicy.evaluate": {
                                            "total": 225.72153320003525,
                                            "count": 62506,
                                            "self": 77.78271650002702,
                                            "children": {
                                                "TorchPolicy.sample_actions": {
                                                    "total": 147.93881670000823,
                                                    "count": 62506,
                                                    "self": 147.93881670000823
                                                }
                                            }
                                        }
                                    }
                                },
                                "workers": {
                                    "total": 1.5187630000041032,
                                    "count": 113788,
                                    "self": 0.0,
                                    "children": {
                                        "worker_root": {
                                            "total": 3072.246035899968,
                                            "count": 113788,
                                            "is_parallel": true,