{
    "name": "root",
    "gauges": {
        "2DPlat.Policy.Entropy.mean": {
            "value": 2.0610636966011953e-06,
            "min": 2.012536242546048e-06,
            "max": 1.2074286132701673e-05,
            "count": 20
        },
        "2DPlat.Policy.Entropy.sum": {
            "value": 0.10315211862325668,
            "min": 0.1005302146077156,
            "max": 0.6037142872810364,
            "count": 20
        },
        "2DPlat.Environment.EpisodeLength.mean": {
            "value": 18.349323017408125,
            "min": 18.34622823984526,
            "max": 18.370542635658914,
            "count": 20
        },
        "2DPlat.Environment.EpisodeLength.sum": {
            "value": 47433.0,
            "min": 47396.0,
            "max": 47444.0,
            "count": 20
        },
        "2DPlat.Step.mean": {
            "value": 999997.0,
            "min": 49990.0,
            "max": 999997.0,
            "count": 20
        },
        "2DPlat.Step.sum": {
            "value": 999997.0,
            "min": 49990.0,
            "max": 999997.0,
            "count": 20
        },
        "2DPlat.Policy.ExtrinsicValueEstimate.mean": {
            "value": 0.19791142642498016,
            "min": 0.12671701610088348,
            "max": 0.26304516196250916,
            "count": 20
        },
        "2DPlat.Policy.ExtrinsicValueEstimate.sum": {
            "value": 511.2052307128906,
            "min": 327.183349609375,
            "max": 679.7086791992188,
            "count": 20
        },
        "2DPlat.Environment.CumulativeReward.mean": {
            "value": 0.09562524196670538,
            "min": 0.07513555383423702,
            "max": 0.10267338240991863,
            "count": 20
        },
        "2DPlat.Environment.CumulativeReward.sum": {
            "value": 247.0,
            "min": 194.0,
            "max": 265.0,
            "count": 20
        },
        "2DPlat.Policy.ExtrinsicReward.mean": {
            "value": 0.09562524196670538,
            "min": 0.07513555383423702,
            "max": 0.10267338240991863,
            "count": 20
        },
        "2DPlat.Policy.ExtrinsicReward.sum": {
            "value": 247.0,
            "min": 194.0,
            "max": 265.0,
            "count": 20
        },
        "2DPlat.Losses.PolicyLoss.mean": {
            "value": 0.02157420533243567,
            "min": 0.019900544257834555,
            "max": 0.025433729502062002,
            "count": 20
        },
        "2DPlat.Losses.PolicyLoss.sum": {
            "value": 0.10787102666217835,
            "min": 0.08336738825310022,
            "max": 0.12716864751031,
            "count": 20
        },
        "2DPlat.Losses.ValueLoss.mean": {
            "value": 0.2654543433586757,
            "min": 0.2654543433586757,
            "max": 1.2017221645762524,
            "count": 20
        },
        "2DPlat.Losses.ValueLoss.sum": {
            "value": 1.3272717167933783,
            "min": 1.0708586583534876,
            "max": 4.806888658305009,
            "count": 20
        },
        "2DPlat.Policy.LearningRate.mean": {
            "value": 6.859957713379999e-06,
            "min": 6.859957713379999e-06,
            "max": 0.0002922786025738,
            "count": 20
        },
        "2DPlat.Policy.LearningRate.sum": {
            "value": 3.4299788566899995e-05,
            "min": 3.4299788566899995e-05,
            "max": 0.0013919712360096002,
            "count": 20
        },
        "2DPlat.Policy.Epsilon.mean": {
            "value": 0.10228662,
            "min": 0.10228662,
            "max": 0.19742620000000002,
            "count": 20
        },
        "2DPlat.Policy.Epsilon.sum": {
            "value": 0.5114331,
            "min": 0.5099587,
            "max": 0.9639904000000002,
            "count": 20
        },
        "2DPlat.Policy.Beta.mean": {
            "value": 0.00012410233799999996,
            "min": 0.00012410233799999996,
            "max": 0.00487156738,
            "count": 20
        },
        "2DPlat.Policy.Beta.sum": {
            "value": 0.0006205116899999998,
            "min": 0.0006205116899999998,
            "max": 0.023203120960000004,
            "count": 20
        },
        "2DPlat.IsTraining.mean": {
            "value": 1.0,
            "min": 1.0,
            "max": 1.0,
            "count": 20
        },
        "2DPlat.IsTraining.sum": {
            "value": 1.0,
            "min": 1.0,
            "max": 1.0,
            "count": 20
        }
    },
    "metadata": {
        "timer_format_version": "0.1.0",
        "start_time_seconds": "1636076798",
        "python_version": "3.9.5 (tags/v3.9.5:0a7dcbd, May  3 2021, 17:27:52) [MSC v.1928 64 bit (AMD64)]",
        "command_line_arguments": "D:\\Uni Work\\CGS\\Level Design Solo Project\\virtualenv\\Scripts\\mlagents-learn config/defaultconfig.yaml --initialize-from=2DPlatDefaultGaps2Wide-36-28CoinRowOfFourMILLIONSTEPS2ND --run-id=2DPlatDefaultGaps2Wide-36-28CoinRowOfFourMILLIONSTEPS3RD",
        "mlagents_version": "0.27.0",
        "mlagents_envs_version": "0.27.0",
        "communication_protocol_version": "1.5.0",
        "pytorch_version": "1.7.1+cu110",
        "numpy_version": "1.21.2",
        "end_time_seconds": "1636080366"
    },
    "total": 3567.8896443,
    "count": 1,
    "self": 0.08765059999996083,
    "children": {
        "run_training.setup": {
            "total": 0.4591095999999979,
            "count": 1,
            "self": 0.4591095999999979
        },
        "TrainerController.start_learning": {
            "total": 3567.3428841,
            "count": 1,
            "self": 2.6240313000071183,
            "children": {
                "TrainerController._reset_env": {
                    "total": 33.2761496,
                    "count": 1,
                    "self": 33.2761496
                },
                "TrainerController.advance": {
                    "total": 3531.054629699993,
                    "count": 136550,
                    "self": 2.5993477999327297,
                    "children": {
                        "env_step": {
                            "total": 3191.263350100086,
                            "count": 136550,
                            "self": 2765.4023126001357,
                            "children": {
                                "SubprocessEnvManager._take_step": {
                                    "total": 424.1831297999512,
                                    "count": 136550,
                                    "self": 7.099378299926627,
                                    "children": {
                                        "TorchPolicy.evaluate": {
                                            "total": 417.08375150002456,
                                            "count": 125010,
                                            "self": 144.0380448000891,
                                            "children": {
                                                "TorchPolicy.sample_actions": {
                                                    "total": 273.04570669993547,
                                                    "count": 125010,
                                                    "self": 273.04570669993547
                                                }
                                            }
                                        }
                                    }
                                },
                                "workers": {
                                    "total": 1.6779076999991744,
                                    "count": 136550,
                                    "self": 0.0,
                                    "children": {
                                        "worker_root": {
                                            "total": 3541.195766799913,
                                            "count": 136550,
                                            "is_parallel": true,