{
    "name": "root",
    "gauges": {
        "2DPlat.Policy.Entropy.mean": {
            "value": 0.5584589242935181,
            "min": 0.5196936726570129,
            "max": 0.6315211057662964,
            "count": 20
        },
        "2DPlat.Policy.Entropy.sum": {
            "value": 27931.8828125,
            "min": 25993.0,
            "max": 31555.84765625,
            "count": 20
        },
        "2DPlat.Environment.EpisodeLength.mean": {
            "value": 12.653468050245767,
            "min": 11.39355638166047,
            "max": 12.680623973727421,
            "count": 20
        },
        "2DPlat.Environment.EpisodeLength.sum": {
            "value": 46337.0,
            "min": 45973.0,
            "max": 46337.0,
            "count": 20
        },
        "2DPlat.Step.mean": {
            "value": 999991.0,
            "min": 49995.0,
            "max": 999991.0,
            "count": 20
        },
        "2DPlat.Step.sum": {
            "value": 999991.0,
            "min": 49995.0,
            "max": 999991.0,
            "count": 20
        },
        "2DPlat.Policy.ExtrinsicValueEstimate.mean": {
            "value": 0.5852001905441284,
            "min": 0.41483989357948303,
            "max": 0.6421377062797546,
            "count": 20
        },
        "2DPlat.Policy.ExtrinsicValueEstimate.sum": {
            "value": 2145.92919921875,
            "min": 1641.521484375,
            "max": 2590.383544921875,
            "count": 20
        },
        "2DPlat.Environment.CumulativeReward.mean": {
            "value": 0.636810486073184,
            "min": 0.527909887359199,
            "max": 0.7466534457114526,
            "count": 20
        },
        "2DPlat.Environment.CumulativeReward.sum": {
            "value": 2332.0,
            "min": 2109.0,
            "max": 3012.0,
            "count": 20
        },
        "2DPlat.Policy.ExtrinsicReward.mean": {
            "value": 0.636810486073184,
            "min": 0.527909887359199,
            "max": 0.7466534457114526,
            "count": 20
        },
        "2DPlat.Policy.ExtrinsicReward.sum": {
            "value": 2332.0,
            "min": 2109.0,
            "max": 3012.0,
            "count": 20
        },
        "2DPlat.Losses.PolicyLoss.mean": {
            "value": 0.03643284714914558,
            "min": 0.032433491796335395,
            "max": 0.038335637423616634,
            "count": 20
        },
        "2DPlat.Losses.PolicyLoss.sum": {
            "value": 0.10929854144743675,
            "min": 0.09730047538900619,
            "max": 0.1493040600285769,
            "count": 20
        },
        "2DPlat.Losses.ValueLoss.mean": {
            "value": 0.14113073464183287,
            "min": 0.12985552818482293,
            "max": 0.2494556600891653,
            "count": 20
        },
        "2DPlat.Losses.ValueLoss.sum": {
            "value": 0.4233922039254986,
            "min": 0.40980145431541165,
            "max": 0.7483669802674959,
            "count": 20
        },
        "2DPlat.Policy.LearningRate.mean": {
            "value": 7.315897561399994e-06,
            "min": 7.315897561399994e-06,
            "max": 0.00029099460300179995,
            "count": 20
        },
        "2DPlat.Policy.LearningRate.sum": {
            "value": 2.1947692684199982e-05,
            "min": 2.1947692684199982e-05,
            "max": 0.0009928506690498,
            "count": 20
        },
        "2DPlat.Policy.Epsilon.mean": {
            "value": 0.1012193,
            "min": 0.1012193,
            "max": 0.14849909999999997,
            "count": 20
        },
        "2DPlat.Policy.Epsilon.sum": {
            "value": 0.3036579,
            "min": 0.3036579,
            "max": 0.5654751,
            "count": 20
        },
        "2DPlat.Policy.Beta.mean": {
            "value": 0.00020484413999999988,
            "min": 0.00020484413999999988,
            "max": 0.007760156180000001,
            "count": 20
        },
        "2DPlat.Policy.Beta.sum": {
            "value": 0.0006145324199999996,
            "min": 0.0006145324199999996,
            "max": 0.02648292098000001,
            "count": 20
        },
        "2DPlat.IsTraining.mean": {
            "value": 1.0,
            "min": 1.0,
            "max": 1.0,
            "count": 20
        },
        "2DPlat.IsTraining.sum": {
            "value": 1.0,
            "min": 1.0,
            "max": 1.0,
            "count": 20
        }
    },
    "metadata": {
        "timer_format_version": "0.1.0",
        "start_time_seconds": "1638055763",
        "python_version": "3.9.5 (tags/v3.9.5:0a7dcbd, May  3 2021, 17:27:52) [MSC v.1928 64 bit (AMD64)]",
        "command_line_arguments": "D:\\Uni Work\\CGS\\Level Design Solo Project\\virtualenv\\Scripts\\mlagents-learn config/2DPlatAlterPostStats.yaml --initialize-from=2DPlatAltPostStatsGap3Wide-37-35RANDOMTRY5 --run-id=2DPlatAltPostStatsGap3Wide-37-35RANDOMTRY6",
        "mlagents_version": "0.27.0",
        "mlagents_envs_version": "0.27.0",
        "communication_protocol_version": "1.5.0",
        "pytorch_version": "1.7.1+cu110",
        "numpy_version": "1.21.2",
        "end_time_seconds": "1638058895"
    },
    "total": 3132.2055252,
    "count": 1,
    "self": 0.014880000000175642,
    "children": {
        "run_training.setup": {
            "total": 0.1675614999999997,
            "count": 1,
            "self": 0.1675614999999997
        },
        "TrainerController.start_learning": {
            "total": 3132.0230837,
            "count": 1,
            "self": 2.9630684000399015,
            "children": {
                "TrainerController._reset_env": {
                    "total": 12.7710999,
                    "count": 1,
                    "self": 12.7710999
                },
                "TrainerController.advance": {
                    "total": 3115.87420799996,
                    "count": 121675,
                    "self": 2.6897055999907025,
                    "children": {
                        "env_step": {
                            "total": 2553.8972799999847,
                            "count": 121675,
                            "self": 2329.002551199932,
                            "children": {
                                "SubprocessEnvManager._take_step": {
                                    "total": 223.16272500005306,
                                    "count": 121675,
                                    "self": 4.978876900062403,
                                    "children": {
                                        "TorchPolicy.evaluate": {
                                            "total": 218.18384809999066,
                                            "count": 62510,
                                            "self": 69.91009219999793,
                                            "children": {
                                                "TorchPolicy.sample_actions": {
                                                    "total": 148.27375589999272,
                                                    "count": 62510,
                                                    "self": 148.27375589999272
                                                }
                                            }
                                        }
                                    }
                                },
                                "workers": {
                                    "total": 1.7320037999998164,
                                    "count": 121675,
                                    "self": 0.0,
                                    "children": {
                                        "worker_root": {
                                            "total": 3116.504612600046,
                                            "count": 121675,
                                            "is_parallel": true,
                                            "self": 943.4211019000245,