{
    "name": "root",
    "gauges": {
        "2DPlat.Policy.Entropy.mean": {
            "value": 0.030172664672136307,
            "min": 0.005195265635848045,
            "max": 0.2617885172367096,
            "count": 20
        },
        "2DPlat.Policy.Entropy.sum": {
            "value": 1508.1505126953125,
            "min": 259.8464050292969,
            "max": 13093.6142578125,
            "count": 20
        },
        "2DPlat.Environment.EpisodeLength.mean": {
            "value": 12.607784431137725,
            "min": 12.485436893203884,
            "max": 13.007565144298123,
            "count": 20
        },
        "2DPlat.Environment.EpisodeLength.sum": {
            "value": 46321.0,
            "min": 46296.0,
            "max": 46424.0,
            "count": 20
        },
        "2DPlat.Step.mean": {
            "value": 999988.0,
            "min": 49993.0,
            "max": 999988.0,
            "count": 20
        },
        "2DPlat.Step.sum": {
            "value": 999988.0,
            "min": 49993.0,
            "max": 999988.0,
            "count": 20
        },
        "2DPlat.Policy.ExtrinsicValueEstimate.mean": {
            "value": 0.5175976753234863,
            "min": 0.4238106310367584,
            "max": 0.58869469165802,
            "count": 20
        },
        "2DPlat.Policy.ExtrinsicValueEstimate.sum": {
            "value": 1901.65380859375,
            "min": 1562.166015625,
            "max": 2176.404296875,
            "count": 20
        },
        "2DPlat.Environment.CumulativeReward.mean": {
            "value": 0.5862819814915623,
            "min": 0.5634631549453628,
            "max": 0.6126589126318637,
            "count": 20
        },
        "2DPlat.Environment.CumulativeReward.sum": {
            "value": 2154.0,
            "min": 2011.0,
            "max": 2266.0,
            "count": 20
        },
        "2DPlat.Policy.ExtrinsicReward.mean": {
            "value": 0.5862819814915623,
            "min": 0.5634631549453628,
            "max": 0.6126589126318637,
            "count": 20
        },
        "2DPlat.Policy.ExtrinsicReward.sum": {
            "value": 2154.0,
            "min": 2011.0,
            "max": 2266.0,
            "count": 20
        },
        "2DPlat.Losses.PolicyLoss.mean": {
            "value": 0.03542004436275911,
            "min": 0.030647993165378768,
            "max": 0.03871585534759744,
            "count": 20
        },
        "2DPlat.Losses.PolicyLoss.sum": {
            "value": 0.10626013308827734,
            "min": 0.09194397949613631,
            "max": 0.14566178791473844,
            "count": 20
        },
        "2DPlat.Losses.ValueLoss.mean": {
            "value": 0.16680744810607928,
            "min": 0.16418703706485444,
            "max": 0.2911657065410039,
            "count": 20
        },
        "2DPlat.Losses.ValueLoss.sum": {
            "value": 0.5004223443182378,
            "min": 0.5004223443182378,
            "max": 0.8734971196230116,
            "count": 20
        },
        "2DPlat.Policy.LearningRate.mean": {
            "value": 1.7039730899099986e-05,
            "min": 1.7039730899099986e-05,
            "max": 0.0006789881030017001,
            "count": 20
        },
        "2DPlat.Policy.LearningRate.sum": {
            "value": 5.111919269729996e-05,
            "min": 5.111919269729996e-05,
            "max": 0.00231672006904,
            "count": 20
        },
        "2DPlat.Policy.Epsilon.mean": {
            "value": 0.10243423333333335,
            "min": 0.10243423333333335,
            "max": 0.1969983,
            "count": 20
        },
        "2DPlat.Policy.Epsilon.sum": {
            "value": 0.30730270000000004,
            "min": 0.30730270000000004,
            "max": 0.7309600000000003,
            "count": 20
        },
        "2DPlat.Policy.Beta.mean": {
            "value": 8.278357666666662e-05,
            "min": 8.278357666666662e-05,
            "max": 0.002910249170000001,
            "count": 20
        },
        "2DPlat.Policy.Beta.sum": {
            "value": 0.00024835072999999984,
            "min": 0.00024835072999999984,
            "max": 0.009935703999999998,
            "count": 20
        },
        "2DPlat.IsTraining.mean": {
            "value": 1.0,
            "min": 1.0,
            "max": 1.0,
            "count": 20
        },
        "2DPlat.IsTraining.sum": {
            "value": 1.0,
            "min": 1.0,
            "max": 1.0,
            "count": 20
        }
    },
    "metadata": {
        "timer_format_version": "0.1.0",
        "start_time_seconds": "1637456068",
        "python_version": "3.9.5 (tags/v3.9.5:0a7dcbd, May  3 2021, 17:27:52) [MSC v.1928 64 bit (AMD64)]",
        "command_line_arguments": "D:\\Uni Work\\CGS\\Level Design Solo Project\\virtualenv\\Scripts\\mlagents-learn config/2DPlatAlter2.yaml --initialize-from=RAYMOVEREWARD2DPlatGap3Wide-37-35RANDOM --run-id=RAYMOVEREWARD2DPlatGap3Wide-37-35RANDOMTRY2",
        "mlagents_version": "0.27.0",
        "mlagents_envs_version": "0.27.0",
        "communication_protocol_version": "1.5.0",
        "pytorch_version": "1.7.1+cu110",
        "numpy_version": "1.21.2",
        "end_time_seconds": "1637461003"
    },
    "total": 4934.940965,
    "count": 1,
    "self": 0.4245954999996684,
    "children": {
        "run_training.setup": {
            "total": 0.15056320000000012,
            "count": 1,
            "self": 0.15056320000000012
        },
        "TrainerController.start_learning": {
            "total": 4934.3658063,
            "count": 1,
            "self": 3.9877762000951407,
            "children": {
                "TrainerController._reset_env": {
                    "total": 24.3817041,
                    "count": 1,
                    "self": 24.3817041
                },
                "TrainerController.advance": {
                    "total": 4905.918178699906,
                    "count": 180829,
                    "self": 3.6765780996556714,
                    "children": {
                        "env_step": {
                            "total": 4365.705965799921,
                            "count": 180829,
                            "self": 3899.5252859000902,
                            "children": {
                                "SubprocessEnvManager._take_step": {
                                    "total": 463.7294807999182,
                                    "count": 180829,
                                    "self": 8.274631799931228,
                                    "children": {
                                        "TorchPolicy.evaluate": {
                                            "total": 455.45484899998695,
                                            "count": 125007,
                                            "self": 159.61595439998803,
                                            "children": {
                                                "TorchPolicy.sample_actions": {
                                                    "total": 295.8388945999989,
                                                    "count": 125007,
                                                    "self": 295.8388945999989
                                                }
                                            }
                                        }
                                    }
                                },
                                "workers": {
                                    "total": 2.4511990999121025,
                                    "count": 180829,
                                    "self": 0.0,
                                    "children": {
                                        "worker_root": {
                                            "total": 4906.289308000095,
                                            "count": 180829,
                                            "is_parallel": true,