{
    "name": "root",
    "gauges": {
        "2DPlat.Policy.Entropy.mean": {
            "value": 4.9021386075764894e-05,
            "min": 4.272096703061834e-05,
            "max": 0.10209595412015915,
            "count": 20
        },
        "2DPlat.Policy.Entropy.sum": {
            "value": 2.44989275932312,
            "min": 2.132972478866577,
            "max": 5112.96533203125,
            "count": 20
        },
        "2DPlat.Environment.EpisodeLength.mean": {
            "value": 13.408069164265129,
            "min": 13.24038735403019,
            "max": 14.832225387780943,
            "count": 20
        },
        "2DPlat.Environment.EpisodeLength.sum": {
            "value": 46526.0,
            "min": 46485.0,
            "max": 46855.0,
            "count": 20
        },
        "2DPlat.Step.mean": {
            "value": 999989.0,
            "min": 49996.0,
            "max": 999989.0,
            "count": 20
        },
        "2DPlat.Step.sum": {
            "value": 999989.0,
            "min": 49996.0,
            "max": 999989.0,
            "count": 20
        },
        "2DPlat.Policy.ExtrinsicValueEstimate.mean": {
            "value": 0.5907964706420898,
            "min": 0.5418079495429993,
            "max": 0.702877402305603,
            "count": 20
        },
        "2DPlat.Policy.ExtrinsicValueEstimate.sum": {
            "value": 2050.063720703125,
            "min": 1877.364501953125,
            "max": 2327.929931640625,
            "count": 20
        },
        "2DPlat.Environment.CumulativeReward.mean": {
            "value": 0.6507204610951008,
            "min": 0.6314122862571248,
            "max": 0.7883855275159622,
            "count": 20
        },
        "2DPlat.Environment.CumulativeReward.sum": {
            "value": 2258.0,
            "min": 1994.0,
            "max": 2593.0,
            "count": 20
        },
        "2DPlat.Policy.ExtrinsicReward.mean": {
            "value": 0.6507204610951008,
            "min": 0.6314122862571248,
            "max": 0.7883855275159622,
            "count": 20
        },
        "2DPlat.Policy.ExtrinsicReward.sum": {
            "value": 2258.0,
            "min": 1994.0,
            "max": 2593.0,
            "count": 20
        },
        "2DPlat.Losses.PolicyLoss.mean": {
            "value": 0.035771726670771324,
            "min": 0.03156833130472886,
            "max": 0.04629620948763585,
            "count": 20
        },
        "2DPlat.Losses.PolicyLoss.sum": {
            "value": 0.10731518001231397,
            "min": 0.09470499391418657,
            "max": 0.15319427252538376,
            "count": 20
        },
        "2DPlat.Losses.ValueLoss.mean": {
            "value": 0.10562671315267509,
            "min": 0.09285060687782777,
            "max": 0.13529787777826704,
            "count": 20
        },
        "2DPlat.Losses.ValueLoss.sum": {
            "value": 0.3168801394580253,
            "min": 0.2785518206334833,
            "max": 0.5069329097610096,
            "count": 20
        },
        "2DPlat.Policy.LearningRate.mean": {
            "value": 1.7084997559299967e-05,
            "min": 1.7084997559299967e-05,
            "max": 0.0006789876363350999,
            "count": 20
        },
        "2DPlat.Policy.LearningRate.sum": {
            "value": 5.12549926778999e-05,
            "min": 5.12549926778999e-05,
            "max": 0.0023166962690433996,
            "count": 20
        },
        "2DPlat.Policy.Epsilon.mean": {
            "value": 0.10244070000000004,
            "min": 0.10244070000000004,
            "max": 0.19699823333333333,
            "count": 20
        },
        "2DPlat.Policy.Epsilon.sum": {
            "value": 0.3073221000000001,
            "min": 0.3073221000000001,
            "max": 0.7309566000000002,
            "count": 20
        },
        "2DPlat.Policy.Beta.mean": {
            "value": 8.297692999999988e-05,
            "min": 8.297692999999988e-05,
            "max": 0.0029102471766666673,
            "count": 20
        },
        "2DPlat.Policy.Beta.sum": {
            "value": 0.0002489307899999996,
            "min": 0.0002489307899999996,
            "max": 0.009935602339999999,
            "count": 20
        },
        "2DPlat.IsTraining.mean": {
            "value": 1.0,
            "min": 1.0,
            "max": 1.0,
            "count": 20
        },
        "2DPlat.IsTraining.sum": {
            "value": 1.0,
            "min": 1.0,
            "max": 1.0,
            "count": 20
        }
    },
    "metadata": {
        "timer_format_version": "0.1.0",
        "start_time_seconds": "1637540848",
        "python_version": "3.9.5 (tags/v3.9.5:0a7dcbd, May  3 2021, 17:27:52) [MSC v.1928 64 bit (AMD64)]",
        "command_line_arguments": "D:\\Uni Work\\CGS\\Level Design Solo Project\\virtualenv\\Scripts\\mlagents-learn config/2DPlatAlter2.yaml --initialize-from=RAYMOVEREWARD2DPlatGap3Wide-37-35RANDOMTRY5 --run-id=RAYMOVEREWARD2DPlatGap3Wide-37-35RANDOMTRY6",
        "mlagents_version": "0.27.0",
        "mlagents_envs_version": "0.27.0",
        "communication_protocol_version": "1.5.0",
        "pytorch_version": "1.7.1+cu110",
        "numpy_version": "1.21.2",
        "end_time_seconds": "1637544480"
    },
    "total": 3631.3028531,
    "count": 1,
    "self": 0.20386539999981323,
    "children": {
        "run_training.setup": {
            "total": 0.2559169999999993,
            "count": 1,
            "self": 0.2559169999999993
        },
        "TrainerController.start_learning": {
            "total": 3630.8430707,
            "count": 1,
            "self": 4.011192099913387,
            "children": {
                "TrainerController._reset_env": {
                    "total": 13.7555053,
                    "count": 1,
                    "self": 13.7555053
                },
                "TrainerController.advance": {
                    "total": 3612.9924042000866,
                    "count": 179504,
                    "self": 3.824041400176611,
                    "children": {
                        "env_step": {
                            "total": 3083.910504299938,
                            "count": 179504,
                            "self": 2626.5296390000176,
                            "children": {
                                "SubprocessEnvManager._take_step": {
                                    "total": 455.0138862000345,
                                    "count": 179504,
                                    "self": 8.487659399997142,
                                    "children": {
                                        "TorchPolicy.evaluate": {
                                            "total": 446.52622680003736,
                                            "count": 125005,
                                            "self": 154.47240500002374,
                                            "children": {
                                                "TorchPolicy.sample_actions": {
                                                    "total": 292.0538218000136,
                                                    "count": 125005,
                                                    "self": 292.0538218000136
                                                }
                                            }
                                        }
                                    }
                                },
                                "workers": {
                                    "total": 2.3669790998858353,
                                    "count": 179504,
                                    "self": 0.0,
                                    "children": {
                                        "worker_root": {
                                            "total": 3613.2383386999804,
                                            "count": 179504,
                                            "is_parallel": true,