{
    "name": "root",
    "gauges": {
        "2DPlat.Policy.Entropy.mean": {
            "value": 0.03343639895319939,
            "min": 0.03343639895319939,
            "max": 0.46216994524002075,
            "count": 20
        },
        "2DPlat.Policy.Entropy.sum": {
            "value": 1672.889892578125,
            "min": 1672.889892578125,
            "max": 23145.470703125,
            "count": 20
        },
        "2DPlat.Environment.EpisodeLength.mean": {
            "value": 21.75147928994083,
            "min": 21.75147928994083,
            "max": 23.139063254466443,
            "count": 20
        },
        "2DPlat.Environment.EpisodeLength.sum": {
            "value": 47788.0,
            "min": 47788.0,
            "max": 47936.0,
            "count": 20
        },
        "2DPlat.Step.mean": {
            "value": 999984.0,
            "min": 49982.0,
            "max": 999984.0,
            "count": 20
        },
        "2DPlat.Step.sum": {
            "value": 999984.0,
            "min": 49982.0,
            "max": 999984.0,
            "count": 20
        },
        "2DPlat.Policy.ExtrinsicValueEstimate.mean": {
            "value": 0.6577152609825134,
            "min": 0.4404735565185547,
            "max": 0.8531066179275513,
            "count": 20
        },
        "2DPlat.Policy.ExtrinsicValueEstimate.sum": {
            "value": 1445.00048828125,
            "min": 925.8754272460938,
            "max": 1788.964599609375,
            "count": 20
        },
        "2DPlat.Environment.CumulativeReward.mean": {
            "value": 0.7168866636322258,
            "min": 0.5490009514747859,
            "max": 0.9570815450643777,
            "count": 20
        },
        "2DPlat.Environment.CumulativeReward.sum": {
            "value": 1575.0,
            "min": 1154.0,
            "max": 2007.0,
            "count": 20
        },
        "2DPlat.Policy.ExtrinsicReward.mean": {
            "value": 0.7168866636322258,
            "min": 0.5490009514747859,
            "max": 0.9570815450643777,
            "count": 20
        },
        "2DPlat.Policy.ExtrinsicReward.sum": {
            "value": 1575.0,
            "min": 1154.0,
            "max": 2007.0,
            "count": 20
        },
        "2DPlat.Losses.PolicyLoss.mean": {
            "value": 0.034281666459134,
            "min": 0.031851411838336695,
            "max": 0.03981969198189447,
            "count": 20
        },
        "2DPlat.Losses.PolicyLoss.sum": {
            "value": 0.10284499937740199,
            "min": 0.09555423551501008,
            "max": 0.15602932991921611,
            "count": 20
        },
        "2DPlat.Losses.ValueLoss.mean": {
            "value": 0.14432282927820736,
            "min": 0.029547489962765367,
            "max": 1.3829948764238187,
            "count": 20
        },
        "2DPlat.Losses.ValueLoss.sum": {
            "value": 0.4329684878346221,
            "min": 0.0886424698882961,
            "max": 4.148984629271456,
            "count": 20
        },
        "2DPlat.Policy.LearningRate.mean": {
            "value": 7.215197594966663e-06,
            "min": 7.215197594966663e-06,
            "max": 0.0002909915030028333,
            "count": 20
        },
        "2DPlat.Policy.LearningRate.sum": {
            "value": 2.164559278489999e-05,
            "min": 2.164559278489999e-05,
            "max": 0.0009928047690651001,
            "count": 20
        },
        "2DPlat.Policy.Epsilon.mean": {
            "value": 0.10120251666666669,
            "min": 0.10120251666666669,
            "max": 0.14849858333333332,
            "count": 20
        },
        "2DPlat.Policy.Epsilon.sum": {
            "value": 0.30360755000000006,
            "min": 0.30360755000000006,
            "max": 0.56546745,
            "count": 20
        },
        "2DPlat.Policy.Beta.mean": {
            "value": 0.00020216216333333325,
            "min": 0.00020216216333333325,
            "max": 0.007760073616666665,
            "count": 20
        },
        "2DPlat.Policy.Beta.sum": {
            "value": 0.0006064864899999997,
            "min": 0.0006064864899999997,
            "max": 0.02648169851,
            "count": 20
        },
        "2DPlat.IsTraining.mean": {
            "value": 1.0,
            "min": 1.0,
            "max": 1.0,
            "count": 20
        },
        "2DPlat.IsTraining.sum": {
            "value": 1.0,
            "min": 1.0,
            "max": 1.0,
            "count": 20
        }
    },
    "metadata": {
        "timer_format_version": "0.1.0",
        "start_time_seconds": "1639458932",
        "python_version": "3.9.5 (tags/v3.9.5:0a7dcbd, May  3 2021, 17:27:52) [MSC v.1928 64 bit (AMD64)]",
        "command_line_arguments": "D:\\Uni Work\\CGS\\Level Design Solo Project\\virtualenv\\Scripts\\mlagents-learn config/2DPlatAlterPostStats.yaml --initialize-from=2DPlatLevel1BESTOBSERVPart2 --run-id=2DPlatLevel1BESTOBSERVPart2TRY2",
        "mlagents_version": "0.27.0",
        "mlagents_envs_version": "0.27.0",
        "communication_protocol_version": "1.5.0",
        "pytorch_version": "1.7.1+cu110",
        "numpy_version": "1.21.2",
        "end_time_seconds": "1639461272"
    },
    "total": 2339.5775994,
    "count": 1,
    "self": 0.5616175000000112,
    "children": {
        "run_training.setup": {
            "total": 0.535560100000005,
            "count": 1,
            "self": 0.535560100000005
        },
        "TrainerController.start_learning": {
            "total": 2338.4804218,
            "count": 1,
            "self": 2.175491700028033,
            "children": {
                "TrainerController._reset_env": {
                    "total": 94.7660524,
                    "count": 1,
                    "self": 94.7660524
                },
                "TrainerController.advance": {
                    "total": 2241.416869399972,
                    "count": 95906,
                    "self": 2.08884510002963,
                    "children": {
                        "env_step": {
                            "total": 1741.112507899968,
                            "count": 95906,
                            "self": 1428.5773054999577,
                            "children": {
                                "SubprocessEnvManager._take_step": {
                                    "total": 311.2227124000151,
                                    "count": 95906,
                                    "self": 4.814583600014089,
                                    "children": {
                                        "TorchPolicy.evaluate": {
                                            "total": 306.408128800001,
                                            "count": 62512,
                                            "self": 83.14106170000264,
                                            "children": {
                                                "TorchPolicy.sample_actions": {
                                                    "total": 223.26706709999837,
                                                    "count": 62512,
                                                    "self": 223.26706709999837
                                                }
                                            }
                                        }
                                    }
                                },
                                "workers": {
                                    "total": 1.312489999995222,
                                    "count": 95906,
                                    "self": 0.0,
                                    "children": {
                                        "worker_root": {
                                            "total": 2319.381428999974,
                                            "count": 95906,
                                            "is_parallel": true,