{
    "name": "root",
    "gauges": {
        "2DPlat.Policy.Entropy.mean": {
            "value": 1.8206706047058105,
            "min": 0.7312830090522766,
            "max": 2.08518123626709,
            "count": 20
        },
        "2DPlat.Policy.Entropy.sum": {
            "value": 91120.921875,
            "min": 36938.56640625,
            "max": 104392.5078125,
            "count": 20
        },
        "2DPlat.Step.mean": {
            "value": 999947.0,
            "min": 49982.0,
            "max": 999947.0,
            "count": 20
        },
        "2DPlat.Step.sum": {
            "value": 999947.0,
            "min": 49982.0,
            "max": 999947.0,
            "count": 20
        },
        "2DPlat.Policy.ExtrinsicValueEstimate.mean": {
            "value": -0.016708150506019592,
            "min": -0.1959763616323471,
            "max": 0.4706776440143585,
            "count": 20
        },
        "2DPlat.Policy.ExtrinsicValueEstimate.sum": {
            "value": -13.132606506347656,
            "min": -166.77587890625,
            "max": 502.6837158203125,
            "count": 20
        },
        "2DPlat.Environment.EpisodeLength.mean": {
            "value": 5909.384615384615,
            "min": 99.69795918367348,
            "max": 5909.384615384615,
            "count": 20
        },
        "2DPlat.Environment.EpisodeLength.sum": {
            "value": 76822.0,
            "min": 27821.0,
            "max": 79908.0,
            "count": 20
        },
        "2DPlat.Environment.CumulativeReward.mean": {
            "value": -0.44615384821708387,
            "min": -1.2608695516119832,
            "max": -0.44615384821708387,
            "count": 20
        },
        "2DPlat.Environment.CumulativeReward.sum": {
            "value": -5.80000002682209,
            "min": -357.29999855160713,
            "max": -5.499999903142452,
            "count": 20
        },
        "2DPlat.Policy.ExtrinsicReward.mean": {
            "value": -0.44615384821708387,
            "min": -1.2608695516119832,
            "max": -0.44615384821708387,
            "count": 20
        },
        "2DPlat.Policy.ExtrinsicReward.sum": {
            "value": -5.80000002682209,
            "min": -357.29999855160713,
            "max": -5.499999903142452,
            "count": 20
        },
        "2DPlat.Losses.PolicyLoss.mean": {
            "value": 0.033235013107085924,
            "min": 0.03289806017090964,
            "max": 0.03758355427112554,
            "count": 20
        },
        "2DPlat.Losses.PolicyLoss.sum": {
            "value": 0.09970503932125777,
            "min": 0.09970503932125777,
            "max": 0.14301641260508718,
            "count": 20
        },
        "2DPlat.Losses.ValueLoss.mean": {
            "value": 0.001138544346507968,
            "min": 0.0009416437006652344,
            "max": 0.4205354791905345,
            "count": 20
        },
        "2DPlat.Losses.ValueLoss.sum": {
            "value": 0.0034156330395239036,
            "min": 0.0034156330395239036,
            "max": 1.2616064375716036,
            "count": 20
        },
        "2DPlat.Policy.LearningRate.mean": {
            "value": 6.800397733233325e-06,
            "min": 6.800397733233325e-06,
            "max": 0.00029097940300686667,
            "count": 20
        },
        "2DPlat.Policy.LearningRate.sum": {
            "value": 2.0401193199699975e-05,
            "min": 2.0401193199699975e-05,
            "max": 0.000992517069161,
            "count": 20
        },
        "2DPlat.Policy.Epsilon.mean": {
            "value": 0.10113338333333337,
            "min": 0.10113338333333337,
            "max": 0.14849656666666664,
            "count": 20
        },
        "2DPlat.Policy.Epsilon.sum": {
            "value": 0.3034001500000001,
            "min": 0.3034001500000001,
            "max": 0.5654195,
            "count": 20
        },
        "2DPlat.Policy.Beta.mean": {
            "value": 0.00019111465666666648,
            "min": 0.00019111465666666648,
            "max": 0.007759751353333334,
            "count": 20
        },
        "2DPlat.Policy.Beta.sum": {
            "value": 0.0005733439699999994,
            "min": 0.0005733439699999994,
            "max": 0.0264740361,
            "count": 20
        },
        "2DPlat.IsTraining.mean": {
            "value": 1.0,
            "min": 1.0,
            "max": 1.0,
            "count": 20
        },
        "2DPlat.IsTraining.sum": {
            "value": 1.0,
            "min": 1.0,
            "max": 1.0,
            "count": 20
        }
    },
    "metadata": {
        "timer_format_version": "0.1.0",
        "start_time_seconds": "1639028357",
        "python_version": "3.9.5 (tags/v3.9.5:0a7dcbd, May  3 2021, 17:27:52) [MSC v.1928 64 bit (AMD64)]",
        "command_line_arguments": "D:\\Uni Work\\CGS\\Level Design Solo Project\\virtualenv\\Scripts\\mlagents-learn config/2DPlatAlterPostStats.yaml --initialize-from=2DPlatLevel1Round2Part3 --run-id=2DPlatLevel1Round2Part4WithPlatform",
        "mlagents_version": "0.27.0",
        "mlagents_envs_version": "0.27.0",
        "communication_protocol_version": "1.5.0",
        "pytorch_version": "1.7.1+cu110",
        "numpy_version": "1.21.2",
        "end_time_seconds": "1639030435"
    },
    "total": 2078.2075196,
    "count": 1,
    "self": 0.012267099999917264,
    "children": {
        "run_training.setup": {
            "total": 0.17696540000000027,
            "count": 1,
            "self": 0.17696540000000027
        },
        "TrainerController.start_learning": {
            "total": 2078.0182871,
            "count": 1,
            "self": 1.3381547000294631,
            "children": {
                "TrainerController._reset_env": {
                    "total": 27.5899568,
                    "count": 1,
                    "self": 27.5899568
                },
                "TrainerController.advance": {
                    "total": 2048.973235599971,
                    "count": 63514,
                    "self": 1.290981800012105,
                    "children": {
                        "env_step": {
                            "total": 1660.4256389999941,
                            "count": 63514,
                            "self": 1395.8305785999853,
                            "children": {
                                "SubprocessEnvManager._take_step": {
                                    "total": 263.7866590000207,
                                    "count": 63514,
                                    "self": 3.961540400010108,
                                    "children": {
                                        "TorchPolicy.evaluate": {
                                            "total": 259.82511860001057,
                                            "count": 62532,
                                            "self": 72.15782009999725,
                                            "children": {
                                                "TorchPolicy.sample_actions": {
                                                    "total": 187.66729850001332,
                                                    "count": 62532,
                                                    "self": 187.66729850001332
                                                }
                                            }
                                        }
                                    }
                                },
                                "workers": {
                                    "total": 0.8084013999882131,
                                    "count": 63514,
                                    "self": 0.0,
                                    "children": {
                                        "worker_root": {
                                            "total": 2050.1877467999952,
                                            "count": 63514,