{
    "name": "root",
    "metadata": {
        "timer_format_version": "0.1.0",
        "start_time_seconds": "1632996022",
        "python_version": "3.9.5 (tags/v3.9.5:0a7dcbd, May  3 2021, 17:27:52) [MSC v.1928 64 bit (AMD64)]",
        "command_line_arguments": "D:\\Uni Work\\CGS\\Level Design Solo Project\\virtualenv\\Scripts\\mlagents-learn config/2DPlat.yaml --run-id=2DPlat13",
        "mlagents_version": "0.27.0",
        "mlagents_envs_version": "0.27.0",
        "communication_protocol_version": "1.5.0",
        "pytorch_version": "1.7.1+cu110",
        "numpy_version": "1.21.2",
        "end_time_seconds": "1632996032"
    },
    "total": 10.121531,
    "count": 1,
    "self": 0.004503699999999,
    "children": {
        "run_training.setup": {
            "total": 0.10299490000000011,
            "count": 1,
            "self": 0.10299490000000011
        },
        "TrainerController.start_learning": {
            "total": 10.0140324,
            "count": 1,
            "self": 0.0023200000000045407,
            "children": {
                "TrainerController._reset_env": {
                    "total": 6.302249700000001,
                    "count": 1,
                    "self": 6.302249700000001
                },
                "TrainerController.advance": {
                    "total": 3.6263389999999927,
                    "count": 131,
                    "self": 0.0020150000000063173,
                    "children": {
                        "env_step": {
                            "total": 3.6165122999999966,
                            "count": 131,
                            "self": 2.811477200000022,
                            "children": {
                                "SubprocessEnvManager._take_step": {
                                    "total": 0.8037818999999953,
                                    "count": 131,
                                    "self": 0.005740199999994644,
                                    "children": {
                                        "TorchPolicy.evaluate": {
                                            "total": 0.7980417000000006,
                                            "count": 131,
                                            "self": 0.12193579999999127,
                                            "children": {
                                                "TorchPolicy.sample_actions": {
                                                    "total": 0.6761059000000094,
                                                    "count": 131,
                                                    "self": 0.6761059000000094
                                                }
                                            }
                                        }
                                    }
                                },
                                "workers": {
                                    "total": 0.0012531999999794152,
                                    "count": 130,
                                    "self": 0.0,
                                    "children": {
                                        "worker_root": {
                                            "total": 4.862081499999997,
                                            "count": 130,
                                            "is_parallel": true,
                                            "self": 2.1779240999999896,
                                            "children": {
                                                "steps_from_proto": {
                                                    "total": 0.00030639999999948486,
                                                    "count": 1,
                                                    "is_parallel": true,
                                                    "self": 0.00018199999999968242,
                                                    "children": {
                                                        "_process_rank_one_or_two_observation": {
                                                            "total": 0.00012439999999980245,
                                                            "count": 2,
                                                            "is_parallel": true,
                                                            "self": 0.00012439999999980245
                                                        }
                                                    }
                                                },
                                                "UnityEnvironment.step": {
                                                    "total": 2.6838510000000078,
                                                    "count": 130,
                                                    "is_parallel": true,
                                                    "self": 0.008753700000005082,
                                                    "children": {
                                                        "UnityEnvironment._generate_step_input": {
                                                            "total": 0.007359399999999461,
                                                            "count": 130,
                                                            "is_parallel": true,
                                                            "self": 0.007359399999999461
                                                        },
                                                        "communicator.exchange": {
                                                            "total": 2.636016300000006,
                                                            "count": 130,
                                                            "is_parallel": true,
                                                            "self": 2.636016300000006
                                                        },
                                                        "steps_from_proto": {
                                                            "total": 0.03172159999999735,
                                                            "count": 130,
                                                            "is_parallel": true,
                                                            "self": 0.020500300000005467,
                                                            "children": {
                                                                "_process_rank_one_or_two_observation": {
                                                                    "total": 0.011221299999991885,
                                                                    "count": 260,
                                                                    "is_parallel": true,
                                                                    "self": 0.011221299999991885
                                                                }
                                                            }
                                                        }
                                                    }
                                                }
                                            }
                                        }
                                    }
                                }
                            }
                        },
                        "trainer_advance": {
                            "total": 0.007811699999989763,
                            "count": 130,
                            "self": 0.001943599999983725,
                            "children": {
                                "process_trajectory": {
                                    "total": 0.005868100000006038,
                                    "count": 130,