{
    "name": "root",
    "gauges": {
        "2DPlat.Policy.Entropy.mean": {
            "value": 0.5017182230949402,
            "min": 0.3602529466152191,
            "max": 0.5017182230949402,
            "count": 20
        },
        "2DPlat.Policy.Entropy.sum": {
            "value": 25109.994140625,
            "min": 17992.47265625,
            "max": 25109.994140625,
            "count": 20
        },
        "2DPlat.Environment.EpisodeLength.mean": {
            "value": 19.502255022550226,
            "min": 16.738914508691025,
            "max": 20.6310553633218,
            "count": 20
        },
        "2DPlat.Environment.EpisodeLength.sum": {
            "value": 47566.0,
            "min": 47187.0,
            "max": 47699.0,
            "count": 20
        },
        "2DPlat.Step.mean": {
            "value": 999998.0,
            "min": 49988.0,
            "max": 999998.0,
            "count": 20
        },
        "2DPlat.Step.sum": {
            "value": 999998.0,
            "min": 49988.0,
            "max": 999998.0,
            "count": 20
        },
        "2DPlat.Policy.ExtrinsicValueEstimate.mean": {
            "value": 0.6638972759246826,
            "min": 0.554440975189209,
            "max": 0.866739809513092,
            "count": 20
        },
        "2DPlat.Policy.ExtrinsicValueEstimate.sum": {
            "value": 1636.5068359375,
            "min": 1417.481201171875,
            "max": 2024.7042236328125,
            "count": 20
        },
        "2DPlat.Environment.CumulativeReward.mean": {
            "value": 0.7367773677736777,
            "min": 0.6515426497277677,
            "max": 0.7588769611890999,
            "count": 20
        },
        "2DPlat.Environment.CumulativeReward.sum": {
            "value": 1797.0,
            "min": 1567.0,
            "max": 1975.0,
            "count": 20
        },
        "2DPlat.Policy.ExtrinsicReward.mean": {
            "value": 0.7367773677736777,
            "min": 0.6515426497277677,
            "max": 0.7588769611890999,
            "count": 20
        },
        "2DPlat.Policy.ExtrinsicReward.sum": {
            "value": 1797.0,
            "min": 1567.0,
            "max": 1975.0,
            "count": 20
        },
        "2DPlat.Losses.PolicyLoss.mean": {
            "value": 0.022773328066493077,
            "min": 0.020647585129675766,
            "max": 0.025740209900153178,
            "count": 20
        },
        "2DPlat.Losses.PolicyLoss.sum": {
            "value": 0.11386664033246538,
            "min": 0.0895762718670691,
            "max": 0.12870104950076589,
            "count": 20
        },
        "2DPlat.Losses.ValueLoss.mean": {
            "value": 0.16231660162409148,
            "min": 0.14714200650652248,
            "max": 0.8363494474440812,
            "count": 20
        },
        "2DPlat.Losses.ValueLoss.sum": {
            "value": 0.8115830081204574,
            "min": 0.7357100325326125,
            "max": 3.345397789776325,
            "count": 20
        },
        "2DPlat.Policy.LearningRate.mean": {
            "value": 7.799497400199997e-06,
            "min": 7.799497400199997e-06,
            "max": 0.000292313777562075,
            "count": 20
        },
        "2DPlat.Policy.LearningRate.sum": {
            "value": 3.8997487000999985e-05,
            "min": 3.8997487000999985e-05,
            "max": 0.0013923825358725,
            "count": 20
        },
        "2DPlat.Policy.Epsilon.mean": {
            "value": 0.10259979999999999,
            "min": 0.10259979999999999,
            "max": 0.19743792500000001,
            "count": 20
        },
        "2DPlat.Policy.Epsilon.sum": {
            "value": 0.512999,
            "min": 0.4698672,
            "max": 0.9641274999999998,
            "count": 20
        },
        "2DPlat.Policy.Beta.mean": {
            "value": 0.00013973001999999997,
            "min": 0.00013973001999999997,
            "max": 0.004872152457499999,
            "count": 20
        },
        "2DPlat.Policy.Beta.sum": {
            "value": 0.0006986500999999998,
            "min": 0.0006986500999999998,
            "max": 0.023209962249999997,
            "count": 20
        },
        "2DPlat.IsTraining.mean": {
            "value": 1.0,
            "min": 1.0,
            "max": 1.0,
            "count": 20
        },
        "2DPlat.IsTraining.sum": {
            "value": 1.0,
            "min": 1.0,
            "max": 1.0,
            "count": 20
        }
    },
    "metadata": {
        "timer_format_version": "0.1.0",
        "start_time_seconds": "1635304802",
        "python_version": "3.9.5 (tags/v3.9.5:0a7dcbd, May  3 2021, 17:27:52) [MSC v.1928 64 bit (AMD64)]",
        "command_line_arguments": "D:\\Uni Work\\CGS\\Level Design Solo Project\\virtualenv\\Scripts\\mlagents-learn config/defaultconfig.yaml --initialize-from=2DPlatDefaultGap-35-36CoinRowOfFourMILLIONSTEPSFIFTHRUNTHROUGH --run-id=2DPlatDefaultGap-35-36CoinRowOfFourMILLIONSTEPS6TH",
        "mlagents_version": "0.27.0",
        "mlagents_envs_version": "0.27.0",
        "communication_protocol_version": "1.5.0",
        "pytorch_version": "1.7.1+cu110",
        "numpy_version": "1.21.2",
        "end_time_seconds": "1635308800"
    },
    "total": 3998.5313914000003,
    "count": 1,
    "self": 0.4425752000001921,
    "children": {
        "run_training.setup": {
            "total": 0.1978812999999997,
            "count": 1,
            "self": 0.1978812999999997
        },
        "TrainerController.start_learning": {
            "total": 3997.8909349,
            "count": 1,
            "self": 3.63395080004193,
            "children": {
                "TrainerController._reset_env": {
                    "total": 16.0492217,
                    "count": 1,
                    "self": 16.0492217
                },
                "TrainerController.advance": {
                    "total": 3978.1404001999576,
                    "count": 167645,
                    "self": 3.408454800041909,
                    "children": {
                        "env_step": {
                            "total": 3588.5031367000192,
                            "count": 167645,
                            "self": 3129.1287125000244,
                            "children": {
                                "SubprocessEnvManager._take_step": {
                                    "total": 457.12180959990667,
                                    "count": 167645,
                                    "self": 8.358352099914896,
                                    "children": {
                                        "TorchPolicy.evaluate": {
                                            "total": 448.7634574999918,
                                            "count": 125015,
                                            "self": 152.52619229999198,
                                            "children": {
                                                "TorchPolicy.sample_actions": {
                                                    "total": 296.2372651999998,
                                                    "count": 125015,
                                                    "self": 296.2372651999998
                                                }
                                            }
                                        }
                                    }
                                },
                                "workers": {
                                    "total": 2.2526146000881084,
                                    "count": 167645,
                                    "self": 0.0,
                                    "children": {
                                        "worker_root": {
                                            "total": 3984.8792135999734,
                                            "count": 167645,
                                            "is_parallel": true,