{
    "name": "root",
    "gauges": {
        "2DPlat.Policy.Entropy.mean": {
            "value": 0.5180366039276123,
            "min": 0.4257316589355469,
            "max": 0.6220205426216125,
            "count": 20
        },
        "2DPlat.Policy.Entropy.sum": {
            "value": 25918.40625,
            "min": 21279.771484375,
            "max": 31110.98046875,
            "count": 20
        },
        "2DPlat.Environment.EpisodeLength.mean": {
            "value": 11.076068582468002,
            "min": 10.708733317724187,
            "max": 11.320197044334975,
            "count": 20
        },
        "2DPlat.Environment.EpisodeLength.sum": {
            "value": 45866.0,
            "min": 45718.0,
            "max": 45960.0,
            "count": 20
        },
        "2DPlat.Step.mean": {
            "value": 999999.0,
            "min": 49990.0,
            "max": 999999.0,
            "count": 20
        },
        "2DPlat.Step.sum": {
            "value": 999999.0,
            "min": 49990.0,
            "max": 999999.0,
            "count": 20
        },
        "2DPlat.Policy.ExtrinsicValueEstimate.mean": {
            "value": 0.880595326423645,
            "min": 0.7013058662414551,
            "max": 0.880595326423645,
            "count": 20
        },
        "2DPlat.Policy.ExtrinsicValueEstimate.sum": {
            "value": 3646.545166015625,
            "min": 2918.026123046875,
            "max": 3699.84375,
            "count": 20
        },
        "2DPlat.Environment.CumulativeReward.mean": {
            "value": 0.9386621588988167,
            "min": 0.7482651351998085,
            "max": 0.9386621588988167,
            "count": 20
        },
        "2DPlat.Environment.CumulativeReward.sum": {
            "value": 3887.0,
            "min": 3127.0,
            "max": 3967.0,
            "count": 20
        },
        "2DPlat.Policy.ExtrinsicReward.mean": {
            "value": 0.9386621588988167,
            "min": 0.7482651351998085,
            "max": 0.9386621588988167,
            "count": 20
        },
        "2DPlat.Policy.ExtrinsicReward.sum": {
            "value": 3887.0,
            "min": 3127.0,
            "max": 3967.0,
            "count": 20
        },
        "2DPlat.Losses.PolicyLoss.mean": {
            "value": 0.035989218404859136,
            "min": 0.03128819644247749,
            "max": 0.038452392601576665,
            "count": 20
        },
        "2DPlat.Losses.PolicyLoss.sum": {
            "value": 0.10796765521457741,
            "min": 0.09386458932743247,
            "max": 0.15380957040630666,
            "count": 20
        },
        "2DPlat.Losses.ValueLoss.mean": {
            "value": 0.04452525246246108,
            "min": 0.04452525246246108,
            "max": 0.13586312793623442,
            "count": 20
        },
        "2DPlat.Losses.ValueLoss.sum": {
            "value": 0.13357575738738323,
            "min": 0.13357575738738323,
            "max": 0.4116911393879303,
            "count": 20
        },
        "2DPlat.Policy.LearningRate.mean": {
            "value": 7.313497562199991e-06,
            "min": 7.313497562199991e-06,
            "max": 0.0002909964030011999,
            "count": 20
        },
        "2DPlat.Policy.LearningRate.sum": {
            "value": 2.1940492686599973e-05,
            "min": 2.1940492686599973e-05,
            "max": 0.0009928599690466999,
            "count": 20
        },
        "2DPlat.Policy.Epsilon.mean": {
            "value": 0.1012189,
            "min": 0.1012189,
            "max": 0.14849940000000003,
            "count": 20
        },
        "2DPlat.Policy.Epsilon.sum": {
            "value": 0.3036567,
            "min": 0.3036567,
            "max": 0.5654766500000001,
            "count": 20
        },
        "2DPlat.Policy.Beta.mean": {
            "value": 0.00020478021999999985,
            "min": 0.00020478021999999985,
            "max": 0.007760204120000002,
            "count": 20
        },
        "2DPlat.Policy.Beta.sum": {
            "value": 0.0006143406599999995,
            "min": 0.0006143406599999995,
            "max": 0.02648316867,
            "count": 20
        },
        "2DPlat.IsTraining.mean": {
            "value": 1.0,
            "min": 1.0,
            "max": 1.0,
            "count": 20
        },
        "2DPlat.IsTraining.sum": {
            "value": 1.0,
            "min": 1.0,
            "max": 1.0,
            "count": 20
        }
    },
    "metadata": {
        "timer_format_version": "0.1.0",
        "start_time_seconds": "1638076430",
        "python_version": "3.9.5 (tags/v3.9.5:0a7dcbd, May  3 2021, 17:27:52) [MSC v.1928 64 bit (AMD64)]",
        "command_line_arguments": "D:\\Uni Work\\CGS\\Level Design Solo Project\\virtualenv\\Scripts\\mlagents-learn config/2DPlatAlterPostStats.yaml --initialize-from=2DPlatAltPostStatsGap3Wide-37-35RANDOMTRY10 --run-id=2DPlatAltPostStatsGap3Wide-37-35RANDOMTRY11",
        "mlagents_version": "0.27.0",
        "mlagents_envs_version": "0.27.0",
        "communication_protocol_version": "1.5.0",
        "pytorch_version": "1.7.1+cu110",
        "numpy_version": "1.21.2",
        "end_time_seconds": "1638079594"
    },
    "total": 3164.2305254,
    "count": 1,
    "self": 0.08900369999992108,
    "children": {
        "run_training.setup": {
            "total": 0.16374530000000043,
            "count": 1,
            "self": 0.16374530000000043
        },
        "TrainerController.start_learning": {
            "total": 3163.9777764,
            "count": 1,
            "self": 2.8720989000375994,
            "children": {
                "TrainerController._reset_env": {
                    "total": 4.3090294,
                    "count": 1,
                    "self": 4.3090294
                },
                "TrainerController.advance": {
                    "total": 3156.702011699963,
                    "count": 119565,
                    "self": 2.568802300034804,
                    "children": {
                        "env_step": {
                            "total": 2576.286914999956,
                            "count": 119565,
                            "self": 2347.8150502998888,
                            "children": {
                                "SubprocessEnvManager._take_step": {
                                    "total": 226.8115607000253,
                                    "count": 119565,
                                    "self": 4.958231900029801,
                                    "children": {
                                        "TorchPolicy.evaluate": {
                                            "total": 221.8533287999955,
                                            "count": 62507,
                                            "self": 75.86910730001068,
                                            "children": {
                                                "TorchPolicy.sample_actions": {
                                                    "total": 145.9842214999848,
                                                    "count": 62507,
                                                    "self": 145.9842214999848
                                                }
                                            }
                                        }
                                    }
                                },
                                "workers": {
                                    "total": 1.6603040000419416,
                                    "count": 119565,
                                    "self": 0.0,
                                    "children": {
                                        "worker_root": {
                                            "total": 3157.0158795999523,
                                            "count": 119565,
                                            "is_parallel": true,