{
    "name": "root",
    "gauges": {
        "2DPlat.Policy.Entropy.mean": {
            "value": 0.5473979115486145,
            "min": 0.12261608988046646,
            "max": 0.7358205914497375,
            "count": 20
        },
        "2DPlat.Policy.Entropy.sum": {
            "value": 27374.2734375,
            "min": 6140.61376953125,
            "max": 36749.82421875,
            "count": 20
        },
        "2DPlat.Environment.EpisodeLength.mean": {
            "value": 19.386215334420882,
            "min": 17.956373292867983,
            "max": 23.493143976493634,
            "count": 20
        },
        "2DPlat.Environment.EpisodeLength.sum": {
            "value": 47535.0,
            "min": 47333.0,
            "max": 47973.0,
            "count": 20
        },
        "2DPlat.Step.mean": {
            "value": 999986.0,
            "min": 49999.0,
            "max": 999986.0,
            "count": 20
        },
        "2DPlat.Step.sum": {
            "value": 999986.0,
            "min": 49999.0,
            "max": 999986.0,
            "count": 20
        },
        "2DPlat.Policy.ExtrinsicValueEstimate.mean": {
            "value": 0.10417532175779343,
            "min": -0.20398685336112976,
            "max": 0.25815513730049133,
            "count": 20
        },
        "2DPlat.Policy.ExtrinsicValueEstimate.sum": {
            "value": 255.43789672851562,
            "min": -510.3764343261719,
            "max": 526.8946533203125,
            "count": 20
        },
        "2DPlat.Environment.CumulativeReward.mean": {
            "value": 0.20799347471451876,
            "min": -0.7432631063204311,
            "max": 0.22639362912400454,
            "count": 20
        },
        "2DPlat.Environment.CumulativeReward.sum": {
            "value": 510.0,
            "min": -1517.0,
            "max": 597.0,
            "count": 20
        },
        "2DPlat.Policy.ExtrinsicReward.mean": {
            "value": 0.20799347471451876,
            "min": -0.7432631063204311,
            "max": 0.22639362912400454,
            "count": 20
        },
        "2DPlat.Policy.ExtrinsicReward.sum": {
            "value": 510.0,
            "min": -1517.0,
            "max": 597.0,
            "count": 20
        },
        "2DPlat.Losses.PolicyLoss.mean": {
            "value": 0.02267872721888125,
            "min": 0.020744536419709525,
            "max": 0.03126734617631882,
            "count": 20
        },
        "2DPlat.Losses.PolicyLoss.sum": {
            "value": 0.11339363609440624,
            "min": 0.09041429564046363,
            "max": 0.1563367308815941,
            "count": 20
        },
        "2DPlat.Losses.ValueLoss.mean": {
            "value": 0.258616726398468,
            "min": 0.258616726398468,
            "max": 1.9794596224402388,
            "count": 20
        },
        "2DPlat.Losses.ValueLoss.sum": {
            "value": 1.29308363199234,
            "min": 1.0539395531018574,
            "max": 7.917838489760955,
            "count": 20
        },
        "2DPlat.Policy.LearningRate.mean": {
            "value": 7.75431741526e-06,
            "min": 7.75431741526e-06,
            "max": 0.0002922972025675999,
            "count": 20
        },
        "2DPlat.Policy.LearningRate.sum": {
            "value": 3.877158707630001e-05,
            "min": 3.877158707630001e-05,
            "max": 0.0013922514359161998,
            "count": 20
        },
        "2DPlat.Policy.Epsilon.mean": {
            "value": 0.10258474000000002,
            "min": 0.10258474000000002,
            "max": 0.1974324,
            "count": 20
        },
        "2DPlat.Policy.Epsilon.sum": {
            "value": 0.5129237000000001,
            "min": 0.469795,
            "max": 0.9640837999999999,
            "count": 20
        },
        "2DPlat.Policy.Beta.mean": {
            "value": 0.00013897852600000006,
            "min": 0.00013897852600000006,
            "max": 0.00487187676,
            "count": 20
        },
        "2DPlat.Policy.Beta.sum": {
            "value": 0.0006948926300000003,
            "min": 0.0006948926300000003,
            "max": 0.02320778162,
            "count": 20
        },
        "2DPlat.IsTraining.mean": {
            "value": 1.0,
            "min": 1.0,
            "max": 1.0,
            "count": 20
        },
        "2DPlat.IsTraining.sum": {
            "value": 1.0,
            "min": 1.0,
            "max": 1.0,
            "count": 20
        }
    },
    "metadata": {
        "timer_format_version": "0.1.0",
        "start_time_seconds": "1636692116",
        "python_version": "3.9.5 (tags/v3.9.5:0a7dcbd, May  3 2021, 17:27:52) [MSC v.1928 64 bit (AMD64)]",
        "command_line_arguments": "D:\\Uni Work\\CGS\\Level Design Solo Project\\virtualenv\\Scripts\\mlagents-learn config/defaultconfig.yaml --initialize-from=2DPlatDefaultPostNovOneBlock-36 --run-id=2DPlatDefaultPostNovGap-36",
        "mlagents_version": "0.27.0",
        "mlagents_envs_version": "0.27.0",
        "communication_protocol_version": "1.5.0",
        "pytorch_version": "1.7.1+cu110",
        "numpy_version": "1.21.2",
        "end_time_seconds": "1636694821"
    },
    "total": 2704.7286158,
    "count": 1,
    "self": 0.009923100000378327,
    "children": {
        "run_training.setup": {
            "total": 0.1335641999999999,
            "count": 1,
            "self": 0.1335641999999999
        },
        "TrainerController.start_learning": {
            "total": 2704.5851285,
            "count": 1,
            "self": 3.2632573000651064,
            "children": {
                "TrainerController._reset_env": {
                    "total": 13.2919689,
                    "count": 1,
                    "self": 13.2919689
                },
                "TrainerController.advance": {
                    "total": 2687.9619414999347,
                    "count": 163899,
                    "self": 3.169243299983009,
                    "children": {
                        "env_step": {
                            "total": 2332.4226968999674,
                            "count": 163899,
                            "self": 1904.9212763999426,
                            "children": {
                                "SubprocessEnvManager._take_step": {
                                    "total": 425.4612264000374,
                                    "count": 163899,
                                    "self": 7.262969499956341,
                                    "children": {
                                        "TorchPolicy.evaluate": {
                                            "total": 418.19825690008105,
                                            "count": 125013,
                                            "self": 142.9822386001577,
                                            "children": {
                                                "TorchPolicy.sample_actions": {
                                                    "total": 275.21601829992335,
                                                    "count": 125013,
                                                    "self": 275.21601829992335
                                                }
                                            }
                                        }
                                    }
                                },
                                "workers": {
                                    "total": 2.040194099987364,
                                    "count": 163899,
                                    "self": 0.0,
                                    "children": {
                                        "worker_root": {
                                            "total": 2688.460891900003,
                                            "count": 163899,
                                            "is_parallel": true,
                                            "self": 958.4459925000795,