{
    "name": "root",
    "metadata": {
        "timer_format_version": "0.1.0",
        "start_time_seconds": "1632994966",
        "python_version": "3.9.5 (tags/v3.9.5:0a7dcbd, May  3 2021, 17:27:52) [MSC v.1928 64 bit (AMD64)]",
        "command_line_arguments": "D:\\Uni Work\\CGS\\Level Design Solo Project\\virtualenv\\Scripts\\mlagents-learn config/2DPlat.yaml --run-id=2DPlat10",
        "mlagents_version": "0.27.0",
        "mlagents_envs_version": "0.27.0",
        "communication_protocol_version": "1.5.0",
        "pytorch_version": "1.7.1+cu110",
        "numpy_version": "1.21.2",
        "end_time_seconds": "1632995001"
    },
    "total": 35.039288500000005,
    "count": 1,
    "self": 0.004363400000002571,
    "children": {
        "run_training.setup": {
            "total": 0.09555729999999985,
            "count": 1,
            "self": 0.09555729999999985
        },
        "TrainerController.start_learning": {
            "total": 34.9393678,
            "count": 1,
            "self": 0.02873720000007296,
            "children": {
                "TrainerController._reset_env": {
                    "total": 17.6814056,
                    "count": 1,
                    "self": 17.6814056
                },
                "TrainerController.advance": {
                    "total": 17.082313399999922,
                    "count": 1724,
                    "self": 0.026791599999928195,
                    "children": {
                        "env_step": {
                            "total": 16.800710700000053,
                            "count": 1724,
                            "self": 10.633797399999931,
                            "children": {
                                "SubprocessEnvManager._take_step": {
                                    "total": 6.1500502000000665,
                                    "count": 1724,
                                    "self": 0.07783920000015243,
                                    "children": {
                                        "TorchPolicy.evaluate": {
                                            "total": 6.072210999999914,
                                            "count": 1661,
                                            "self": 1.6931028999999143,
                                            "children": {
                                                "TorchPolicy.sample_actions": {
                                                    "total": 4.3791081,
                                                    "count": 1661,
                                                    "self": 4.3791081
                                                }
                                            }
                                        }
                                    }
                                },
                                "workers": {
                                    "total": 0.016863100000055198,
                                    "count": 1723,
                                    "self": 0.0,
                                    "children": {
                                        "worker_root": {
                                            "total": 18.349353899999972,
                                            "count": 1723,
                                            "is_parallel": true,
                                            "self": 9.030742399999813,
                                            "children": {
                                                "steps_from_proto": {
                                                    "total": 0.09114680000000064,
                                                    "count": 1,
                                                    "is_parallel": true,
                                                    "self": 0.09101860000000173,
                                                    "children": {
                                                        "_process_rank_one_or_two_observation": {
                                                            "total": 0.00012819999999891252,
                                                            "count": 2,
                                                            "is_parallel": true,
                                                            "self": 0.00012819999999891252
                                                        }
                                                    }
                                                },
                                                "UnityEnvironment.step": {
                                                    "total": 9.227464700000159,
                                                    "count": 1723,
                                                    "is_parallel": true,
                                                    "self": 0.11397650000001036,
                                                    "children": {
                                                        "UnityEnvironment._generate_step_input": {
                                                            "total": 0.1008415000000582,
                                                            "count": 1723,
                                                            "is_parallel": true,
                                                            "self": 0.1008415000000582
                                                        },
                                                        "communicator.exchange": {
                                                            "total": 8.603861800000097,
                                                            "count": 1723,
                                                            "is_parallel": true,
                                                            "self": 8.603861800000097
                                                        },
                                                        "steps_from_proto": {
                                                            "total": 0.40878489999999346,
                                                            "count": 1723,
                                                            "is_parallel": true,
                                                            "self": 0.2640093000000583,
                                                            "children": {
                                                                "_process_rank_one_or_two_observation": {
                                                                    "total": 0.14477559999993517,
                                                                    "count": 3446,
                                                                    "is_parallel": true,
                                                                    "self": 0.14477559999993517
                                                                }
                                                            }
                                                        }
                                                    }
                                                }
                                            }
                                        }
                                    }
                                }
                            }
                        },
                        "trainer_advance": {
                            "total": 0.2548110999999409,
                            "count": 1723,
                            "self": 0.03184509999999108,
                            "children": {
                                "process_trajectory": {
                                    "total": 0.22296599999994982,
                                    "count": 1723,
                                    "self": 0.22296599999994982
                                }
                            }
                        }
                    }
                },