{
    "name": "root",
    "gauges": {
        "2DPlat.Policy.Entropy.mean": {
            "value": 2.649254383868538e-05,
            "min": 3.8463045370917825e-07,
            "max": 0.0006787734455429018,
            "count": 20
        },
        "2DPlat.Policy.Entropy.sum": {
            "value": 1.324627161026001,
            "min": 0.0192315224558115,
            "max": 33.93867111206055,
            "count": 20
        },
        "2DPlat.Environment.EpisodeLength.mean": {
            "value": 18.23076923076923,
            "min": 18.23076923076923,
            "max": 18.236923076923077,
            "count": 20
        },
        "2DPlat.Environment.EpisodeLength.sum": {
            "value": 47400.0,
            "min": 47400.0,
            "max": 47416.0,
            "count": 20
        },
        "2DPlat.Step.mean": {
            "value": 999997.0,
            "min": 49997.0,
            "max": 999997.0,
            "count": 20
        },
        "2DPlat.Step.sum": {
            "value": 999997.0,
            "min": 49997.0,
            "max": 999997.0,
            "count": 20
        },
        "2DPlat.Policy.ExtrinsicValueEstimate.mean": {
            "value": -0.4521840214729309,
            "min": -0.49050185084342957,
            "max": -0.3098573684692383,
            "count": 20
        },
        "2DPlat.Policy.ExtrinsicValueEstimate.sum": {
            "value": -1175.678466796875,
            "min": -1275.3048095703125,
            "max": -805.3193359375,
            "count": 20
        },
        "2DPlat.Environment.CumulativeReward.mean": {
            "value": -1.0,
            "min": -1.0,
            "max": -0.9984615384615385,
            "count": 20
        },
        "2DPlat.Environment.CumulativeReward.sum": {
            "value": -2600.0,
            "min": -2600.0,
            "max": -2596.0,
            "count": 20
        },
        "2DPlat.Policy.ExtrinsicReward.mean": {
            "value": -1.0,
            "min": -1.0,
            "max": -0.9984615384615385,
            "count": 20
        },
        "2DPlat.Policy.ExtrinsicReward.sum": {
            "value": -2600.0,
            "min": -2600.0,
            "max": -2596.0,
            "count": 20
        },
        "2DPlat.Losses.PolicyLoss.mean": {
            "value": 0.04407883302308619,
            "min": 0.04407883302308619,
            "max": 0.05163538690190762,
            "count": 20
        },
        "2DPlat.Losses.PolicyLoss.sum": {
            "value": 0.22039416511543095,
            "min": 0.19955816357396544,
            "max": 0.2581769345095381,
            "count": 20
        },
        "2DPlat.Losses.ValueLoss.mean": {
            "value": 0.015605174057806532,
            "min": 0.015605174057806532,
            "max": 0.9443048299911122,
            "count": 20
        },
        "2DPlat.Losses.ValueLoss.sum": {
            "value": 0.07802587028903266,
            "min": 0.07056669533097495,
            "max": 3.777219319964449,
            "count": 20
        },
        "2DPlat.Policy.LearningRate.mean": {
            "value": 2.076417923680001e-06,
            "min": 2.076417923680001e-06,
            "max": 9.74224025776e-05,
            "count": 20
        },
        "2DPlat.Policy.LearningRate.sum": {
            "value": 1.0382089618400005e-05,
            "min": 1.0382089618400005e-05,
            "max": 0.00046391843608159993,
            "count": 20
        },
        "2DPlat.Policy.Epsilon.mean": {
            "value": 0.10207632,
            "min": 0.10207632,
            "max": 0.1974224,
            "count": 20
        },
        "2DPlat.Policy.Epsilon.sum": {
            "value": 0.5103816,
            "min": 0.5103816,
            "max": 0.9639184,
            "count": 20
        },
        "2DPlat.Policy.Beta.mean": {
            "value": 3.055556800000001e-05,
            "min": 3.055556800000001e-05,
            "max": 0.00097448176,
            "count": 20
        },
        "2DPlat.Policy.Beta.sum": {
            "value": 0.00015277784000000005,
            "min": 0.00015277784000000005,
            "max": 0.00464279216,
            "count": 20
        },
        "2DPlat.IsTraining.mean": {
            "value": 1.0,
            "min": 1.0,
            "max": 1.0,
            "count": 20
        },
        "2DPlat.IsTraining.sum": {
            "value": 1.0,
            "min": 1.0,
            "max": 1.0,
            "count": 20
        }
    },
    "metadata": {
        "timer_format_version": "0.1.0",
        "start_time_seconds": "1636606448",
        "python_version": "3.9.5 (tags/v3.9.5:0a7dcbd, May  3 2021, 17:27:52) [MSC v.1928 64 bit (AMD64)]",
        "command_line_arguments": "D:\\Uni Work\\CGS\\Level Design Solo Project\\virtualenv\\Scripts\\mlagents-learn config/2DPlat.yaml --initialize-from=2DPlatNovemConfigGap3Wide-37-35FIRSTFRESH --run-id=2DPlatNovemConfig2Gap2Wide-36-28FIRSTFRESH",
        "mlagents_version": "0.27.0",
        "mlagents_envs_version": "0.27.0",
        "communication_protocol_version": "1.5.0",
        "pytorch_version": "1.7.1+cu110",
        "numpy_version": "1.21.2",
        "end_time_seconds": "1636610402"
    },
    "total": 3954.3596899,
    "count": 1,
    "self": 0.398095199999716,
    "children": {
        "run_training.setup": {
            "total": 0.3956381999999987,
            "count": 1,
            "self": 0.3956381999999987
        },
        "TrainerController.start_learning": {
            "total": 3953.5659565,
            "count": 1,
            "self": 2.7016100000560073,
            "children": {
                "TrainerController._reset_env": {
                    "total": 16.5467448,
                    "count": 1,
                    "self": 16.5467448
                },
                "TrainerController.advance": {
                    "total": 3934.249829399944,
                    "count": 131004,
                    "self": 2.7491570999736723,
                    "children": {
                        "env_step": {
                            "total": 3477.0968824999477,
                            "count": 131004,
                            "self": 3013.1127099999803,
                            "children": {
                                "SubprocessEnvManager._take_step": {
                                    "total": 462.20216620000286,
                                    "count": 131004,
                                    "self": 8.236047999966274,
                                    "children": {
                                        "TorchPolicy.evaluate": {
                                            "total": 453.9661182000366,
                                            "count": 125002,
                                            "self": 152.6506877000191,
                                            "children": {
                                                "TorchPolicy.sample_actions": {
                                                    "total": 301.3154305000175,
                                                    "count": 125002,
                                                    "self": 301.3154305000175
                                                }
                                            }
                                        }
                                    }
                                },
                                "workers": {
                                    "total": 1.7820062999645288,
                                    "count": 131004,
                                    "self": 0.0,
                                    "children": {
                                        "worker_root": {
                                            "total": 3943.2755332998954,
                                            "count": 131004,
                                            "is_parallel": true,
                                            "self": 1093.3737023999502,