{
    "name": "root",
    "gauges": {
        "2DPlat.Policy.Entropy.mean": {
            "value": 0.02093605324625969,
            "min": 0.02093605324625969,
            "max": 1.5425828695297241,
            "count": 16
        },
        "2DPlat.Policy.Entropy.sum": {
            "value": 209.3814697265625,
            "min": 209.3814697265625,
            "max": 15421.201171875,
            "count": 16
        },
        "2DPlat.Environment.EpisodeLength.mean": {
            "value": 8.320596458527493,
            "min": 8.320596458527493,
            "max": 20.545258620689655,
            "count": 16
        },
        "2DPlat.Environment.EpisodeLength.sum": {
            "value": 8928.0,
            "min": 8928.0,
            "max": 9533.0,
            "count": 16
        },
        "2DPlat.Step.mean": {
            "value": 159997.0,
            "min": 9984.0,
            "max": 159997.0,
            "count": 16
        },
        "2DPlat.Step.sum": {
            "value": 159997.0,
            "min": 9984.0,
            "max": 159997.0,
            "count": 16
        },
        "2DPlat.Policy.ExtrinsicValueEstimate.mean": {
            "value": 0.9561415910720825,
            "min": 0.6278587579727173,
            "max": 0.9561415910720825,
            "count": 16
        },
        "2DPlat.Policy.ExtrinsicValueEstimate.sum": {
            "value": 1025.93994140625,
            "min": 291.32647705078125,
            "max": 1025.93994140625,
            "count": 16
        },
        "2DPlat.Environment.CumulativeReward.mean": {
            "value": 0.9981360671015843,
            "min": 0.6688963210702341,
            "max": 0.9981360671015843,
            "count": 16
        },
        "2DPlat.Environment.CumulativeReward.sum": {
            "value": 1071.0,
            "min": 320.0,
            "max": 1071.0,
            "count": 16
        },
        "2DPlat.Policy.ExtrinsicReward.mean": {
            "value": 0.9981360671015843,
            "min": 0.6688963210702341,
            "max": 0.9981360671015843,
            "count": 16
        },
        "2DPlat.Policy.ExtrinsicReward.sum": {
            "value": 1071.0,
            "min": 320.0,
            "max": 1071.0,
            "count": 16
        },
        "2DPlat.Losses.PolicyLoss.mean": {
            "value": 0.227739042390264,
            "min": 0.227739042390264,
            "max": 1.3013248377146178,
            "count": 16
        },
        "2DPlat.Losses.PolicyLoss.sum": {
            "value": 14.575298712976895,
            "min": 14.575298712976895,
            "max": 75.37963173647101,
            "count": 16
        },
        "2DPlat.Losses.ValueLoss.mean": {
            "value": 0.0029861366911063665,
            "min": 0.0029861366911063665,
            "max": 0.22552917149427923,
            "count": 16
        },
        "2DPlat.Losses.ValueLoss.sum": {
            "value": 0.19111274823080746,
            "min": 0.19111274823080746,
            "max": 7.8935210022997735,
            "count": 16
        },
        "2DPlat.Policy.LearningRate.mean": {
            "value": 0.0002953502068624316,
            "min": 0.0002953502068624316,
            "max": 0.00029982723905758695,
            "count": 16
        },
        "2DPlat.Policy.LearningRate.sum": {
            "value": 0.01890241323919562,
            "min": 0.00804726295757902,
            "max": 0.01890241323919562,
            "count": 16
        },
        "2DPlat.Policy.Epsilon.mean": {
            "value": 0.19845006843750002,
            "min": 0.19845006843750002,
            "max": 0.19994241299999999,
            "count": 16
        },
        "2DPlat.Policy.Epsilon.sum": {
            "value": 12.700804380000001,
            "min": 5.382420980000002,
            "max": 12.700804380000001,
            "count": 16
        },
        "2DPlat.Policy.Beta.mean": {
            "value": 0.02953517552440625,
            "min": 0.02953517552440625,
            "max": 0.029982729658699993,
            "count": 16
        },
        "2DPlat.Policy.Beta.sum": {
            "value": 1.890251233562,
            "min": 0.804728051902,
            "max": 1.890251233562,
            "count": 16
        },
        "2DPlat.IsTraining.mean": {
            "value": 1.0,
            "min": 1.0,
            "max": 1.0,
            "count": 16
        },
        "2DPlat.IsTraining.sum": {
            "value": 1.0,
            "min": 1.0,
            "max": 1.0,
            "count": 16
        }
    },
    "metadata": {
        "timer_format_version": "0.1.0",
        "start_time_seconds": "1633213680",
        "python_version": "3.9.5 (tags/v3.9.5:0a7dcbd, May  3 2021, 17:27:52) [MSC v.1928 64 bit (AMD64)]",
        "command_line_arguments": "D:\\Uni Work\\CGS\\Level Design Solo Project\\virtualenv\\Scripts\\mlagents-learn config/2DPlat2.yaml --run-id=2DPlat15",
        "mlagents_version": "0.27.0",
        "mlagents_envs_version": "0.27.0",
        "communication_protocol_version": "1.5.0",
        "pytorch_version": "1.7.1+cu110",
        "numpy_version": "1.21.2",
        "end_time_seconds": "1633217830"
    },
    "total": 4149.7346979,
    "count": 1,
    "self": 0.12272940000002563,
    "children": {
        "run_training.setup": {
            "total": 0.4150204000000002,
            "count": 1,
            "self": 0.4150204000000002
        },
        "TrainerController.start_learning": {
            "total": 4149.196948100001,
            "count": 1,
            "self": 3.135560500025349,
            "children": {
                "TrainerController._reset_env": {
                    "total": 37.2145838,
                    "count": 1,
                    "self": 37.2145838
                },
                "TrainerController.advance": {
                    "total": 4107.230502899975,
                    "count": 171286,
                    "self": 3.073031599940805,
                    "children": {
                        "env_step": {
                            "total": 3742.463102900031,
                            "count": 171286,
                            "self": 3080.151979900089,
                            "children": {
                                "SubprocessEnvManager._take_step": {
                                    "total": 660.2476928999578,
                                    "count": 171286,
                                    "self": 9.286089199844128,
                                    "children": {
                                        "TorchPolicy.evaluate": {
                                            "total": 650.9616037001136,
                                            "count": 160672,
                                            "self": 219.73502340002756,
                                            "children": {
                                                "TorchPolicy.sample_actions": {
                                                    "total": 431.2265803000861,
                                                    "count": 160672,
                                                    "self": 431.2265803000861
                                                }
                                            }
                                        }
                                    }
                                },
                                "workers": {
                                    "total": 2.0634300999845863,
                                    "count": 171285,
                                    "self": 0.0,
                                    "children": {
                                        "worker_root": {
                                            "total": 4120.762959100001,
                                            "count": 171285,
                                            "is_parallel": true,
                                            "self": 1203.072967300047,