{
    "name": "root",
    "gauges": {
        "2DPlat.Policy.Entropy.mean": {
            "value": 0.48660072684288025,
            "min": 0.46397829055786133,
            "max": 0.5248362421989441,
            "count": 20
        },
        "2DPlat.Policy.Entropy.sum": {
            "value": 24353.392578125,
            "min": 23198.9140625,
            "max": 26250.208984375,
            "count": 20
        },
        "2DPlat.Environment.EpisodeLength.mean": {
            "value": 11.094823415578132,
            "min": 10.943396226415095,
            "max": 11.411166253101737,
            "count": 20
        },
        "2DPlat.Environment.EpisodeLength.sum": {
            "value": 45866.0,
            "min": 45820.0,
            "max": 45987.0,
            "count": 20
        },
        "2DPlat.Step.mean": {
            "value": 999982.0,
            "min": 49995.0,
            "max": 999982.0,
            "count": 20
        },
        "2DPlat.Step.sum": {
            "value": 999982.0,
            "min": 49995.0,
            "max": 999982.0,
            "count": 20
        },
        "2DPlat.Policy.ExtrinsicValueEstimate.mean": {
            "value": 0.8557648658752441,
            "min": 0.7596645355224609,
            "max": 0.8557648658752441,
            "count": 20
        },
        "2DPlat.Policy.ExtrinsicValueEstimate.sum": {
            "value": 3538.587646484375,
            "min": 3059.9287109375,
            "max": 3546.48193359375,
            "count": 20
        },
        "2DPlat.Environment.CumulativeReward.mean": {
            "value": 0.9143893591293834,
            "min": 0.8217477656405164,
            "max": 0.9143893591293834,
            "count": 20
        },
        "2DPlat.Environment.CumulativeReward.sum": {
            "value": 3781.0,
            "min": 3310.0,
            "max": 3787.0,
            "count": 20
        },
        "2DPlat.Policy.ExtrinsicReward.mean": {
            "value": 0.9143893591293834,
            "min": 0.8217477656405164,
            "max": 0.9143893591293834,
            "count": 20
        },
        "2DPlat.Policy.ExtrinsicReward.sum": {
            "value": 3781.0,
            "min": 3310.0,
            "max": 3787.0,
            "count": 20
        },
        "2DPlat.Losses.PolicyLoss.mean": {
            "value": 0.03492060141777084,
            "min": 0.03155240108494529,
            "max": 0.0373559669061596,
            "count": 20
        },
        "2DPlat.Losses.PolicyLoss.sum": {
            "value": 0.10476180425331252,
            "min": 0.09465720325483587,
            "max": 0.1494238676246384,
            "count": 20
        },
        "2DPlat.Losses.ValueLoss.mean": {
            "value": 0.04883255779036674,
            "min": 0.04652534075611239,
            "max": 0.0603877290248357,
            "count": 20
        },
        "2DPlat.Losses.ValueLoss.sum": {
            "value": 0.14649767337110023,
            "min": 0.1452482843546775,
            "max": 0.23427127006238907,
            "count": 20
        },
        "2DPlat.Policy.LearningRate.mean": {
            "value": 7.330397556566669e-06,
            "min": 7.330397556566669e-06,
            "max": 0.00029099350300216664,
            "count": 20
        },
        "2DPlat.Policy.LearningRate.sum": {
            "value": 2.1991192669700005e-05,
            "min": 2.1991192669700005e-05,
            "max": 0.0009928659690447,
            "count": 20
        },
        "2DPlat.Policy.Epsilon.mean": {
            "value": 0.10122171666666664,
            "min": 0.10122171666666664,
            "max": 0.14849891666666665,
            "count": 20
        },
        "2DPlat.Policy.Epsilon.sum": {
            "value": 0.30366514999999994,
            "min": 0.30366514999999994,
            "max": 0.5654776499999998,
            "count": 20
        },
        "2DPlat.Policy.Beta.mean": {
            "value": 0.00020523032333333345,
            "min": 0.00020523032333333345,
            "max": 0.0077601268833333336,
            "count": 20
        },
        "2DPlat.Policy.Beta.sum": {
            "value": 0.0006156909700000004,
            "min": 0.0006156909700000004,
            "max": 0.026483328469999994,
            "count": 20
        },
        "2DPlat.IsTraining.mean": {
            "value": 1.0,
            "min": 1.0,
            "max": 1.0,
            "count": 20
        },
        "2DPlat.IsTraining.sum": {
            "value": 1.0,
            "min": 1.0,
            "max": 1.0,
            "count": 20
        }
    },
    "metadata": {
        "timer_format_version": "0.1.0",
        "start_time_seconds": "1638226254",
        "python_version": "3.9.5 (tags/v3.9.5:0a7dcbd, May  3 2021, 17:27:52) [MSC v.1928 64 bit (AMD64)]",
        "command_line_arguments": "D:\\Uni Work\\CGS\\Level Design Solo Project\\virtualenv\\Scripts\\mlagents-learn config/2DPlatAlterPostStats.yaml --initialize-from=2DPlatAltPostStatsGap3Wide-37-35RANDOMTRY23 --run-id=2DPlatAltPostStatsGap3Wide-37-35RANDOMTRY24",
        "mlagents_version": "0.27.0",
        "mlagents_envs_version": "0.27.0",
        "communication_protocol_version": "1.5.0",
        "pytorch_version": "1.7.1+cu110",
        "numpy_version": "1.21.2",
        "end_time_seconds": "1638229927"
    },
    "total": 3673.2889887,
    "count": 1,
    "self": 0.16889179999998305,
    "children": {
        "run_training.setup": {
            "total": 0.25873740000000023,
            "count": 1,
            "self": 0.25873740000000023
        },
        "TrainerController.start_learning": {
            "total": 3672.8613595,
            "count": 1,
            "self": 3.535951999891495,
            "children": {
                "TrainerController._reset_env": {
                    "total": 13.074217100000002,
                    "count": 1,
                    "self": 13.074217100000002
                },
                "TrainerController.advance": {
                    "total": 3656.1564964001086,
                    "count": 122343,
                    "self": 3.217737100015711,
                    "children": {
                        "env_step": {
                            "total": 2989.870628599985,
                            "count": 122343,
                            "self": 2728.840191599923,
                            "children": {
                                "SubprocessEnvManager._take_step": {
                                    "total": 259.0685358000367,
                                    "count": 122343,
                                    "self": 6.152295199992722,
                                    "children": {
                                        "TorchPolicy.evaluate": {
                                            "total": 252.916240600044,
                                            "count": 62509,
                                            "self": 80.93916650007776,
                                            "children": {
                                                "TorchPolicy.sample_actions": {
                                                    "total": 171.97707409996625,
                                                    "count": 62509,
                                                    "self": 171.97707409996625
                                                }
                                            }
                                        }
                                    }
                                },
                                "workers": {
                                    "total": 1.9619012000255651,
                                    "count": 122343,
                                    "self": 0.0,
                                    "children": {
                                        "worker_root": {
                                            "total": 3656.8442001999756,
                                            "count": 122343,