{
    "name": "root",
    "gauges": {
        "2DPlat.Policy.Entropy.mean": {
            "value": 0.019218724220991135,
            "min": 0.00780801335349679,
            "max": 0.07946721464395523,
            "count": 20
        },
        "2DPlat.Policy.Entropy.sum": {
            "value": 961.2437133789062,
            "min": 390.4006652832031,
            "max": 3969.54638671875,
            "count": 20
        },
        "2DPlat.Environment.EpisodeLength.mean": {
            "value": 21.74294813466788,
            "min": 21.684975034044484,
            "max": 22.08264081255771,
            "count": 20
        },
        "2DPlat.Environment.EpisodeLength.sum": {
            "value": 47791.0,
            "min": 47769.0,
            "max": 47843.0,
            "count": 20
        },
        "2DPlat.Step.mean": {
            "value": 999977.0,
            "min": 49978.0,
            "max": 999977.0,
            "count": 20
        },
        "2DPlat.Step.sum": {
            "value": 999977.0,
            "min": 49978.0,
            "max": 999977.0,
            "count": 20
        },
        "2DPlat.Policy.ExtrinsicValueEstimate.mean": {
            "value": 0.6481335163116455,
            "min": 0.4683099091053009,
            "max": 0.6863261461257935,
            "count": 20
        },
        "2DPlat.Policy.ExtrinsicValueEstimate.sum": {
            "value": 1424.597412109375,
            "min": 1026.0670166015625,
            "max": 1508.544921875,
            "count": 20
        },
        "2DPlat.Environment.CumulativeReward.mean": {
            "value": 0.7142857142857143,
            "min": 0.5521698984302862,
            "max": 0.7261146496815286,
            "count": 20
        },
        "2DPlat.Environment.CumulativeReward.sum": {
            "value": 1570.0,
            "min": 1196.0,
            "max": 1596.0,
            "count": 20
        },
        "2DPlat.Policy.ExtrinsicReward.mean": {
            "value": 0.7142857142857143,
            "min": 0.5521698984302862,
            "max": 0.7261146496815286,
            "count": 20
        },
        "2DPlat.Policy.ExtrinsicReward.sum": {
            "value": 1570.0,
            "min": 1196.0,
            "max": 1596.0,
            "count": 20
        },
        "2DPlat.Losses.PolicyLoss.mean": {
            "value": 0.03809897513979351,
            "min": 0.032848560628056356,
            "max": 0.03809897513979351,
            "count": 20
        },
        "2DPlat.Losses.PolicyLoss.sum": {
            "value": 0.11429692541938054,
            "min": 0.09854568188416907,
            "max": 0.14522218142043003,
            "count": 20
        },
        "2DPlat.Losses.ValueLoss.mean": {
            "value": 0.08313067773378445,
            "min": 0.08313067773378445,
            "max": 0.19465571862442055,
            "count": 20
        },
        "2DPlat.Losses.ValueLoss.sum": {
            "value": 0.24939203320135334,
            "min": 0.24939203320135334,
            "max": 0.6921455156186531,
            "count": 20
        },
        "2DPlat.Policy.LearningRate.mean": {
            "value": 7.1932976022666695e-06,
            "min": 7.1932976022666695e-06,
            "max": 0.00029096940301019994,
            "count": 20
        },
        "2DPlat.Policy.LearningRate.sum": {
            "value": 2.157989280680001e-05,
            "min": 2.157989280680001e-05,
            "max": 0.0009927045690985002,
            "count": 20
        },
        "2DPlat.Policy.Epsilon.mean": {
            "value": 0.1011988666666667,
            "min": 0.1011988666666667,
            "max": 0.14849489999999996,
            "count": 20
        },
        "2DPlat.Policy.Epsilon.sum": {
            "value": 0.3035966000000001,
            "min": 0.3035966000000001,
            "max": 0.56545075,
            "count": 20
        },
        "2DPlat.Policy.Beta.mean": {
            "value": 0.0002015788933333333,
            "min": 0.0002015788933333333,
            "max": 0.007759485020000002,
            "count": 20
        },
        "2DPlat.Policy.Beta.sum": {
            "value": 0.0006047366799999999,
            "min": 0.0006047366799999999,
            "max": 0.026479029850000002,
            "count": 20
        },
        "2DPlat.IsTraining.mean": {
            "value": 1.0,
            "min": 1.0,
            "max": 1.0,
            "count": 20
        },
        "2DPlat.IsTraining.sum": {
            "value": 1.0,
            "min": 1.0,
            "max": 1.0,
            "count": 20
        }
    },
    "metadata": {
        "timer_format_version": "0.1.0",
        "start_time_seconds": "1639526977",
        "python_version": "3.9.5 (tags/v3.9.5:0a7dcbd, May  3 2021, 17:27:52) [MSC v.1928 64 bit (AMD64)]",
        "command_line_arguments": "D:\\Uni Work\\CGS\\Level Design Solo Project\\virtualenv\\Scripts\\mlagents-learn config/2DPlatAlterPostStats.yaml --initialize-from=2DPlatLevel1BESTOBSERVPart2TRY3 --run-id=2DPlatLevel1BESTOBSERVPart2TRY4",
        "mlagents_version": "0.27.0",
        "mlagents_envs_version": "0.27.0",
        "communication_protocol_version": "1.5.0",
        "pytorch_version": "1.7.1+cu110",
        "numpy_version": "1.21.2",
        "end_time_seconds": "1639529181"
    },
    "total": 2204.5015556999997,
    "count": 1,
    "self": 0.3551339000000553,
    "children": {
        "run_training.setup": {
            "total": 0.08753919999999993,
            "count": 1,
            "self": 0.08753919999999993
        },
        "TrainerController.start_learning": {
            "total": 2204.0588826,
            "count": 1,
            "self": 2.13833980004938,
            "children": {
                "TrainerController._reset_env": {
                    "total": 9.64518,
                    "count": 1,
                    "self": 9.64518
                },
                "TrainerController.advance": {
                    "total": 2192.1680303999506,
                    "count": 93560,
                    "self": 2.0043586000074356,
                    "children": {
                        "env_step": {
                            "total": 1702.6115992999462,
                            "count": 93560,
                            "self": 1412.7866403999599,
                            "children": {
                                "SubprocessEnvManager._take_step": {
                                    "total": 288.5635595999787,
                                    "count": 93560,
                                    "self": 4.710525099965707,
                                    "children": {
                                        "TorchPolicy.evaluate": {
                                            "total": 283.853034500013,
                                            "count": 62513,
                                            "self": 79.63152449999023,
                                            "children": {
                                                "TorchPolicy.sample_actions": {
                                                    "total": 204.22151000002276,
                                                    "count": 62513,
                                                    "self": 204.22151000002276
                                                }
                                            }
                                        }
                                    }
                                },
                                "workers": {
                                    "total": 1.2613993000075343,
                                    "count": 93560,
                                    "self": 0.0,
                                    "children": {
                                        "worker_root": {
                                            "total": 2192.774497600009,
                                            "count": 93560,
                                            "is_parallel": true,