{
    "name": "root",
    "gauges": {
        "2DPlat.Policy.Entropy.mean": {
            "value": 0.24030247330665588,
            "min": 0.2285715490579605,
            "max": 0.7643558382987976,
            "count": 20
        },
        "2DPlat.Policy.Entropy.sum": {
            "value": 12018.96875,
            "min": 11432.234375,
            "max": 38223.90625,
            "count": 20
        },
        "2DPlat.Environment.EpisodeLength.mean": {
            "value": 11.094316807738815,
            "min": 10.757290686735654,
            "max": 18.89268680445151,
            "count": 20
        },
        "2DPlat.Environment.EpisodeLength.sum": {
            "value": 45875.0,
            "min": 45740.0,
            "max": 47534.0,
            "count": 20
        },
        "2DPlat.Step.mean": {
            "value": 999999.0,
            "min": 49988.0,
            "max": 999999.0,
            "count": 20
        },
        "2DPlat.Step.sum": {
            "value": 999999.0,
            "min": 49988.0,
            "max": 999999.0,
            "count": 20
        },
        "2DPlat.Policy.ExtrinsicValueEstimate.mean": {
            "value": 0.911165714263916,
            "min": 0.6032480001449585,
            "max": 0.9291558265686035,
            "count": 20
        },
        "2DPlat.Policy.ExtrinsicValueEstimate.sum": {
            "value": 3770.40380859375,
            "min": 1572.6676025390625,
            "max": 3951.69970703125,
            "count": 20
        },
        "2DPlat.Environment.CumulativeReward.mean": {
            "value": 0.9743651753325272,
            "min": 0.5889815150416817,
            "max": 0.9743651753325272,
            "count": 20
        },
        "2DPlat.Environment.CumulativeReward.sum": {
            "value": 4029.0,
            "min": 1625.0,
            "max": 4140.0,
            "count": 20
        },
        "2DPlat.Policy.ExtrinsicReward.mean": {
            "value": 0.9743651753325272,
            "min": 0.5889815150416817,
            "max": 0.9743651753325272,
            "count": 20
        },
        "2DPlat.Policy.ExtrinsicReward.sum": {
            "value": 4029.0,
            "min": 1625.0,
            "max": 4140.0,
            "count": 20
        },
        "2DPlat.Losses.PolicyLoss.mean": {
            "value": 0.022952791975500684,
            "min": 0.020547131933271883,
            "max": 0.026628546609232823,
            "count": 20
        },
        "2DPlat.Losses.PolicyLoss.sum": {
            "value": 0.11476395987750342,
            "min": 0.08551452225074171,
            "max": 0.1331427330461641,
            "count": 20
        },
        "2DPlat.Losses.ValueLoss.mean": {
            "value": 0.02927720958987872,
            "min": 0.02620928339660168,
            "max": 0.6668331793198983,
            "count": 20
        },
        "2DPlat.Losses.ValueLoss.sum": {
            "value": 0.1463860479493936,
            "min": 0.1310464169830084,
            "max": 2.667332717279593,
            "count": 20
        },
        "2DPlat.Policy.LearningRate.mean": {
            "value": 7.839997386699995e-06,
            "min": 7.839997386699995e-06,
            "max": 0.00029231430256189997,
            "count": 20
        },
        "2DPlat.Policy.LearningRate.sum": {
            "value": 3.9199986933499974e-05,
            "min": 3.9199986933499974e-05,
            "max": 0.0013923444358852,
            "count": 20
        },
        "2DPlat.Policy.Epsilon.mean": {
            "value": 0.10261330000000002,
            "min": 0.10261330000000002,
            "max": 0.1974381,
            "count": 20
        },
        "2DPlat.Policy.Epsilon.sum": {
            "value": 0.5130665000000001,
            "min": 0.4698812,
            "max": 0.9641148,
            "count": 20
        },
        "2DPlat.Policy.Beta.mean": {
            "value": 0.00014040366999999994,
            "min": 0.00014040366999999994,
            "max": 0.00487216119,
            "count": 20
        },
        "2DPlat.Policy.Beta.sum": {
            "value": 0.0007020183499999997,
            "min": 0.0007020183499999997,
            "max": 0.02320932852,
            "count": 20
        },
        "2DPlat.IsTraining.mean": {
            "value": 1.0,
            "min": 1.0,
            "max": 1.0,
            "count": 20
        },
        "2DPlat.IsTraining.sum": {
            "value": 1.0,
            "min": 1.0,
            "max": 1.0,
            "count": 20
        }
    },
    "metadata": {
        "timer_format_version": "0.1.0",
        "start_time_seconds": "1635364907",
        "python_version": "3.9.5 (tags/v3.9.5:0a7dcbd, May  3 2021, 17:27:52) [MSC v.1928 64 bit (AMD64)]",
        "command_line_arguments": "D:\\Uni Work\\CGS\\Level Design Solo Project\\virtualenv\\Scripts\\mlagents-learn config/defaultconfig.yaml --initialize-from=2DPlatDefaultGap-35-36CoinRowOfFourMILLIONSTEPS6TH --run-id=2DPlatDefaultGap-35-36CoinRowOfFourMILLIONSTEPS7TH",
        "mlagents_version": "0.27.0",
        "mlagents_envs_version": "0.27.0",
        "communication_protocol_version": "1.5.0",
        "pytorch_version": "1.7.1+cu110",
        "numpy_version": "1.21.2",
        "end_time_seconds": "1635368812"
    },
    "total": 3905.1344043,
    "count": 1,
    "self": 0.2132992999995622,
    "children": {
        "run_training.setup": {
            "total": 0.5316685999999997,
            "count": 1,
            "self": 0.5316685999999997
        },
        "TrainerController.start_learning": {
            "total": 3904.3894364000002,
            "count": 1,
            "self": 3.825170999998136,
            "children": {
                "TrainerController._reset_env": {
                    "total": 35.411584500000004,
                    "count": 1,
                    "self": 35.411584500000004
                },
                "TrainerController.advance": {
                    "total": 3865.0812956000022,
                    "count": 179011,
                    "self": 3.452649500033658,
                    "children": {
                        "env_step": {
                            "total": 3452.0725063999926,
                            "count": 179011,
                            "self": 3007.0626373999175,
                            "children": {
                                "SubprocessEnvManager._take_step": {
                                    "total": 442.6526703000519,
                                    "count": 179011,
                                    "self": 7.79247810010213,
                                    "children": {
                                        "TorchPolicy.evaluate": {
                                            "total": 434.8601921999498,
                                            "count": 125005,
                                            "self": 146.26874319994033,
                                            "children": {
                                                "TorchPolicy.sample_actions": {
                                                    "total": 288.59144900000945,
                                                    "count": 125005,
                                                    "self": 288.59144900000945
                                                }
                                            }
                                        }
                                    }
                                },
                                "workers": {
                                    "total": 2.3571987000232326,
                                    "count": 179011,
                                    "self": 0.0,
                                    "children": {
                                        "worker_root": {
                                            "total": 3885.657604400003,
                                            "count": 179011,
                                            "is_parallel": true,