{
    "name": "root",
    "gauges": {
        "2DPlat.Policy.Entropy.mean": {
            "value": 0.1013336107134819,
            "min": 0.1013336107134819,
            "max": 0.37452995777130127,
            "count": 20
        },
        "2DPlat.Policy.Entropy.sum": {
            "value": 5067.4912109375,
            "min": 5067.4912109375,
            "max": 18738.482421875,
            "count": 20
        },
        "2DPlat.Environment.EpisodeLength.mean": {
            "value": 13.951555023923445,
            "min": 13.65504103165299,
            "max": 15.903313049357674,
            "count": 20
        },
        "2DPlat.Environment.EpisodeLength.sum": {
            "value": 46654.0,
            "min": 46553.0,
            "max": 47042.0,
            "count": 20
        },
        "2DPlat.Step.mean": {
            "value": 999989.0,
            "min": 49989.0,
            "max": 999989.0,
            "count": 20
        },
        "2DPlat.Step.sum": {
            "value": 999989.0,
            "min": 49989.0,
            "max": 999989.0,
            "count": 20
        },
        "2DPlat.Policy.ExtrinsicValueEstimate.mean": {
            "value": 0.7212052941322327,
            "min": 0.3130806088447571,
            "max": 0.737213134765625,
            "count": 20
        },
        "2DPlat.Policy.ExtrinsicValueEstimate.sum": {
            "value": 2419.643798828125,
            "min": 926.7186279296875,
            "max": 2488.09423828125,
            "count": 20
        },
        "2DPlat.Environment.CumulativeReward.mean": {
            "value": 0.7930622009569378,
            "min": 0.4480892796753466,
            "max": 0.7987570287067179,
            "count": 20
        },
        "2DPlat.Environment.CumulativeReward.sum": {
            "value": 2652.0,
            "min": 1325.0,
            "max": 2699.0,
            "count": 20
        },
        "2DPlat.Policy.ExtrinsicReward.mean": {
            "value": 0.7930622009569378,
            "min": 0.4480892796753466,
            "max": 0.7987570287067179,
            "count": 20
        },
        "2DPlat.Policy.ExtrinsicReward.sum": {
            "value": 2652.0,
            "min": 1325.0,
            "max": 2699.0,
            "count": 20
        },
        "2DPlat.Losses.PolicyLoss.mean": {
            "value": 0.034556352631750935,
            "min": 0.03302983564710052,
            "max": 0.037948585928942284,
            "count": 20
        },
        "2DPlat.Losses.PolicyLoss.sum": {
            "value": 0.1036690578952528,
            "min": 0.09908950694130156,
            "max": 0.14527911111182565,
            "count": 20
        },
        "2DPlat.Losses.ValueLoss.mean": {
            "value": 0.07512121785689016,
            "min": 0.07512121785689016,
            "max": 0.19403500208395652,
            "count": 20
        },
        "2DPlat.Losses.ValueLoss.sum": {
            "value": 0.22536365357067048,
            "min": 0.22536365357067048,
            "max": 0.6666719738779396,
            "count": 20
        },
        "2DPlat.Policy.LearningRate.mean": {
            "value": 1.6970664242299993e-05,
            "min": 1.6970664242299993e-05,
            "max": 0.0006789843696689002,
            "count": 20
        },
        "2DPlat.Policy.LearningRate.sum": {
            "value": 5.091199272689998e-05,
            "min": 5.091199272689998e-05,
            "max": 0.0023165016690712002,
            "count": 20
        },
        "2DPlat.Policy.Epsilon.mean": {
            "value": 0.10242436666666666,
            "min": 0.10242436666666666,
            "max": 0.19699776666666668,
            "count": 20
        },
        "2DPlat.Policy.Epsilon.sum": {
            "value": 0.30727309999999997,
            "min": 0.30727309999999997,
            "max": 0.7309288000000002,
            "count": 20
        },
        "2DPlat.Policy.Beta.mean": {
            "value": 8.248856333333335e-05,
            "min": 8.248856333333335e-05,
            "max": 0.002910233223333334,
            "count": 20
        },
        "2DPlat.Policy.Beta.sum": {
            "value": 0.00024746569000000005,
            "min": 0.00024746569000000005,
            "max": 0.009934771120000001,
            "count": 20
        },
        "2DPlat.IsTraining.mean": {
            "value": 1.0,
            "min": 1.0,
            "max": 1.0,
            "count": 20
        },
        "2DPlat.IsTraining.sum": {
            "value": 1.0,
            "min": 1.0,
            "max": 1.0,
            "count": 20
        }
    },
    "metadata": {
        "timer_format_version": "0.1.0",
        "start_time_seconds": "1637532788",
        "python_version": "3.9.5 (tags/v3.9.5:0a7dcbd, May  3 2021, 17:27:52) [MSC v.1928 64 bit (AMD64)]",
        "command_line_arguments": "D:\\Uni Work\\CGS\\Level Design Solo Project\\virtualenv\\Scripts\\mlagents-learn config/2DPlatAlter2.yaml --initialize-from=RAYMOVEREWARD2DPlatGap3Wide-37-35RANDOMTRY4 --run-id=RAYMOVEREWARD2DPlatGap3Wide-37-35RANDOMTRY5",
        "mlagents_version": "0.27.0",
        "mlagents_envs_version": "0.27.0",
        "communication_protocol_version": "1.5.0",
        "pytorch_version": "1.7.1+cu110",
        "numpy_version": "1.21.2",
        "end_time_seconds": "1637537327"
    },
    "total": 4537.9220827,
    "count": 1,
    "self": 0.4802511999996568,
    "children": {
        "run_training.setup": {
            "total": 0.5905210000000007,
            "count": 1,
            "self": 0.5905210000000007
        },
        "TrainerController.start_learning": {
            "total": 4536.8513105,
            "count": 1,
            "self": 3.60254119995534,
            "children": {
                "TrainerController._reset_env": {
                    "total": 32.9177836,
                    "count": 1,
                    "self": 32.9177836
                },
                "TrainerController.advance": {
                    "total": 4500.259356700045,
                    "count": 174144,
                    "self": 3.47474070012413,
                    "children": {
                        "env_step": {
                            "total": 4005.557432799945,
                            "count": 174144,
                            "self": 3563.0689211999934,
                            "children": {
                                "SubprocessEnvManager._take_step": {
                                    "total": 440.26562529998563,
                                    "count": 174144,
                                    "self": 7.685742900028799,
                                    "children": {
                                        "TorchPolicy.evaluate": {
                                            "total": 432.57988239995683,
                                            "count": 125010,
                                            "self": 149.05255499987544,
                                            "children": {
                                                "TorchPolicy.sample_actions": {
                                                    "total": 283.5273274000814,
                                                    "count": 125010,
                                                    "self": 283.5273274000814
                                                }
                                            }
                                        }
                                    }
                                },
                                "workers": {
                                    "total": 2.2228862999659498,
                                    "count": 174144,
                                    "self": 0.0,
                                    "children": {
                                        "worker_root": {
                                            "total": 4512.529591399943,
                                            "count": 174144,
                                            "is_parallel": true,