{
    "name": "root",
    "gauges": {
        "2DPlat.Policy.Entropy.mean": {
            "value": -2.3841815277592104e-07,
            "min": -2.3841815277592104e-07,
            "max": -2.3841815277592104e-07,
            "count": 20
        },
        "2DPlat.Policy.Entropy.sum": {
            "value": -0.011888482607901096,
            "min": -0.011941888369619846,
            "max": -0.011888482607901096,
            "count": 20
        },
        "2DPlat.Environment.EpisodeLength.mean": {
            "value": 25.189075630252102,
            "min": 25.188284518828453,
            "max": 25.196652719665273,
            "count": 20
        },
        "2DPlat.Environment.EpisodeLength.sum": {
            "value": 47960.0,
            "min": 47960.0,
            "max": 48176.0,
            "count": 20
        },
        "2DPlat.Step.mean": {
            "value": 999989.0,
            "min": 49984.0,
            "max": 999989.0,
            "count": 20
        },
        "2DPlat.Step.sum": {
            "value": 999989.0,
            "min": 49984.0,
            "max": 999989.0,
            "count": 20
        },
        "2DPlat.Policy.ExtrinsicValueEstimate.mean": {
            "value": -0.3178633749485016,
            "min": -0.33268627524375916,
            "max": -0.1134948581457138,
            "count": 20
        },
        "2DPlat.Policy.ExtrinsicValueEstimate.sum": {
            "value": -606.8012084960938,
            "min": -635.0980834960938,
            "max": -216.54818725585938,
            "count": 20
        },
        "2DPlat.Environment.CumulativeReward.mean": {
            "value": -1.0,
            "min": -1.0,
            "max": -1.0,
            "count": 20
        },
        "2DPlat.Environment.CumulativeReward.sum": {
            "value": -1909.0,
            "min": -1910.0,
            "max": -1908.0,
            "count": 20
        },
        "2DPlat.Policy.ExtrinsicReward.mean": {
            "value": -1.0,
            "min": -1.0,
            "max": -1.0,
            "count": 20
        },
        "2DPlat.Policy.ExtrinsicReward.sum": {
            "value": -1909.0,
            "min": -1910.0,
            "max": -1908.0,
            "count": 20
        },
        "2DPlat.Losses.PolicyLoss.mean": {
            "value": 0.034918823606105806,
            "min": 0.03209853494652258,
            "max": 0.03726279815450183,
            "count": 20
        },
        "2DPlat.Losses.PolicyLoss.sum": {
            "value": 0.13967529442442322,
            "min": 0.09629560483956774,
            "max": 0.1490511926180073,
            "count": 20
        },
        "2DPlat.Losses.ValueLoss.mean": {
            "value": 0.0026475272943257706,
            "min": 0.0026475272943257706,
            "max": 3.2409023820615275,
            "count": 20
        },
        "2DPlat.Losses.ValueLoss.sum": {
            "value": 0.010590109177303082,
            "min": 0.008087531763835457,
            "max": 9.722707146184582,
            "count": 20
        },
        "2DPlat.Policy.LearningRate.mean": {
            "value": 1.8873497303799995e-05,
            "min": 1.8873497303799995e-05,
            "max": 0.0006788730696848001,
            "count": 20
        },
        "2DPlat.Policy.LearningRate.sum": {
            "value": 7.549398921519998e-05,
            "min": 7.549398921519998e-05,
            "max": 0.0023142112693984003,
            "count": 20
        },
        "2DPlat.Policy.Epsilon.mean": {
            "value": 0.10269620000000002,
            "min": 0.10269620000000002,
            "max": 0.1969818666666667,
            "count": 20
        },
        "2DPlat.Policy.Epsilon.sum": {
            "value": 0.41078480000000006,
            "min": 0.32392800000000016,
            "max": 0.7306016,
            "count": 20
        },
        "2DPlat.Policy.Beta.mean": {
            "value": 9.061637999999996e-05,
            "min": 9.061637999999996e-05,
            "max": 0.0029097578133333336,
            "count": 20
        },
        "2DPlat.Policy.Beta.sum": {
            "value": 0.00036246551999999984,
            "min": 0.00036246551999999984,
            "max": 0.009924987840000003,
            "count": 20
        },
        "2DPlat.IsTraining.mean": {
            "value": 1.0,
            "min": 1.0,
            "max": 1.0,
            "count": 20
        },
        "2DPlat.IsTraining.sum": {
            "value": 1.0,
            "min": 1.0,
            "max": 1.0,
            "count": 20
        }
    },
    "metadata": {
        "timer_format_version": "0.1.0",
        "start_time_seconds": "1636676338",
        "python_version": "3.9.5 (tags/v3.9.5:0a7dcbd, May  3 2021, 17:27:52) [MSC v.1928 64 bit (AMD64)]",
        "command_line_arguments": "D:\\Uni Work\\CGS\\Level Design Solo Project\\virtualenv\\Scripts\\mlagents-learn config/2DPlatAlter.yaml --initialize-from=2DPlatNovemAlterConfigThreeBlock-36 --run-id=2DPlatNovemAlterConfigOneGap2Wide-36",
        "mlagents_version": "0.27.0",
        "mlagents_envs_version": "0.27.0",
        "communication_protocol_version": "1.5.0",
        "pytorch_version": "1.7.1+cu110",
        "numpy_version": "1.21.2",
        "end_time_seconds": "1636678765"
    },
    "total": 2426.5610009,
    "count": 1,
    "self": 0.46357350000016595,
    "children": {
        "run_training.setup": {
            "total": 0.589857499999999,
            "count": 1,
            "self": 0.589857499999999
        },
        "TrainerController.start_learning": {
            "total": 2425.5075699,
            "count": 1,
            "self": 2.4167244999848663,
            "children": {
                "TrainerController._reset_env": {
                    "total": 47.577496000000004,
                    "count": 1,
                    "self": 47.577496000000004
                },
                "TrainerController.advance": {
                    "total": 2375.4496788000156,
                    "count": 129098,
                    "self": 2.3561408000300617,
                    "children": {
                        "env_step": {
                            "total": 1970.430878299968,
                            "count": 129098,
                            "self": 1549.6446644999664,
                            "children": {
                                "SubprocessEnvManager._take_step": {
                                    "total": 419.24183340003384,
                                    "count": 129098,
                                    "self": 6.525036000086686,
                                    "children": {
                                        "TorchPolicy.evaluate": {
                                            "total": 412.71679739994715,
                                            "count": 125008,
                                            "self": 143.25825389995487,
                                            "children": {
                                                "TorchPolicy.sample_actions": {
                                                    "total": 269.4585434999923,
                                                    "count": 125008,
                                                    "self": 269.4585434999923
                                                }
                                            }
                                        }
                                    }
                                },
                                "workers": {
                                    "total": 1.544380399967821,
                                    "count": 129098,
                                    "self": 0.0,
                                    "children": {
                                        "worker_root": {
                                            "total": 2384.9082600999845,
                                            "count": 129098,
                                            "is_parallel": true,