{
    "name": "root",
    "gauges": {
        "2DPlat.Policy.Entropy.mean": {
            "value": 0.13205331563949585,
            "min": 0.13205331563949585,
            "max": 1.3146569728851318,
            "count": 20
        },
        "2DPlat.Policy.Entropy.sum": {
            "value": 6581.53759765625,
            "min": 6581.53759765625,
            "max": 65795.953125,
            "count": 20
        },
        "2DPlat.Environment.EpisodeLength.mean": {
            "value": 7142.0,
            "min": 595.6666666666666,
            "max": 7142.0,
            "count": 20
        },
        "2DPlat.Environment.EpisodeLength.sum": {
            "value": 64278.0,
            "min": 5361.0,
            "max": 84689.0,
            "count": 20
        },
        "2DPlat.Step.mean": {
            "value": 999949.0,
            "min": 49946.0,
            "max": 999949.0,
            "count": 20
        },
        "2DPlat.Step.sum": {
            "value": 999949.0,
            "min": 49946.0,
            "max": 999949.0,
            "count": 20
        },
        "2DPlat.Policy.ExtrinsicValueEstimate.mean": {
            "value": 0.0005534786032512784,
            "min": -0.037527069449424744,
            "max": 0.12465307861566544,
            "count": 20
        },
        "2DPlat.Policy.ExtrinsicValueEstimate.sum": {
            "value": 0.4339272379875183,
            "min": -29.68391227722168,
            "max": 98.10197448730469,
            "count": 20
        },
        "2DPlat.Environment.CumulativeReward.mean": {
            "value": 0.0,
            "min": -0.9888888887233205,
            "max": 0.10000000149011612,
            "count": 20
        },
        "2DPlat.Environment.CumulativeReward.sum": {
            "value": 0.0,
            "min": -21.499999970197678,
            "max": 0.9000000134110451,
            "count": 20
        },
        "2DPlat.Policy.ExtrinsicReward.mean": {
            "value": 0.0,
            "min": -0.9888888887233205,
            "max": 0.10000000149011612,
            "count": 20
        },
        "2DPlat.Policy.ExtrinsicReward.sum": {
            "value": 0.0,
            "min": -21.499999970197678,
            "max": 0.9000000134110451,
            "count": 20
        },
        "2DPlat.Losses.PolicyLoss.mean": {
            "value": 0.030911064590787417,
            "min": 0.030728948658116713,
            "max": 0.038101525802372194,
            "count": 20
        },
        "2DPlat.Losses.PolicyLoss.sum": {
            "value": 0.09273319377236225,
            "min": 0.09267951027389495,
            "max": 0.14303696211673328,
            "count": 20
        },
        "2DPlat.Losses.ValueLoss.mean": {
            "value": 2.110987462197829e-06,
            "min": 9.369755158187391e-07,
            "max": 0.5536540203363817,
            "count": 20
        },
        "2DPlat.Losses.ValueLoss.sum": {
            "value": 6.332962386593487e-06,
            "min": 3.7479020632749563e-06,
            "max": 1.6609620610091451,
            "count": 20
        },
        "2DPlat.Policy.LearningRate.mean": {
            "value": 6.2484979172e-06,
            "min": 6.2484979172e-06,
            "max": 0.00029086270304576675,
            "count": 20
        },
        "2DPlat.Policy.LearningRate.sum": {
            "value": 1.87454937516e-05,
            "min": 1.87454937516e-05,
            "max": 0.000991419069527,
            "count": 20
        },
        "2DPlat.Policy.Epsilon.mean": {
            "value": 0.10104140000000002,
            "min": 0.10104140000000002,
            "max": 0.14847711666666663,
            "count": 20
        },
        "2DPlat.Policy.Epsilon.sum": {
            "value": 0.30312420000000007,
            "min": 0.30312420000000007,
            "max": 0.5652365,
            "count": 20
        },
        "2DPlat.Policy.Beta.mean": {
            "value": 0.0001764157199999999,
            "min": 0.0001764157199999999,
            "max": 0.007756643243333334,
            "count": 20
        },
        "2DPlat.Policy.Beta.sum": {
            "value": 0.0005292471599999997,
            "min": 0.0005292471599999997,
            "max": 0.026444792699999997,
            "count": 20
        },
        "2DPlat.IsTraining.mean": {
            "value": 1.0,
            "min": 1.0,
            "max": 1.0,
            "count": 20
        },
        "2DPlat.IsTraining.sum": {
            "value": 1.0,
            "min": 1.0,
            "max": 1.0,
            "count": 20
        }
    },
    "metadata": {
        "timer_format_version": "0.1.0",
        "start_time_seconds": "1639015773",
        "python_version": "3.9.5 (tags/v3.9.5:0a7dcbd, May  3 2021, 17:27:52) [MSC v.1928 64 bit (AMD64)]",
        "command_line_arguments": "D:\\Uni Work\\CGS\\Level Design Solo Project\\virtualenv\\Scripts\\mlagents-learn config/2DPlatAlterPostStats.yaml --initialize-from=2DPlatLevel1Round2Part4 --run-id=2DPlatLevel1Round2Part4TRY2",
        "mlagents_version": "0.27.0",
        "mlagents_envs_version": "0.27.0",
        "communication_protocol_version": "1.5.0",
        "pytorch_version": "1.7.1+cu110",
        "numpy_version": "1.21.2",
        "end_time_seconds": "1639017617"
    },
    "total": 1844.5448543,
    "count": 1,
    "self": 0.034958499999902415,
    "children": {
        "run_training.setup": {
            "total": 0.13648870000000013,
            "count": 1,
            "self": 0.13648870000000013
        },
        "TrainerController.start_learning": {
            "total": 1844.3734071000001,
            "count": 1,
            "self": 1.4503767000123844,
            "children": {
                "TrainerController._reset_env": {
                    "total": 9.652607099999999,
                    "count": 1,
                    "self": 9.652607099999999
                },
                "TrainerController.advance": {
                    "total": 1833.1540173999877,
                    "count": 62700,
                    "self": 1.4422815999805607,
                    "children": {
                        "env_step": {
                            "total": 1411.1827902999867,
                            "count": 62700,
                            "self": 1124.668010299989,
                            "children": {
                                "SubprocessEnvManager._take_step": {
                                    "total": 285.654131400001,
                                    "count": 62700,
                                    "self": 4.516115900006923,
                                    "children": {
                                        "TorchPolicy.evaluate": {
                                            "total": 281.1380154999941,
                                            "count": 62533,
                                            "self": 77.82633729999174,
                                            "children": {
                                                "TorchPolicy.sample_actions": {
                                                    "total": 203.31167820000235,
                                                    "count": 62533,
                                                    "self": 203.31167820000235
                                                }
                                            }
                                        }
                                    }
                                },
                                "workers": {
                                    "total": 0.8606485999967131,
                                    "count": 62700,
                                    "self": 0.0,
                                    "children": {
                                        "worker_root": {
                                            "total": 1834.2027731000164,
                                            "count": 62700,
                                            "is_parallel": true,