{
    "name": "root",
    "gauges": {
        "2DPlat.Policy.Entropy.mean": {
            "value": 1.4136284589767456,
            "min": 1.4136284589767456,
            "max": 1.4136284589767456,
            "count": 1
        },
        "2DPlat.Policy.Entropy.sum": {
            "value": 14245.1337890625,
            "min": 14245.1337890625,
            "max": 14245.1337890625,
            "count": 1
        },
        "2DPlat.Environment.EpisodeLength.mean": {
            "value": 585.0625,
            "min": 585.0625,
            "max": 585.0625,
            "count": 1
        },
        "2DPlat.Environment.EpisodeLength.sum": {
            "value": 9361.0,
            "min": 9361.0,
            "max": 9361.0,
            "count": 1
        },
        "2DPlat.Step.mean": {
            "value": 9977.0,
            "min": 9977.0,
            "max": 9977.0,
            "count": 1
        },
        "2DPlat.Step.sum": {
            "value": 9977.0,
            "min": 9977.0,
            "max": 9977.0,
            "count": 1
        },
        "2DPlat.Policy.ExtrinsicValueEstimate.mean": {
            "value": -0.26160091161727905,
            "min": -0.26160091161727905,
            "max": -0.26160091161727905,
            "count": 1
        },
        "2DPlat.Policy.ExtrinsicValueEstimate.sum": {
            "value": -27.99129867553711,
            "min": -27.99129867553711,
            "max": -27.99129867553711,
            "count": 1
        },
        "2DPlat.Environment.CumulativeReward.mean": {
            "value": 6.5908748366637155,
            "min": 6.5908748366637155,
            "max": 6.5908748366637155,
            "count": 1
        },
        "2DPlat.Environment.CumulativeReward.sum": {
            "value": 105.45399738661945,
            "min": 105.45399738661945,
            "max": 105.45399738661945,
            "count": 1
        },
        "2DPlat.Policy.ExtrinsicReward.mean": {
            "value": 6.5908748366637155,
            "min": 6.5908748366637155,
            "max": 6.5908748366637155,
            "count": 1
        },
        "2DPlat.Policy.ExtrinsicReward.sum": {
            "value": 105.45399738661945,
            "min": 105.45399738661945,
            "max": 105.45399738661945,
            "count": 1
        },
        "2DPlat.Losses.PolicyLoss.mean": {
            "value": 0.09635605915964932,
            "min": 0.09635605915964932,
            "max": 0.09635605915964932,
            "count": 1
        },
        "2DPlat.Losses.PolicyLoss.sum": {
            "value": 0.8672045324368438,
            "min": 0.8672045324368438,
            "max": 0.8672045324368438,
            "count": 1
        },
        "2DPlat.Losses.ValueLoss.mean": {
            "value": 0.01593718665030106,
            "min": 0.01593718665030106,
            "max": 0.01593718665030106,
            "count": 1
        },
        "2DPlat.Losses.ValueLoss.sum": {
            "value": 0.14343467985270952,
            "min": 0.14343467985270952,
            "max": 0.14343467985270952,
            "count": 1
        },
        "2DPlat.Policy.LearningRate.mean": {
            "value": 0.00026813867728711107,
            "min": 0.00026813867728711107,
            "max": 0.00026813867728711107,
            "count": 1
        },
        "2DPlat.Policy.LearningRate.sum": {
            "value": 0.0024132480955839997,
            "min": 0.0024132480955839997,
            "max": 0.0024132480955839997,
            "count": 1
        },
        "2DPlat.Policy.Epsilon.mean": {
            "value": 0.18937955555555555,
            "min": 0.18937955555555555,
            "max": 0.18937955555555555,
            "count": 1
        },
        "2DPlat.Policy.Epsilon.sum": {
            "value": 1.704416,
            "min": 1.704416,
            "max": 1.704416,
            "count": 1
        },
        "2DPlat.Policy.Beta.mean": {
            "value": 0.0008948576,
            "min": 0.0008948576,
            "max": 0.0008948576,
            "count": 1
        },
        "2DPlat.Policy.Beta.sum": {
            "value": 0.0080537184,
            "min": 0.0080537184,
            "max": 0.0080537184,
            "count": 1
        },
        "2DPlat.IsTraining.mean": {
            "value": 1.0,
            "min": 1.0,
            "max": 1.0,
            "count": 1
        },
        "2DPlat.IsTraining.sum": {
            "value": 1.0,
            "min": 1.0,
            "max": 1.0,
            "count": 1
        }
    },
    "metadata": {
        "timer_format_version": "0.1.0",
        "start_time_seconds": "1632991534",
        "python_version": "3.9.5 (tags/v3.9.5:0a7dcbd, May  3 2021, 17:27:52) [MSC v.1928 64 bit (AMD64)]",
        "command_line_arguments": "D:\\Uni Work\\CGS\\Level Design Solo Project\\virtualenv\\Scripts\\mlagents-learn config/2DPlat.yaml --run-id=2DPlat5",
        "mlagents_version": "0.27.0",
        "mlagents_envs_version": "0.27.0",
        "communication_protocol_version": "1.5.0",
        "pytorch_version": "1.7.1+cu110",
        "numpy_version": "1.21.2",
        "end_time_seconds": "1632991780"
    },
    "total": 245.83416780000002,
    "count": 1,
    "self": 0.005631700000009232,
    "children": {
        "run_training.setup": {
            "total": 0.12031309999999995,
            "count": 1,
            "self": 0.12031309999999995
        },
        "TrainerController.start_learning": {
            "total": 245.708223,
            "count": 1,
            "self": 0.18054410000050325,
            "children": {
                "TrainerController._reset_env": {
                    "total": 6.7429576,
                    "count": 1,
                    "self": 6.7429576
                },
                "TrainerController.advance": {
                    "total": 238.72845989999948,
                    "count": 10503,
                    "self": 0.16907769999755828,
                    "children": {
                        "env_step": {
                            "total": 230.56890240000195,
                            "count": 10503,
                            "self": 210.64745510000068,
                            "children": {
                                "SubprocessEnvManager._take_step": {
                                    "total": 19.809536600000136,
                                    "count": 10503,
                                    "self": 0.5601141000011545,
                                    "children": {
                                        "TorchPolicy.evaluate": {
                                            "total": 19.249422499998982,
                                            "count": 10487,
                                            "self": 8.79546849999969,
                                            "children": {
                                                "TorchPolicy.sample_actions": {
                                                    "total": 10.453953999999293,
                                                    "count": 10487,
                                                    "self": 10.453953999999293
                                                }
                                            }
                                        }
                                    }
                                },
                                "workers": {
                                    "total": 0.11191070000113079,
                                    "count": 10502,
                                    "self": 0.0,
                                    "children": {
                                        "worker_root": {
                                            "total": 239.90805720000012,
                                            "count": 10502,
                                            "is_parallel": true,
                                            "self": 38.0133761999997,