{
    "name": "root",
    "gauges": {
        "2DPlat.Policy.Entropy.mean": {
            "value": 0.15324416756629944,
            "min": 0.15324416756629944,
            "max": 0.6391513347625732,
            "count": 20
        },
        "2DPlat.Policy.Entropy.sum": {
            "value": 7658.53076171875,
            "min": 7658.53076171875,
            "max": 31937.11328125,
            "count": 20
        },
        "2DPlat.Environment.EpisodeLength.mean": {
            "value": 13.516260162601625,
            "min": 13.511756168359941,
            "max": 19.06784423926134,
            "count": 20
        },
        "2DPlat.Environment.EpisodeLength.sum": {
            "value": 46550.0,
            "min": 46548.0,
            "max": 47498.0,
            "count": 20
        },
        "2DPlat.Step.mean": {
            "value": 999990.0,
            "min": 49999.0,
            "max": 999990.0,
            "count": 20
        },
        "2DPlat.Step.sum": {
            "value": 999990.0,
            "min": 49999.0,
            "max": 999990.0,
            "count": 20
        },
        "2DPlat.Policy.ExtrinsicValueEstimate.mean": {
            "value": 0.7795774936676025,
            "min": 0.3753504157066345,
            "max": 0.7825403809547424,
            "count": 20
        },
        "2DPlat.Policy.ExtrinsicValueEstimate.sum": {
            "value": 2684.864990234375,
            "min": 935.3732299804688,
            "max": 2695.8515625,
            "count": 20
        },
        "2DPlat.Environment.CumulativeReward.mean": {
            "value": 0.8681765389082462,
            "min": 0.5030108390204737,
            "max": 0.8681765389082462,
            "count": 20
        },
        "2DPlat.Environment.CumulativeReward.sum": {
            "value": 2990.0,
            "min": 1253.0,
            "max": 2990.0,
            "count": 20
        },
        "2DPlat.Policy.ExtrinsicReward.mean": {
            "value": 0.8681765389082462,
            "min": 0.5030108390204737,
            "max": 0.8681765389082462,
            "count": 20
        },
        "2DPlat.Policy.ExtrinsicReward.sum": {
            "value": 2990.0,
            "min": 1253.0,
            "max": 2990.0,
            "count": 20
        },
        "2DPlat.Losses.PolicyLoss.mean": {
            "value": 0.024102531891937055,
            "min": 0.01967320474407946,
            "max": 0.02547302653236936,
            "count": 20
        },
        "2DPlat.Losses.PolicyLoss.sum": {
            "value": 0.12051265945968527,
            "min": 0.07869281897631784,
            "max": 0.1273651326618468,
            "count": 20
        },
        "2DPlat.Losses.ValueLoss.mean": {
            "value": 0.09398335710167885,
            "min": 0.09398335710167885,
            "max": 0.5125326017538706,
            "count": 20
        },
        "2DPlat.Losses.ValueLoss.sum": {
            "value": 0.4699167855083943,
            "min": 0.41411580269535386,
            "max": 2.0501304070154824,
            "count": 20
        },
        "2DPlat.Policy.LearningRate.mean": {
            "value": 7.886617371159997e-06,
            "min": 7.886617371159997e-06,
            "max": 0.00029231010256330003,
            "count": 20
        },
        "2DPlat.Policy.LearningRate.sum": {
            "value": 3.9433086855799984e-05,
            "min": 3.9433086855799984e-05,
            "max": 0.0013923534358822,
            "count": 20
        },
        "2DPlat.Policy.Epsilon.mean": {
            "value": 0.10262883999999999,
            "min": 0.10262883999999999,
            "max": 0.19743669999999997,
            "count": 20
        },
        "2DPlat.Policy.Epsilon.sum": {
            "value": 0.5131441999999999,
            "min": 0.46995489999999995,
            "max": 0.9641178,
            "count": 20
        },
        "2DPlat.Policy.Beta.mean": {
            "value": 0.00014117911599999995,
            "min": 0.00014117911599999995,
            "max": 0.00487209133,
            "count": 20
        },
        "2DPlat.Policy.Beta.sum": {
            "value": 0.0007058955799999997,
            "min": 0.0007058955799999997,
            "max": 0.023209478220000003,
            "count": 20
        },
        "2DPlat.IsTraining.mean": {
            "value": 1.0,
            "min": 1.0,
            "max": 1.0,
            "count": 20
        },
        "2DPlat.IsTraining.sum": {
            "value": 1.0,
            "min": 1.0,
            "max": 1.0,
            "count": 20
        }
    },
    "metadata": {
        "timer_format_version": "0.1.0",
        "start_time_seconds": "1636768065",
        "python_version": "3.9.5 (tags/v3.9.5:0a7dcbd, May  3 2021, 17:27:52) [MSC v.1928 64 bit (AMD64)]",
        "command_line_arguments": "D:\\Uni Work\\CGS\\Level Design Solo Project\\virtualenv\\Scripts\\mlagents-learn config/defaultconfig.yaml --initialize-from=2DPlatDefaultPostNovGap-36TRY3 --run-id=2DPlatDefaultPostNovGap-36TRY4",
        "mlagents_version": "0.27.0",
        "mlagents_envs_version": "0.27.0",
        "communication_protocol_version": "1.5.0",
        "pytorch_version": "1.7.1+cu110",
        "numpy_version": "1.21.2",
        "end_time_seconds": "1636771661"
    },
    "total": 3596.0727367,
    "count": 1,
    "self": 0.2515189999994618,
    "children": {
        "run_training.setup": {
            "total": 0.18299869999999974,
            "count": 1,
            "self": 0.18299869999999974
        },
        "TrainerController.start_learning": {
            "total": 3595.6382190000004,
            "count": 1,
            "self": 3.436831500019707,
            "children": {
                "TrainerController._reset_env": {
                    "total": 18.7423529,
                    "count": 1,
                    "self": 18.7423529
                },
                "TrainerController.advance": {
                    "total": 3573.2984081999807,
                    "count": 172908,
                    "self": 3.118222300061916,
                    "children": {
                        "env_step": {
                            "total": 3196.1095268999875,
                            "count": 172908,
                            "self": 2781.15908450003,
                            "children": {
                                "SubprocessEnvManager._take_step": {
                                    "total": 412.8595859999971,
                                    "count": 172908,
                                    "self": 7.119412100039938,
                                    "children": {
                                        "TorchPolicy.evaluate": {
                                            "total": 405.74017389995714,
                                            "count": 125005,
                                            "self": 137.5363174999663,
                                            "children": {
                                                "TorchPolicy.sample_actions": {
                                                    "total": 268.20385639999085,
                                                    "count": 125005,
                                                    "self": 268.20385639999085
                                                }
                                            }
                                        }
                                    }
                                },
                                "workers": {
                                    "total": 2.0908563999601952,
                                    "count": 172908,
                                    "self": 0.0,
                                    "children": {
                                        "worker_root": {
                                            "total": 3573.9027758999205,
                                            "count": 172908,
                                            "is_parallel": true,