{
    "name": "root",
    "gauges": {
        "2DPlat.Policy.Entropy.mean": {
            "value": 0.00011288603127468377,
            "min": -2.584073683919996e-07,
            "max": 0.47039809823036194,
            "count": 20
        },
        "2DPlat.Policy.Entropy.sum": {
            "value": 5.635270595550537,
            "min": -0.012936905957758427,
            "max": 23550.009765625,
            "count": 20
        },
        "2DPlat.Environment.EpisodeLength.mean": {
            "value": 7142.0,
            "min": 6.192717328727691,
            "max": 7142.0,
            "count": 18
        },
        "2DPlat.Environment.EpisodeLength.sum": {
            "value": 7142.0,
            "min": 7142.0,
            "max": 114279.0,
            "count": 18
        },
        "2DPlat.Step.mean": {
            "value": 999982.0,
            "min": 49995.0,
            "max": 999982.0,
            "count": 20
        },
        "2DPlat.Step.sum": {
            "value": 999982.0,
            "min": 49995.0,
            "max": 999982.0,
            "count": 20
        },
        "2DPlat.Policy.ExtrinsicValueEstimate.mean": {
            "value": 0.02129759080708027,
            "min": 0.02129759080708027,
            "max": 2.437241554260254,
            "count": 20
        },
        "2DPlat.Policy.ExtrinsicValueEstimate.sum": {
            "value": 16.65471649169922,
            "min": 16.65471649169922,
            "max": 6880.71484375,
            "count": 20
        },
        "2DPlat.Environment.CumulativeReward.mean": {
            "value": 0.0,
            "min": 0.0,
            "max": 1.0,
            "count": 18
        },
        "2DPlat.Environment.CumulativeReward.sum": {
            "value": 0.0,
            "min": 0.0,
            "max": 6951.0,
            "count": 18
        },
        "2DPlat.Policy.ExtrinsicReward.mean": {
            "value": 0.0,
            "min": 0.0,
            "max": 1.0,
            "count": 18
        },
        "2DPlat.Policy.ExtrinsicReward.sum": {
            "value": 0.0,
            "min": 0.0,
            "max": 6951.0,
            "count": 18
        },
        "2DPlat.Losses.PolicyLoss.mean": {
            "value": 0.03598686490030737,
            "min": 0.03185713314077548,
            "max": 0.03874877559938723,
            "count": 20
        },
        "2DPlat.Losses.PolicyLoss.sum": {
            "value": 0.10796059470092212,
            "min": 0.09557139942232644,
            "max": 0.14280255966460917,
            "count": 20
        },
        "2DPlat.Losses.ValueLoss.mean": {
            "value": 5.0062657204345364e-05,
            "min": 5.0062657204345364e-05,
            "max": 2.729610031256559,
            "count": 20
        },
        "2DPlat.Losses.ValueLoss.sum": {
            "value": 0.0001501879716130361,
            "min": 0.0001501879716130361,
            "max": 8.188830093769678,
            "count": 20
        },
        "2DPlat.Policy.LearningRate.mean": {
            "value": 6.738297753933337e-06,
            "min": 6.738297753933337e-06,
            "max": 0.00029097440300853344,
            "count": 20
        },
        "2DPlat.Policy.LearningRate.sum": {
            "value": 2.021489326180001e-05,
            "min": 2.021489326180001e-05,
            "max": 0.0009922512692495996,
            "count": 20
        },
        "2DPlat.Policy.Epsilon.mean": {
            "value": 0.10112303333333335,
            "min": 0.10112303333333335,
            "max": 0.14849573333333335,
            "count": 20
        },
        "2DPlat.Policy.Epsilon.sum": {
            "value": 0.30336910000000006,
            "min": 0.30336910000000006,
            "max": 0.5653752000000001,
            "count": 20
        },
        "2DPlat.Policy.Beta.mean": {
            "value": 0.00018946072666666688,
            "min": 0.00018946072666666688,
            "max": 0.007759618186666668,
            "count": 20
        },
        "2DPlat.Policy.Beta.sum": {
            "value": 0.0005683821800000007,
            "min": 0.0005683821800000007,
            "max": 0.026466956960000003,
            "count": 20
        },
        "2DPlat.IsTraining.mean": {
            "value": 1.0,
            "min": 1.0,
            "max": 1.0,
            "count": 20
        },
        "2DPlat.IsTraining.sum": {
            "value": 1.0,
            "min": 1.0,
            "max": 1.0,
            "count": 20
        }
    },
    "metadata": {
        "timer_format_version": "0.1.0",
        "start_time_seconds": "1638854831",
        "python_version": "3.9.5 (tags/v3.9.5:0a7dcbd, May  3 2021, 17:27:52) [MSC v.1928 64 bit (AMD64)]",
        "command_line_arguments": "D:\\Uni Work\\CGS\\Level Design Solo Project\\virtualenv\\Scripts\\mlagents-learn config/2DPlatAlterPostStats.yaml --run-id=2DPlatLevel1JumpTraining",
        "mlagents_version": "0.27.0",
        "mlagents_envs_version": "0.27.0",
        "communication_protocol_version": "1.5.0",
        "pytorch_version": "1.7.1+cu110",
        "numpy_version": "1.21.2",
        "end_time_seconds": "1638857073"
    },
    "total": 2241.8304509,
    "count": 1,
    "self": 0.1498741999998856,
    "children": {
        "run_training.setup": {
            "total": 0.09135369999999998,
            "count": 1,
            "self": 0.09135369999999998
        },
        "TrainerController.start_learning": {
            "total": 2241.589223,
            "count": 1,
            "self": 1.6983291999817993,
            "children": {
                "TrainerController._reset_env": {
                    "total": 24.9907775,
                    "count": 1,
                    "self": 24.9907775
                },
                "TrainerController.advance": {
                    "total": 2214.766902400018,
                    "count": 71524,
                    "self": 1.5968801999742936,
                    "children": {
                        "env_step": {
                            "total": 1719.207397500014,
                            "count": 71524,
                            "self": 1432.1749484000184,
                            "children": {
                                "SubprocessEnvManager._take_step": {
                                    "total": 286.05321189999245,
                                    "count": 71524,
                                    "self": 4.662359199984451,
                                    "children": {
                                        "TorchPolicy.evaluate": {
                                            "total": 281.390852700008,
                                            "count": 62529,
                                            "self": 78.18550120005403,
                                            "children": {
                                                "TorchPolicy.sample_actions": {
                                                    "total": 203.20535149995396,
                                                    "count": 62529,
                                                    "self": 203.20535149995396
                                                }
                                            }
                                        }
                                    }
                                },
                                "workers": {
                                    "total": 0.9792372000031797,
                                    "count": 71524,
                                    "self": 0.0,
                                    "children": {
                                        "worker_root": {
                                            "total": 2215.407229499996,
                                            "count": 71524,
                                            "is_parallel": true,
                                            "self": 892.4383247999901,