{
    "name": "root",
    "gauges": {
        "2DPlat.Policy.Entropy.mean": {
            "value": 0.4072754979133606,
            "min": 0.35926130414009094,
            "max": 0.5238409042358398,
            "count": 20
        },
        "2DPlat.Policy.Entropy.sum": {
            "value": 20389.83984375,
            "min": 17971.6875,
            "max": 26183.6640625,
            "count": 20
        },
        "2DPlat.Environment.EpisodeLength.mean": {
            "value": 18.546911649726347,
            "min": 14.527950310559007,
            "max": 20.725336810082574,
            "count": 20
        },
        "2DPlat.Environment.EpisodeLength.sum": {
            "value": 47443.0,
            "min": 46780.0,
            "max": 47827.0,
            "count": 20
        },
        "2DPlat.Step.mean": {
            "value": 999987.0,
            "min": 49993.0,
            "max": 999987.0,
            "count": 20
        },
        "2DPlat.Step.sum": {
            "value": 999987.0,
            "min": 49993.0,
            "max": 999987.0,
            "count": 20
        },
        "2DPlat.Policy.ExtrinsicValueEstimate.mean": {
            "value": 0.5142318606376648,
            "min": 0.27059856057167053,
            "max": 0.5515686273574829,
            "count": 20
        },
        "2DPlat.Policy.ExtrinsicValueEstimate.sum": {
            "value": 1325.175537109375,
            "min": 787.3763427734375,
            "max": 1384.98876953125,
            "count": 20
        },
        "2DPlat.Environment.CumulativeReward.mean": {
            "value": 0.5707584050039093,
            "min": 0.3950310559006211,
            "max": 0.5739307535641548,
            "count": 20
        },
        "2DPlat.Environment.CumulativeReward.sum": {
            "value": 1460.0,
            "min": 1151.0,
            "max": 1460.0,
            "count": 20
        },
        "2DPlat.Policy.ExtrinsicReward.mean": {
            "value": 0.5707584050039093,
            "min": 0.3950310559006211,
            "max": 0.5739307535641548,
            "count": 20
        },
        "2DPlat.Policy.ExtrinsicReward.sum": {
            "value": 1460.0,
            "min": 1151.0,
            "max": 1460.0,
            "count": 20
        },
        "2DPlat.Losses.PolicyLoss.mean": {
            "value": 0.02423098936366538,
            "min": 0.019953334998960293,
            "max": 0.02766242945877214,
            "count": 20
        },
        "2DPlat.Losses.PolicyLoss.sum": {
            "value": 0.1211549468183269,
            "min": 0.08085534805431963,
            "max": 0.1383121472938607,
            "count": 20
        },
        "2DPlat.Losses.ValueLoss.mean": {
            "value": 0.23331438153982162,
            "min": 0.22098321487506228,
            "max": 0.9427535785983006,
            "count": 20
        },
        "2DPlat.Losses.ValueLoss.sum": {
            "value": 1.1665719076991081,
            "min": 0.9044626196225484,
            "max": 3.7710143143932022,
            "count": 20
        },
        "2DPlat.Policy.LearningRate.mean": {
            "value": 7.796077401339998e-06,
            "min": 7.796077401339998e-06,
            "max": 0.000292311077562975,
            "count": 20
        },
        "2DPlat.Policy.LearningRate.sum": {
            "value": 3.898038700669999e-05,
            "min": 3.898038700669999e-05,
            "max": 0.0013923885358704997,
            "count": 20
        },
        "2DPlat.Policy.Epsilon.mean": {
            "value": 0.10259866000000002,
            "min": 0.10259866000000002,
            "max": 0.197437025,
            "count": 20
        },
        "2DPlat.Policy.Epsilon.sum": {
            "value": 0.5129933000000001,
            "min": 0.4698489,
            "max": 0.9641295000000002,
            "count": 20
        },
        "2DPlat.Policy.Beta.mean": {
            "value": 0.000139673134,
            "min": 0.000139673134,
            "max": 0.004872107547499999,
            "count": 20
        },
        "2DPlat.Policy.Beta.sum": {
            "value": 0.00069836567,
            "min": 0.00069836567,
            "max": 0.02321006205,
            "count": 20
        },
        "2DPlat.IsTraining.mean": {
            "value": 1.0,
            "min": 1.0,
            "max": 1.0,
            "count": 20
        },
        "2DPlat.IsTraining.sum": {
            "value": 1.0,
            "min": 1.0,
            "max": 1.0,
            "count": 20
        }
    },
    "metadata": {
        "timer_format_version": "0.1.0",
        "start_time_seconds": "1635283971",
        "python_version": "3.9.5 (tags/v3.9.5:0a7dcbd, May  3 2021, 17:27:52) [MSC v.1928 64 bit (AMD64)]",
        "command_line_arguments": "D:\\Uni Work\\CGS\\Level Design Solo Project\\virtualenv\\Scripts\\mlagents-learn config/defaultconfig.yaml --initialize-from=2DPlatDefaultGap-35-36CoinRowOfFourMILLIONSTEPSSECONDRUNTHROUGH --run-id=2DPlatDefaultGap-35-36CoinRowOfFourMILLIONSTEPSTHIRDRUNTHROUGH",
        "mlagents_version": "0.27.0",
        "mlagents_envs_version": "0.27.0",
        "communication_protocol_version": "1.5.0",
        "pytorch_version": "1.7.1+cu110",
        "numpy_version": "1.21.2",
        "end_time_seconds": "1635287756"
    },
    "total": 3784.8829309999996,
    "count": 1,
    "self": 0.0528585999995812,
    "children": {
        "run_training.setup": {
            "total": 0.1006631,
            "count": 1,
            "self": 0.1006631
        },
        "TrainerController.start_learning": {
            "total": 3784.7294093,
            "count": 1,
            "self": 3.4867339000452375,
            "children": {
                "TrainerController._reset_env": {
                    "total": 22.9033224,
                    "count": 1,
                    "self": 22.9033224
                },
                "TrainerController.advance": {
                    "total": 3758.2739832999546,
                    "count": 168263,
                    "self": 3.352050000100917,
                    "children": {
                        "env_step": {
                            "total": 3383.440116199826,
                            "count": 168263,
                            "self": 2944.8587482998496,
                            "children": {
                                "SubprocessEnvManager._take_step": {
                                    "total": 436.4267380999805,
                                    "count": 168263,
                                    "self": 7.794519300014656,
                                    "children": {
                                        "TorchPolicy.evaluate": {
                                            "total": 428.63221879996587,
                                            "count": 125019,
                                            "self": 146.3962269999583,
                                            "children": {
                                                "TorchPolicy.sample_actions": {
                                                    "total": 282.2359918000076,
                                                    "count": 125019,
                                                    "self": 282.2359918000076
                                                }
                                            }
                                        }
                                    }
                                },
                                "workers": {
                                    "total": 2.1546297999961084,
                                    "count": 168263,
                                    "self": 0.0,
                                    "children": {
                                        "worker_root": {
                                            "total": 3758.145410699977,
                                            "count": 168263,
                                            "is_parallel": true,