{
    "name": "root",
    "gauges": {
        "2DPlat.Policy.Entropy.mean": {
            "value": 0.01478076633065939,
            "min": 0.014381792396306992,
            "max": 0.5499535202980042,
            "count": 20
        },
        "2DPlat.Policy.Entropy.sum": {
            "value": 739.8660278320312,
            "min": 719.089599609375,
            "max": 27541.671875,
            "count": 20
        },
        "2DPlat.Environment.EpisodeLength.mean": {
            "value": 18.99041916167665,
            "min": 18.910828025477706,
            "max": 19.383204239706483,
            "count": 20
        },
        "2DPlat.Environment.EpisodeLength.sum": {
            "value": 47571.0,
            "min": 47435.0,
            "max": 47571.0,
            "count": 20
        },
        "2DPlat.Step.mean": {
            "value": 999993.0,
            "min": 49982.0,
            "max": 999993.0,
            "count": 20
        },
        "2DPlat.Step.sum": {
            "value": 999993.0,
            "min": 49982.0,
            "max": 999993.0,
            "count": 20
        },
        "2DPlat.Policy.ExtrinsicValueEstimate.mean": {
            "value": 0.9078019261360168,
            "min": 0.9036685824394226,
            "max": 1.1956679821014404,
            "count": 20
        },
        "2DPlat.Policy.ExtrinsicValueEstimate.sum": {
            "value": 2270.41259765625,
            "min": 2251.942138671875,
            "max": 2931.77783203125,
            "count": 20
        },
        "2DPlat.Environment.CumulativeReward.mean": {
            "value": 1.0,
            "min": 1.0,
            "max": 1.0,
            "count": 20
        },
        "2DPlat.Environment.CumulativeReward.sum": {
            "value": 2501.0,
            "min": 2452.0,
            "max": 2511.0,
            "count": 20
        },
        "2DPlat.Policy.ExtrinsicReward.mean": {
            "value": 1.0,
            "min": 1.0,
            "max": 1.0,
            "count": 20
        },
        "2DPlat.Policy.ExtrinsicReward.sum": {
            "value": 2501.0,
            "min": 2452.0,
            "max": 2511.0,
            "count": 20
        },
        "2DPlat.Losses.PolicyLoss.mean": {
            "value": 0.02376425184930364,
            "min": 0.022232405617833136,
            "max": 0.026886984007433057,
            "count": 20
        },
        "2DPlat.Losses.PolicyLoss.sum": {
            "value": 0.11882125924651821,
            "min": 0.09102174016491821,
            "max": 0.13443492003716528,
            "count": 20
        },
        "2DPlat.Losses.ValueLoss.mean": {
            "value": 0.00048265170402980105,
            "min": 0.00048265170402980105,
            "max": 1.6104011513515917,
            "count": 20
        },
        "2DPlat.Losses.ValueLoss.sum": {
            "value": 0.002413258520149005,
            "min": 0.001996242434446079,
            "max": 6.441604605406367,
            "count": 20
        },
        "2DPlat.Policy.LearningRate.mean": {
            "value": 7.1960176013600026e-06,
            "min": 7.1960176013600026e-06,
            "max": 0.0002923047025650999,
            "count": 20
        },
        "2DPlat.Policy.LearningRate.sum": {
            "value": 3.598008800680001e-05,
            "min": 3.598008800680001e-05,
            "max": 0.0013922913359028998,
            "count": 20
        },
        "2DPlat.Policy.Epsilon.mean": {
            "value": 0.10239863999999999,
            "min": 0.10239863999999999,
            "max": 0.19743489999999997,
            "count": 20
        },
        "2DPlat.Policy.Epsilon.sum": {
            "value": 0.5119931999999999,
            "min": 0.5103043,
            "max": 0.9640970999999999,
            "count": 20
        },
        "2DPlat.Policy.Beta.mean": {
            "value": 0.00012969213600000007,
            "min": 0.00012969213600000007,
            "max": 0.004872001509999999,
            "count": 20
        },
        "2DPlat.Policy.Beta.sum": {
            "value": 0.0006484606800000003,
            "min": 0.0006484606800000003,
            "max": 0.023208445290000004,
            "count": 20
        },
        "2DPlat.IsTraining.mean": {
            "value": 1.0,
            "min": 1.0,
            "max": 1.0,
            "count": 20
        },
        "2DPlat.IsTraining.sum": {
            "value": 1.0,
            "min": 1.0,
            "max": 1.0,
            "count": 20
        }
    },
    "metadata": {
        "timer_format_version": "0.1.0",
        "start_time_seconds": "1635215947",
        "python_version": "3.9.5 (tags/v3.9.5:0a7dcbd, May  3 2021, 17:27:52) [MSC v.1928 64 bit (AMD64)]",
        "command_line_arguments": "D:\\Uni Work\\CGS\\Level Design Solo Project\\virtualenv\\Scripts\\mlagents-learn config/defaultconfig.yaml --initialize-from=2DPlatDefault2BlockStair-36CoinRowOfFourMILLIONSTEPSINITIALISEDFROM1BLOCK --run-id=2DPlatDefault3BlockStair-36CoinRowOfFourMILLIONSTEPSINITIALISEDFROM2BLOCK",
        "mlagents_version": "0.27.0",
        "mlagents_envs_version": "0.27.0",
        "communication_protocol_version": "1.5.0",
        "pytorch_version": "1.7.1+cu110",
        "numpy_version": "1.21.2",
        "end_time_seconds": "1635218547"
    },
    "total": 2600.0286656000003,
    "count": 1,
    "self": 0.008447700000488112,
    "children": {
        "run_training.setup": {
            "total": 0.08750050000000009,
            "count": 1,
            "self": 0.08750050000000009
        },
        "TrainerController.start_learning": {
            "total": 2599.9327174,
            "count": 1,
            "self": 2.921536400001969,
            "children": {
                "TrainerController._reset_env": {
                    "total": 30.1273812,
                    "count": 1,
                    "self": 30.1273812
                },
                "TrainerController.advance": {
                    "total": 2566.791391199998,
                    "count": 141089,
                    "self": 2.937806299965814,
                    "children": {
                        "env_step": {
                            "total": 2202.3003185999924,
                            "count": 141089,
                            "self": 1771.8915345999756,
                            "children": {
                                "SubprocessEnvManager._take_step": {
                                    "total": 428.5678798000209,
                                    "count": 141089,
                                    "self": 7.927231600024925,
                                    "children": {
                                        "TorchPolicy.evaluate": {
                                            "total": 420.64064819999595,
                                            "count": 125012,
                                            "self": 139.36045520000772,
                                            "children": {
                                                "TorchPolicy.sample_actions": {
                                                    "total": 281.28019299998823,
                                                    "count": 125012,
                                                    "self": 281.28019299998823
                                                }
                                            }
                                        }
                                    }
                                },
                                "workers": {
                                    "total": 1.84090419999594,
                                    "count": 141089,
                                    "self": 0.0,
                                    "children": {
                                        "worker_root": {
                                            "total": 2566.6965787999916,
                                            "count": 141089,
                                            "is_parallel": true,