{
    "name": "root",
    "gauges": {
        "2DPlat.Policy.Entropy.mean": {
            "value": 1.5863628387451172,
            "min": 1.1436150074005127,
            "max": 1.6329870223999023,
            "count": 10
        },
        "2DPlat.Policy.Entropy.sum": {
            "value": 79483.125,
            "min": 57134.875,
            "max": 81309.6875,
            "count": 10
        },
        "2DPlat.Environment.EpisodeLength.mean": {
            "value": 200.08474576271186,
            "min": 44.865546218487395,
            "max": 1052.0545454545454,
            "count": 10
        },
        "2DPlat.Environment.EpisodeLength.sum": {
            "value": 70830.0,
            "min": 21681.0,
            "max": 70830.0,
            "count": 10
        },
        "2DPlat.Step.mean": {
            "value": 499941.0,
            "min": 49937.0,
            "max": 499941.0,
            "count": 10
        },
        "2DPlat.Step.sum": {
            "value": 499941.0,
            "min": 49937.0,
            "max": 499941.0,
            "count": 10
        },
        "2DPlat.Policy.ExtrinsicValueEstimate.mean": {
            "value": 0.12752041220664978,
            "min": -7.637330055236816,
            "max": 0.12752041220664978,
            "count": 10
        },
        "2DPlat.Policy.ExtrinsicValueEstimate.sum": {
            "value": 134.27899169921875,
            "min": -10539.515625,
            "max": 134.27899169921875,
            "count": 10
        },
        "2DPlat.Environment.CumulativeReward.mean": {
            "value": 0.4590395480225989,
            "min": 0.19064386317907445,
            "max": 0.4590395480225989,
            "count": 10
        },
        "2DPlat.Environment.CumulativeReward.sum": {
            "value": 162.5,
            "min": 11.5,
            "max": 277.5,
            "count": 10
        },
        "2DPlat.Policy.ExtrinsicReward.mean": {
            "value": 0.4590395480225989,
            "min": 0.19064386317907445,
            "max": 0.4590395480225989,
            "count": 10
        },
        "2DPlat.Policy.ExtrinsicReward.sum": {
            "value": 162.5,
            "min": 11.5,
            "max": 277.5,
            "count": 10
        },
        "2DPlat.Losses.PolicyLoss.mean": {
            "value": 0.023267634802808364,
            "min": 0.022236441923305393,
            "max": 0.027621966673177668,
            "count": 10
        },
        "2DPlat.Losses.PolicyLoss.sum": {
            "value": 0.11633817401404183,
            "min": 0.09327270978440842,
            "max": 0.134078352781944,
            "count": 10
        },
        "2DPlat.Losses.ValueLoss.mean": {
            "value": 0.0023727719305315985,
            "min": 0.0008266197469007845,
            "max": 9.611270902554194,
            "count": 10
        },
        "2DPlat.Losses.ValueLoss.sum": {
            "value": 0.011863859652657993,
            "min": 0.003306478987603138,
            "max": 38.44508361021678,
            "count": 10
        },
        "2DPlat.Policy.LearningRate.mean": {
            "value": 1.6384054538679997e-05,
            "min": 1.6384054538679997e-05,
            "max": 0.00028461870512709993,
            "count": 10
        },
        "2DPlat.Policy.LearningRate.sum": {
            "value": 8.192027269339998e-05,
            "min": 8.192027269339998e-05,
            "max": 0.0012843924718692,
            "count": 10
        },
        "2DPlat.Policy.Epsilon.mean": {
            "value": 0.10546132000000004,
            "min": 0.10546132000000004,
            "max": 0.19487289999999996,
            "count": 10
        },
        "2DPlat.Policy.Epsilon.sum": {
            "value": 0.5273066000000002,
            "min": 0.5000952000000001,
            "max": 0.9281308000000001,
            "count": 10
        },
        "2DPlat.Policy.Beta.mean": {
            "value": 0.000282519868,
            "min": 0.000282519868,
            "max": 0.0047441577099999995,
            "count": 10
        },
        "2DPlat.Policy.Beta.sum": {
            "value": 0.00141259934,
            "min": 0.00141259934,
            "max": 0.02141372692,
            "count": 10
        },
        "2DPlat.IsTraining.mean": {
            "value": 1.0,
            "min": 1.0,
            "max": 1.0,
            "count": 10
        },
        "2DPlat.IsTraining.sum": {
            "value": 1.0,
            "min": 1.0,
            "max": 1.0,
            "count": 10
        }
    },
    "metadata": {
        "timer_format_version": "0.1.0",
        "start_time_seconds": "1634827522",
        "python_version": "3.9.5 (tags/v3.9.5:0a7dcbd, May  3 2021, 17:27:52) [MSC v.1928 64 bit (AMD64)]",
        "command_line_arguments": "D:\\Uni Work\\CGS\\Level Design Solo Project\\virtualenv\\Scripts\\mlagents-learn --run-id=2DPlatDefault1Block-36-2CoinOnGroundSECONDWITHOUTMODEL",
        "mlagents_version": "0.27.0",
        "mlagents_envs_version": "0.27.0",
        "communication_protocol_version": "1.5.0",
        "pytorch_version": "1.7.1+cu110",
        "numpy_version": "1.21.2",
        "end_time_seconds": "1634828625"
    },
    "total": 1102.8816511,
    "count": 1,
    "self": 0.009935999999925116,
    "children": {
        "run_training.setup": {
            "total": 0.028269199999999994,
            "count": 1,
            "self": 0.028269199999999994
        },
        "TrainerController.start_learning": {
            "total": 1102.8434459,
            "count": 1,
            "self": 1.2826590000029228,
            "children": {
                "TrainerController._reset_env": {
                    "total": 16.5937784,
                    "count": 1,
                    "self": 16.5937784
                },
                "TrainerController.advance": {
                    "total": 1084.8983475999971,
                    "count": 67616,
                    "self": 1.2084322999958204,
                    "children": {
                        "env_step": {
                            "total": 945.2718764000015,
                            "count": 67616,
                            "self": 738.6279026000223,
                            "children": {
                                "SubprocessEnvManager._take_step": {
                                    "total": 205.84902629998237,
                                    "count": 67616,
                                    "self": 3.196945899979994,
                                    "children": {
                                        "TorchPolicy.evaluate": {
                                            "total": 202.65208040000238,
                                            "count": 62531,
                                            "self": 72.24894780000488,
                                            "children": {
                                                "TorchPolicy.sample_actions": {
                                                    "total": 130.4031325999975,
                                                    "count": 62531,
                                                    "self": 130.4031325999975
                                                }
                                            }
                                        }
                                    }
                                },
                                "workers": {
                                    "total": 0.7949474999968942,
                                    "count": 67616,
                                    "self": 0.0,
                                    "children": {
                                        "worker_root": {
                                            "total": 1085.6137904000032,
                                            "count": 67616,
                                            "is_parallel": true,
                                            "self": 418.46417169999745,