{
    "name": "root",
    "gauges": {
        "2DPlat.Policy.Entropy.mean": {
            "value": 0.46810057759284973,
            "min": 0.4008866548538208,
            "max": 0.5579455494880676,
            "count": 20
        },
        "2DPlat.Policy.Entropy.sum": {
            "value": 23405.029296875,
            "min": 20082.818359375,
            "max": 27879.423828125,
            "count": 20
        },
        "2DPlat.Environment.EpisodeLength.mean": {
            "value": 10.866160417655435,
            "min": 10.491377328121407,
            "max": 11.383853392768698,
            "count": 20
        },
        "2DPlat.Environment.EpisodeLength.sum": {
            "value": 45790.0,
            "min": 45627.0,
            "max": 45968.0,
            "count": 20
        },
        "2DPlat.Step.mean": {
            "value": 999999.0,
            "min": 49995.0,
            "max": 999999.0,
            "count": 20
        },
        "2DPlat.Step.sum": {
            "value": 999999.0,
            "min": 49995.0,
            "max": 999999.0,
            "count": 20
        },
        "2DPlat.Policy.ExtrinsicValueEstimate.mean": {
            "value": 0.8071913719177246,
            "min": 0.6883677244186401,
            "max": 0.8331668376922607,
            "count": 20
        },
        "2DPlat.Policy.ExtrinsicValueEstimate.sum": {
            "value": 3401.50439453125,
            "min": 2779.62890625,
            "max": 3625.10888671875,
            "count": 20
        },
        "2DPlat.Environment.CumulativeReward.mean": {
            "value": 0.8580920740389179,
            "min": 0.7439326399207529,
            "max": 0.8814065732015629,
            "count": 20
        },
        "2DPlat.Environment.CumulativeReward.sum": {
            "value": 3616.0,
            "min": 3004.0,
            "max": 3835.0,
            "count": 20
        },
        "2DPlat.Policy.ExtrinsicReward.mean": {
            "value": 0.8580920740389179,
            "min": 0.7439326399207529,
            "max": 0.8814065732015629,
            "count": 20
        },
        "2DPlat.Policy.ExtrinsicReward.sum": {
            "value": 3616.0,
            "min": 3004.0,
            "max": 3835.0,
            "count": 20
        },
        "2DPlat.Losses.PolicyLoss.mean": {
            "value": 0.032514708738870406,
            "min": 0.03182377448725653,
            "max": 0.03746426511614787,
            "count": 20
        },
        "2DPlat.Losses.PolicyLoss.sum": {
            "value": 0.09754412621661121,
            "min": 0.09547132346176959,
            "max": 0.14105678578148242,
            "count": 20
        },
        "2DPlat.Losses.ValueLoss.mean": {
            "value": 0.047994802513256156,
            "min": 0.037544892067839016,
            "max": 0.10436999379261129,
            "count": 20
        },
        "2DPlat.Losses.ValueLoss.sum": {
            "value": 0.14398440753976846,
            "min": 0.11263467620351705,
            "max": 0.37510278943026887,
            "count": 20
        },
        "2DPlat.Policy.LearningRate.mean": {
            "value": 7.319997560033333e-06,
            "min": 7.319997560033333e-06,
            "max": 0.00029099770300076663,
            "count": 20
        },
        "2DPlat.Policy.LearningRate.sum": {
            "value": 2.19599926801e-05,
            "min": 2.19599926801e-05,
            "max": 0.0009929133690288999,
            "count": 20
        },
        "2DPlat.Policy.Epsilon.mean": {
            "value": 0.10121998333333332,
            "min": 0.10121998333333332,
            "max": 0.14849961666666667,
            "count": 20
        },
        "2DPlat.Policy.Epsilon.sum": {
            "value": 0.30365994999999996,
            "min": 0.30365994999999996,
            "max": 0.56548555,
            "count": 20
        },
        "2DPlat.Policy.Beta.mean": {
            "value": 0.0002049533366666667,
            "min": 0.0002049533366666667,
            "max": 0.0077602387433333316,
            "count": 20
        },
        "2DPlat.Policy.Beta.sum": {
            "value": 0.0006148600100000001,
            "min": 0.0006148600100000001,
            "max": 0.02648459089,
            "count": 20
        },
        "2DPlat.IsTraining.mean": {
            "value": 1.0,
            "min": 1.0,
            "max": 1.0,
            "count": 20
        },
        "2DPlat.IsTraining.sum": {
            "value": 1.0,
            "min": 1.0,
            "max": 1.0,
            "count": 20
        }
    },
    "metadata": {
        "timer_format_version": "0.1.0",
        "start_time_seconds": "1638218106",
        "python_version": "3.9.5 (tags/v3.9.5:0a7dcbd, May  3 2021, 17:27:52) [MSC v.1928 64 bit (AMD64)]",
        "command_line_arguments": "D:\\Uni Work\\CGS\\Level Design Solo Project\\virtualenv\\Scripts\\mlagents-learn config/2DPlatAlterPostStats.yaml --initialize-from=2DPlatAltPostStatsGap3Wide-37-35RANDOMTRY21 --run-id=2DPlatAltPostStatsGap3Wide-37-35RANDOMTRY22",
        "mlagents_version": "0.27.0",
        "mlagents_envs_version": "0.27.0",
        "communication_protocol_version": "1.5.0",
        "pytorch_version": "1.7.1+cu110",
        "numpy_version": "1.21.2",
        "end_time_seconds": "1638221743"
    },
    "total": 3636.5953719000004,
    "count": 1,
    "self": 0.416970400000082,
    "children": {
        "run_training.setup": {
            "total": 0.4264825000000001,
            "count": 1,
            "self": 0.4264825000000001
        },
        "TrainerController.start_learning": {
            "total": 3635.7519190000003,
            "count": 1,
            "self": 3.5613969999644723,
            "children": {
                "TrainerController._reset_env": {
                    "total": 9.9026426,
                    "count": 1,
                    "self": 9.9026426
                },
                "TrainerController.advance": {
                    "total": 3622.2019140000357,
                    "count": 123012,
                    "self": 3.1444535000500764,
                    "children": {
                        "env_step": {
                            "total": 2960.5393027999526,
                            "count": 123012,
                            "self": 2706.6026782999693,
                            "children": {
                                "SubprocessEnvManager._take_step": {
                                    "total": 251.99190040001778,
                                    "count": 123012,
                                    "self": 5.939643700053551,
                                    "children": {
                                        "TorchPolicy.evaluate": {
                                            "total": 246.05225669996423,
                                            "count": 62506,
                                            "self": 78.41175339998895,
                                            "children": {
                                                "TorchPolicy.sample_actions": {
                                                    "total": 167.64050329997528,
                                                    "count": 62506,
                                                    "self": 167.64050329997528
                                                }
                                            }
                                        }
                                    }
                                },
                                "workers": {
                                    "total": 1.9447240999656117,
                                    "count": 123012,
                                    "self": 0.0,
                                    "children": {
                                        "worker_root": {
                                            "total": 3623.051316100024,
                                            "count": 123012,
                                            "is_parallel": true,