{
    "name": "root",
    "gauges": {
        "2DPlat.Policy.Entropy.mean": {
            "value": -2.3841815277592104e-07,
            "min": -2.3841815277592104e-07,
            "max": -2.3841815277592104e-07,
            "count": 20
        },
        "2DPlat.Policy.Entropy.sum": {
            "value": -0.011928536929190159,
            "min": -0.011930444277822971,
            "max": -0.011882760562002659,
            "count": 20
        },
        "2DPlat.Environment.EpisodeLength.mean": {
            "value": 22.077490774907748,
            "min": 22.07380073800738,
            "max": 22.081180811808117,
            "count": 20
        },
        "2DPlat.Environment.EpisodeLength.sum": {
            "value": 47864.0,
            "min": 47680.0,
            "max": 47872.0,
            "count": 20
        },
        "2DPlat.Step.mean": {
            "value": 999980.0,
            "min": 49992.0,
            "max": 999980.0,
            "count": 20
        },
        "2DPlat.Step.sum": {
            "value": 999980.0,
            "min": 49992.0,
            "max": 999980.0,
            "count": 20
        },
        "2DPlat.Policy.ExtrinsicValueEstimate.mean": {
            "value": -0.36125969886779785,
            "min": -0.38346752524375916,
            "max": -0.13594765961170197,
            "count": 20
        },
        "2DPlat.Policy.ExtrinsicValueEstimate.sum": {
            "value": -782.488525390625,
            "min": -830.5906372070312,
            "max": -294.462646484375,
            "count": 20
        },
        "2DPlat.Environment.CumulativeReward.mean": {
            "value": -1.0,
            "min": -1.0,
            "max": -1.0,
            "count": 20
        },
        "2DPlat.Environment.CumulativeReward.sum": {
            "value": -2166.0,
            "min": -2167.0,
            "max": -2166.0,
            "count": 20
        },
        "2DPlat.Policy.ExtrinsicReward.mean": {
            "value": -1.0,
            "min": -1.0,
            "max": -1.0,
            "count": 20
        },
        "2DPlat.Policy.ExtrinsicReward.sum": {
            "value": -2166.0,
            "min": -2167.0,
            "max": -2166.0,
            "count": 20
        },
        "2DPlat.Losses.PolicyLoss.mean": {
            "value": 0.03551944268963717,
            "min": 0.03265989387552414,
            "max": 0.03608924867290917,
            "count": 20
        },
        "2DPlat.Losses.PolicyLoss.sum": {
            "value": 0.1420777707585487,
            "min": 0.09797968162657243,
            "max": 0.1420777707585487,
            "count": 20
        },
        "2DPlat.Losses.ValueLoss.mean": {
            "value": 0.010473424807624443,
            "min": 0.010473424807624443,
            "max": 3.433516240378991,
            "count": 20
        },
        "2DPlat.Losses.ValueLoss.sum": {
            "value": 0.04189369923049777,
            "min": 0.032477924640386784,
            "max": 10.300548721136973,
            "count": 20
        },
        "2DPlat.Policy.LearningRate.mean": {
            "value": 1.648789764459999e-05,
            "min": 1.648789764459999e-05,
            "max": 0.0006787946696959999,
            "count": 20
        },
        "2DPlat.Policy.LearningRate.sum": {
            "value": 6.595159057839996e-05,
            "min": 6.595159057839996e-05,
            "max": 0.0023125088696416,
            "count": 20
        },
        "2DPlat.Policy.Epsilon.mean": {
            "value": 0.10235540000000003,
            "min": 0.10235540000000003,
            "max": 0.1969706666666667,
            "count": 20
        },
        "2DPlat.Policy.Epsilon.sum": {
            "value": 0.4094216000000001,
            "min": 0.3229631999999999,
            "max": 0.7303584000000001,
            "count": 20
        },
        "2DPlat.Policy.Beta.mean": {
            "value": 8.042645999999998e-05,
            "min": 8.042645999999998e-05,
            "max": 0.002909422933333334,
            "count": 20
        },
        "2DPlat.Policy.Beta.sum": {
            "value": 0.00032170583999999993,
            "min": 0.00032170583999999993,
            "max": 0.00991771616,
            "count": 20
        },
        "2DPlat.IsTraining.mean": {
            "value": 1.0,
            "min": 1.0,
            "max": 1.0,
            "count": 20
        },
        "2DPlat.IsTraining.sum": {
            "value": 1.0,
            "min": 1.0,
            "max": 1.0,
            "count": 20
        }
    },
    "metadata": {
        "timer_format_version": "0.1.0",
        "start_time_seconds": "1636666372",
        "python_version": "3.9.5 (tags/v3.9.5:0a7dcbd, May  3 2021, 17:27:52) [MSC v.1928 64 bit (AMD64)]",
        "command_line_arguments": "D:\\Uni Work\\CGS\\Level Design Solo Project\\virtualenv\\Scripts\\mlagents-learn config/2DPlatAlter.yaml --initialize-from=2DPlatNovemAlterConfigThreeBlock-36 --run-id=2DPlatNovemAlterConfigOneGap3Wide-36",
        "mlagents_version": "0.27.0",
        "mlagents_envs_version": "0.27.0",
        "communication_protocol_version": "1.5.0",
        "pytorch_version": "1.7.1+cu110",
        "numpy_version": "1.21.2",
        "end_time_seconds": "1636669148"
    },
    "total": 2776.1042069,
    "count": 1,
    "self": 0.11233369999990828,
    "children": {
        "run_training.setup": {
            "total": 0.14640189999999897,
            "count": 1,
            "self": 0.14640189999999897
        },
        "TrainerController.start_learning": {
            "total": 2775.8454713,
            "count": 1,
            "self": 2.631083700070576,
            "children": {
                "TrainerController._reset_env": {
                    "total": 45.8116928,
                    "count": 1,
                    "self": 45.8116928
                },
                "TrainerController.advance": {
                    "total": 2727.3290369999295,
                    "count": 129592,
                    "self": 2.5836862999071855,
                    "children": {
                        "env_step": {
                            "total": 2259.051642000015,
                            "count": 129592,
                            "self": 1792.8670445999248,
                            "children": {
                                "SubprocessEnvManager._take_step": {
                                    "total": 464.4457009000709,
                                    "count": 129592,
                                    "self": 8.165693000072622,
                                    "children": {
                                        "TorchPolicy.evaluate": {
                                            "total": 456.2800078999983,
                                            "count": 125009,
                                            "self": 158.26531720001395,
                                            "children": {
                                                "TorchPolicy.sample_actions": {
                                                    "total": 298.0146906999843,
                                                    "count": 125009,
                                                    "self": 298.0146906999843
                                                }
                                            }
                                        }
                                    }
                                },
                                "workers": {
                                    "total": 1.7388965000191234,
                                    "count": 129592,
                                    "self": 0.0,
                                    "children": {
                                        "worker_root": {
                                            "total": 2727.4464541999846,
                                            "count": 129592,
                                            "is_parallel": true,
                                            "self": 1094.9203105999243,