{
    "name": "root",
    "gauges": {
        "2DPlat.Policy.Entropy.mean": {
            "value": 1.7917394638061523,
            "min": 1.7917394638061523,
            "max": 1.7917394638061523,
            "count": 1
        },
        "2DPlat.Policy.Entropy.sum": {
            "value": 17974.73046875,
            "min": 17974.73046875,
            "max": 17974.73046875,
            "count": 1
        },
        "2DPlat.Step.mean": {
            "value": 9999.0,
            "min": 9999.0,
            "max": 9999.0,
            "count": 1
        },
        "2DPlat.Step.sum": {
            "value": 9999.0,
            "min": 9999.0,
            "max": 9999.0,
            "count": 1
        },
        "2DPlat.Policy.ExtrinsicValueEstimate.mean": {
            "value": 0.3206024765968323,
            "min": 0.3206024765968323,
            "max": 0.3206024765968323,
            "count": 1
        },
        "2DPlat.Policy.ExtrinsicValueEstimate.sum": {
            "value": 41.03711700439453,
            "min": 41.03711700439453,
            "max": 41.03711700439453,
            "count": 1
        },
        "2DPlat.Environment.EpisodeLength.mean": {
            "value": 195.7058823529412,
            "min": 195.7058823529412,
            "max": 195.7058823529412,
            "count": 1
        },
        "2DPlat.Environment.EpisodeLength.sum": {
            "value": 9981.0,
            "min": 9981.0,
            "max": 9981.0,
            "count": 1
        },
        "2DPlat.Environment.CumulativeReward.mean": {
            "value": -0.95,
            "min": -0.95,
            "max": -0.95,
            "count": 1
        },
        "2DPlat.Environment.CumulativeReward.sum": {
            "value": -47.5,
            "min": -47.5,
            "max": -47.5,
            "count": 1
        },
        "2DPlat.Policy.ExtrinsicReward.mean": {
            "value": -0.95,
            "min": -0.95,
            "max": -0.95,
            "count": 1
        },
        "2DPlat.Policy.ExtrinsicReward.sum": {
            "value": -47.5,
            "min": -47.5,
            "max": -47.5,
            "count": 1
        },
        "2DPlat.IsTraining.mean": {
            "value": 1.0,
            "min": 1.0,
            "max": 1.0,
            "count": 1
        },
        "2DPlat.IsTraining.sum": {
            "value": 1.0,
            "min": 1.0,
            "max": 1.0,
            "count": 1
        }
    },
    "metadata": {
        "timer_format_version": "0.1.0",
        "start_time_seconds": "1633645988",
        "python_version": "3.9.5 (tags/v3.9.5:0a7dcbd, May  3 2021, 17:27:52) [MSC v.1928 64 bit (AMD64)]",
        "command_line_arguments": "D:\\Uni Work\\CGS\\Level Design Solo Project\\virtualenv\\Scripts\\mlagents-learn config/2DPlat.yaml --run-id=2DPlatNew1",
        "mlagents_version": "0.27.0",
        "mlagents_envs_version": "0.27.0",
        "communication_protocol_version": "1.5.0",
        "pytorch_version": "1.7.1+cu110",
        "numpy_version": "1.21.2",
        "end_time_seconds": "1633646157"
    },
    "total": 168.241592,
    "count": 1,
    "self": 0.007536699999974417,
    "children": {
        "run_training.setup": {
            "total": 0.12622690000000003,
            "count": 1,
            "self": 0.12622690000000003
        },
        "TrainerController.start_learning": {
            "total": 168.10782840000002,
            "count": 1,
            "self": 0.16721360000050822,
            "children": {
                "TrainerController._reset_env": {
                    "total": 7.5034147,
                    "count": 1,
                    "self": 7.5034147
                },
                "TrainerController.advance": {
                    "total": 160.37112169999952,
                    "count": 10068,
                    "self": 0.163516499999929,
                    "children": {
                        "env_step": {
                            "total": 158.79847100000018,
                            "count": 10068,
                            "self": 125.65711669999982,
                            "children": {
                                "SubprocessEnvManager._take_step": {
                                    "total": 33.037291500000826,
                                    "count": 10068,
                                    "self": 0.46093780000045825,
                                    "children": {
                                        "TorchPolicy.evaluate": {
                                            "total": 32.57635370000037,
                                            "count": 10032,
                                            "self": 10.536735200000422,
                                            "children": {
                                                "TorchPolicy.sample_actions": {
                                                    "total": 22.039618499999946,
                                                    "count": 10032,
                                                    "self": 22.039618499999946
                                                }
                                            }
                                        }
                                    }
                                },
                                "workers": {
                                    "total": 0.10406279999952694,
                                    "count": 10068,
                                    "self": 0.0,
                                    "children": {
                                        "worker_root": {
                                            "total": 161.27308400000044,
                                            "count": 10068,
                                            "is_parallel": true,
                                            "self": 43.83626010000117,
                                            "children": {
                                                "steps_from_proto": {
                                                    "total": 0.00037319999999940734,
                                                    "count": 1,
                                                    "is_parallel": true,
                                                    "self": 0.00018999999999991246,
                                                    "children": {
                                                        "_process_rank_one_or_two_observation": {
                                                            "total": 0.00018319999999949488,
                                                            "count": 4,
                                                            "is_parallel": true,
                                                            "self": 0.00018319999999949488
                                                        }
                                                    }
                                                },
                                                "UnityEnvironment.step": {
                                                    "total": 117.43645069999927,
                                                    "count": 10068,
                                                    "is_parallel": true,
                                                    "self": 0.6727235999996282,
                                                    "children": {
                                                        "UnityEnvironment._generate_step_input": {
                                                            "total": 0.5591046999995886,
                                                            "count": 10068,
                                                            "is_parallel": true,
                                                            "self": 0.5591046999995886
                                                        },