{
    "name": "root",
    "gauges": {
        "2DPlat.Policy.Entropy.mean": {
            "value": 1.9454764127731323,
            "min": 1.8645358085632324,
            "max": 2.2172985076904297,
            "count": 20
        },
        "2DPlat.Policy.Entropy.sum": {
            "value": 97211.5625,
            "min": 93375.953125,
            "max": 111255.171875,
            "count": 20
        },
        "2DPlat.Step.mean": {
            "value": 999967.0,
            "min": 49984.0,
            "max": 999967.0,
            "count": 20
        },
        "2DPlat.Step.sum": {
            "value": 999967.0,
            "min": 49984.0,
            "max": 999967.0,
            "count": 20
        },
        "2DPlat.Policy.ExtrinsicValueEstimate.mean": {
            "value": 0.001308394712395966,
            "min": -0.008383013308048248,
            "max": 0.03683123737573624,
            "count": 20
        },
        "2DPlat.Policy.ExtrinsicValueEstimate.sum": {
            "value": 1.0244730710983276,
            "min": -6.622580528259277,
            "max": 28.986183166503906,
            "count": 20
        },
        "2DPlat.Losses.PolicyLoss.mean": {
            "value": 0.03627654466069658,
            "min": 0.029465056589677057,
            "max": 0.03656609951592852,
            "count": 20
        },
        "2DPlat.Losses.PolicyLoss.sum": {
            "value": 0.10882963398208975,
            "min": 0.08839516976903117,
            "max": 0.14012593972737883,
            "count": 20
        },
        "2DPlat.Losses.ValueLoss.mean": {
            "value": 3.349943271153269e-05,
            "min": 3.349943271153269e-05,
            "max": 0.8041267009497256,
            "count": 20
        },
        "2DPlat.Losses.ValueLoss.sum": {
            "value": 0.00010049829813459806,
            "min": 0.00010049829813459806,
            "max": 2.412380102849177,
            "count": 20
        },
        "2DPlat.Policy.LearningRate.mean": {
            "value": 6.981297672933334e-06,
            "min": 6.981297672933334e-06,
            "max": 0.00029078400307199994,
            "count": 20
        },
        "2DPlat.Policy.LearningRate.sum": {
            "value": 2.0943893018800003e-05,
            "min": 2.0943893018800003e-05,
            "max": 0.0009885582704805998,
            "count": 20
        },
        "2DPlat.Policy.Epsilon.mean": {
            "value": 0.10116353333333335,
            "min": 0.10116353333333335,
            "max": 0.14846399999999998,
            "count": 20
        },
        "2DPlat.Policy.Epsilon.sum": {
            "value": 0.30349060000000005,
            "min": 0.30349060000000005,
            "max": 0.5647597,
            "count": 20
        },
        "2DPlat.Policy.Beta.mean": {
            "value": 0.00019593262666666662,
            "min": 0.00019593262666666662,
            "max": 0.0077545472,
            "count": 20
        },
        "2DPlat.Policy.Beta.sum": {
            "value": 0.0005877978799999999,
            "min": 0.0005877978799999999,
            "max": 0.026368600059999997,
            "count": 20
        },
        "2DPlat.IsTraining.mean": {
            "value": 1.0,
            "min": 1.0,
            "max": 1.0,
            "count": 20
        },
        "2DPlat.IsTraining.sum": {
            "value": 1.0,
            "min": 1.0,
            "max": 1.0,
            "count": 20
        },
        "2DPlat.Environment.EpisodeLength.mean": {
            "value": 6681.0,
            "min": 3573.0,
            "max": 7142.0,
            "count": 19
        },
        "2DPlat.Environment.EpisodeLength.sum": {
            "value": 33405.0,
            "min": 4829.0,
            "max": 109226.0,
            "count": 19
        },
        "2DPlat.Environment.CumulativeReward.mean": {
            "value": -0.2,
            "min": -1.0,
            "max": 0.281250006519258,
            "count": 19
        },
        "2DPlat.Environment.CumulativeReward.sum": {
            "value": -1.0,
            "min": -5.0,
            "max": 4.500000104308128,
            "count": 19
        },
        "2DPlat.Policy.ExtrinsicReward.mean": {
            "value": -0.2,
            "min": -1.0,
            "max": 0.281250006519258,
            "count": 19
        },
        "2DPlat.Policy.ExtrinsicReward.sum": {
            "value": -1.0,
            "min": -5.0,
            "max": 4.500000104308128,
            "count": 19
        }
    },
    "metadata": {
        "timer_format_version": "0.1.0",
        "start_time_seconds": "1638771736",
        "python_version": "3.9.5 (tags/v3.9.5:0a7dcbd, May  3 2021, 17:27:52) [MSC v.1928 64 bit (AMD64)]",
        "command_line_arguments": "D:\\Uni Work\\CGS\\Level Design Solo Project\\virtualenv\\Scripts\\mlagents-learn config/2DPlatAlterPostStats.yaml --initialize-from=2DPlatAltStableRunLevel1TRY3 --run-id=2DPlatAltStableRunLevel1TRY4",
        "mlagents_version": "0.27.0",
        "mlagents_envs_version": "0.27.0",
        "communication_protocol_version": "1.5.0",
        "pytorch_version": "1.7.1+cu110",
        "numpy_version": "1.21.2",
        "end_time_seconds": "1638773518"
    },
    "total": 1782.0066549,
    "count": 1,
    "self": 0.12400480000019343,
    "children": {
        "run_training.setup": {
            "total": 0.6478760000000001,
            "count": 1,
            "self": 0.6478760000000001
        },
        "TrainerController.start_learning": {
            "total": 1781.2347740999999,
            "count": 1,
            "self": 1.3345121000181734,
            "children": {
                "TrainerController._reset_env": {
                    "total": 21.969161200000002,
                    "count": 1,
                    "self": 21.969161200000002
                },
                "TrainerController.advance": {
                    "total": 1757.5737062999817,
                    "count": 62604,
                    "self": 1.2935612999688146,
                    "children": {
                        "env_step": {
                            "total": 1348.583957200013,
                            "count": 62604,
                            "self": 1064.383351100031,
                            "children": {
                                "SubprocessEnvManager._take_step": {
                                    "total": 283.3661402999837,
                                    "count": 62604,
                                    "self": 4.327893399973277,
                                    "children": {
                                        "TorchPolicy.evaluate": {
                                            "total": 279.03824690001045,
                                            "count": 62526,
                                            "self": 74.23536889998857,
                                            "children": {
                                                "TorchPolicy.sample_actions": {
                                                    "total": 204.80287800002188,
                                                    "count": 62526,
                                                    "self": 204.80287800002188
                                                }
                                            }
                                        }
                                    }
                                },
                                "workers": {
                                    "total": 0.8344657999982132,
                                    "count": 62604,
                                    "self": 0.0,
                                    "children": {
                                        "worker_root": {
                                            "total": 1768.6642723000004,
                                            "count": 62604,
                                            "is_parallel": true,
                                            "self": 799.7633274999981,