{
    "name": "root",
    "gauges": {
        "2DPlat.Policy.Entropy.mean": {
            "value": 1.660237193107605,
            "min": 1.660237193107605,
            "max": 2.0374464988708496,
            "count": 20
        },
        "2DPlat.Policy.Entropy.sum": {
            "value": 83224.3671875,
            "min": 83224.3671875,
            "max": 102230.9140625,
            "count": 20
        },
        "2DPlat.Step.mean": {
            "value": 999958.0,
            "min": 49951.0,
            "max": 999958.0,
            "count": 20
        },
        "2DPlat.Step.sum": {
            "value": 999958.0,
            "min": 49951.0,
            "max": 999958.0,
            "count": 20
        },
        "2DPlat.Policy.ExtrinsicValueEstimate.mean": {
            "value": 0.0011394289322197437,
            "min": -0.00036986422492191195,
            "max": 0.006199255120009184,
            "count": 20
        },
        "2DPlat.Policy.ExtrinsicValueEstimate.sum": {
            "value": 0.8944517374038696,
            "min": -0.2914530038833618,
            "max": 4.86021614074707,
            "count": 20
        },
        "2DPlat.Losses.PolicyLoss.mean": {
            "value": 0.03437643364876509,
            "min": 0.029674506406520557,
            "max": 0.0356258841424909,
            "count": 20
        },
        "2DPlat.Losses.PolicyLoss.sum": {
            "value": 0.10312930094629526,
            "min": 0.08902351921956167,
            "max": 0.1403270932928065,
            "count": 20
        },
        "2DPlat.Losses.ValueLoss.mean": {
            "value": 0.00010678786964166355,
            "min": 2.5472237483746155e-05,
            "max": 0.37679514080393406,
            "count": 20
        },
        "2DPlat.Losses.ValueLoss.sum": {
            "value": 0.00032036360892499067,
            "min": 7.641671245123846e-05,
            "max": 1.1303854224118022,
            "count": 20
        },
        "2DPlat.Policy.LearningRate.mean": {
            "value": 8.364997211699999e-06,
            "min": 8.364997211699999e-06,
            "max": 0.00029078730307089995,
            "count": 20
        },
        "2DPlat.Policy.LearningRate.sum": {
            "value": 2.5094991635099996e-05,
            "min": 2.5094991635099996e-05,
            "max": 0.0009887844704052,
            "count": 20
        },
        "2DPlat.Policy.Epsilon.mean": {
            "value": 0.10139414999999997,
            "min": 0.10139414999999997,
            "max": 0.14846455,
            "count": 20
        },
        "2DPlat.Policy.Epsilon.sum": {
            "value": 0.30418244999999994,
            "min": 0.30418244999999994,
            "max": 0.5647974,
            "count": 20
        },
        "2DPlat.Policy.Beta.mean": {
            "value": 0.0002327851699999999,
            "min": 0.0002327851699999999,
            "max": 0.00775463509,
            "count": 20
        },
        "2DPlat.Policy.Beta.sum": {
            "value": 0.0006983555099999997,
            "min": 0.0006983555099999997,
            "max": 0.02637462452,
            "count": 20
        },
        "2DPlat.Environment.EpisodeLength.mean": {
            "value": 5357.5,
            "min": 2078.0,
            "max": 7142.0,
            "count": 20
        },
        "2DPlat.Environment.EpisodeLength.sum": {
            "value": 42860.0,
            "min": 2078.0,
            "max": 92851.0,
            "count": 20
        },
        "2DPlat.Environment.CumulativeReward.mean": {
            "value": -0.25,
            "min": -0.6999999925494194,
            "max": 0.0,
            "count": 20
        },
        "2DPlat.Environment.CumulativeReward.sum": {
            "value": -2.0,
            "min": -3.499999962747097,
            "max": 0.0,
            "count": 20
        },
        "2DPlat.Policy.ExtrinsicReward.mean": {
            "value": -0.25,
            "min": -0.6999999925494194,
            "max": 0.0,
            "count": 20
        },
        "2DPlat.Policy.ExtrinsicReward.sum": {
            "value": -2.0,
            "min": -3.499999962747097,
            "max": 0.0,
            "count": 20
        },
        "2DPlat.IsTraining.mean": {
            "value": 1.0,
            "min": 1.0,
            "max": 1.0,
            "count": 20
        },
        "2DPlat.IsTraining.sum": {
            "value": 1.0,
            "min": 1.0,
            "max": 1.0,
            "count": 20
        }
    },
    "metadata": {
        "timer_format_version": "0.1.0",
        "start_time_seconds": "1638774876",
        "python_version": "3.9.5 (tags/v3.9.5:0a7dcbd, May  3 2021, 17:27:52) [MSC v.1928 64 bit (AMD64)]",
        "command_line_arguments": "D:\\Uni Work\\CGS\\Level Design Solo Project\\virtualenv\\Scripts\\mlagents-learn config/2DPlatAlterPostStats.yaml --initialize-from=2DPlatAltStableRunLevel1TRY4 --run-id=2DPlatAltStableRunLevel1TRY5",
        "mlagents_version": "0.27.0",
        "mlagents_envs_version": "0.27.0",
        "communication_protocol_version": "1.5.0",
        "pytorch_version": "1.7.1+cu110",
        "numpy_version": "1.21.2",
        "end_time_seconds": "1638776613"
    },
    "total": 1737.5848832,
    "count": 1,
    "self": 0.018531700000039564,
    "children": {
        "run_training.setup": {
            "total": 0.36205409999999993,
            "count": 1,
            "self": 0.36205409999999993
        },
        "TrainerController.start_learning": {
            "total": 1737.2042973999999,
            "count": 1,
            "self": 1.309040600001481,
            "children": {
                "TrainerController._reset_env": {
                    "total": 11.494301,
                    "count": 1,
                    "self": 11.494301
                },
                "TrainerController.advance": {
                    "total": 1724.3021496999984,
                    "count": 62633,
                    "self": 1.3354943000156254,
                    "children": {
                        "env_step": {
                            "total": 1334.4719354999827,
                            "count": 62633,
                            "self": 1065.1460613999893,
                            "children": {
                                "SubprocessEnvManager._take_step": {
                                    "total": 268.5265585999914,
                                    "count": 62633,
                                    "self": 4.045978799997158,
                                    "children": {
                                        "TorchPolicy.evaluate": {
                                            "total": 264.48057979999425,
                                            "count": 62531,
                                            "self": 72.31719410000031,
                                            "children": {
                                                "TorchPolicy.sample_actions": {
                                                    "total": 192.16338569999394,
                                                    "count": 62531,
                                                    "self": 192.16338569999394
                                                }
                                            }
                                        }
                                    }
                                },
                                "workers": {
                                    "total": 0.799315500001974,
                                    "count": 62633,
                                    "self": 0.0,
                                    "children": {
                                        "worker_root": {
                                            "total": 1724.9500032000162,
                                            "count": 62633,
                                            "is_parallel": true,
                                            "self": 751.7084553000294,