{
    "name": "root",
    "gauges": {
        "2DPlat.Policy.Entropy.mean": {
            "value": 1.2779703411069931e-06,
            "min": 1.0632303428792511e-06,
            "max": 0.4848966896533966,
            "count": 6
        },
        "2DPlat.Policy.Entropy.sum": {
            "value": 0.06386784464120865,
            "min": 0.05314450338482857,
            "max": 24295.263671875,
            "count": 6
        },
        "2DPlat.Environment.EpisodeLength.mean": {
            "value": 18.04611280487805,
            "min": 18.04611280487805,
            "max": 22.94928229665072,
            "count": 6
        },
        "2DPlat.Environment.EpisodeLength.sum": {
            "value": 47353.0,
            "min": 47353.0,
            "max": 47964.0,
            "count": 6
        },
        "2DPlat.Step.mean": {
            "value": 299996.0,
            "min": 49997.0,
            "max": 299996.0,
            "count": 6
        },
        "2DPlat.Step.sum": {
            "value": 299996.0,
            "min": 49997.0,
            "max": 299996.0,
            "count": 6
        },
        "2DPlat.Policy.ExtrinsicValueEstimate.mean": {
            "value": -0.4138723611831665,
            "min": -21.928991317749023,
            "max": -0.41066065430641174,
            "count": 6
        },
        "2DPlat.Policy.ExtrinsicValueEstimate.sum": {
            "value": -1086.828857421875,
            "min": -47695.5546875,
            "max": -1077.9842529296875,
            "count": 6
        },
        "2DPlat.Environment.CumulativeReward.mean": {
            "value": -1.0,
            "min": -1.0,
            "max": -1.0,
            "count": 6
        },
        "2DPlat.Environment.CumulativeReward.sum": {
            "value": -2626.0,
            "min": -2626.0,
            "max": -2087.0,
            "count": 6
        },
        "2DPlat.Policy.ExtrinsicReward.mean": {
            "value": -1.0,
            "min": -1.0,
            "max": -1.0,
            "count": 6
        },
        "2DPlat.Policy.ExtrinsicReward.sum": {
            "value": -2626.0,
            "min": -2626.0,
            "max": -2087.0,
            "count": 6
        },
        "2DPlat.Losses.PolicyLoss.mean": {
            "value": 0.03427763196944805,
            "min": 0.03427763196944805,
            "max": 0.10857207801369628,
            "count": 6
        },
        "2DPlat.Losses.PolicyLoss.sum": {
            "value": 0.10283289590834416,
            "min": 0.10283289590834416,
            "max": 0.32571623404108885,
            "count": 6
        },
        "2DPlat.Losses.ValueLoss.mean": {
            "value": 0.0007981225942199965,
            "min": 0.0007981225942199965,
            "max": 53.54108992265538,
            "count": 6
        },
        "2DPlat.Losses.ValueLoss.sum": {
            "value": 0.0023943677826599894,
            "min": 0.0023943677826599894,
            "max": 160.62326976796615,
            "count": 6
        },
        "2DPlat.Policy.LearningRate.mean": {
            "value": 0.0005108282936912,
            "min": 0.0005108282936912,
            "max": 0.0006789664030048001,
            "count": 6
        },
        "2DPlat.Policy.LearningRate.sum": {
            "value": 0.0015324848810736001,
            "min": 0.0015324848810736001,
            "max": 0.0023164876690732004,
            "count": 6
        },
        "2DPlat.Policy.Epsilon.mean": {
            "value": 0.17297546666666666,
            "min": 0.17297546666666666,
            "max": 0.1969952,
            "count": 6
        },
        "2DPlat.Policy.Epsilon.sum": {
            "value": 0.5189264,
            "min": 0.5189264,
            "max": 0.7309268000000001,
            "count": 6
        },
        "2DPlat.Policy.Beta.mean": {
            "value": 0.002191966453333333,
            "min": 0.002191966453333333,
            "max": 0.00291015648,
            "count": 6
        },
        "2DPlat.Policy.Beta.sum": {
            "value": 0.006575899359999999,
            "min": 0.006575899359999999,
            "max": 0.009934711320000003,
            "count": 6
        },
        "2DPlat.IsTraining.mean": {
            "value": 1.0,
            "min": 1.0,
            "max": 1.0,
            "count": 6
        },
        "2DPlat.IsTraining.sum": {
            "value": 1.0,
            "min": 1.0,
            "max": 1.0,
            "count": 6
        }
    },
    "metadata": {
        "timer_format_version": "0.1.0",
        "start_time_seconds": "1636865899",
        "python_version": "3.9.5 (tags/v3.9.5:0a7dcbd, May  3 2021, 17:27:52) [MSC v.1928 64 bit (AMD64)]",
        "command_line_arguments": "D:\\Uni Work\\CGS\\Level Design Solo Project\\virtualenv\\Scripts\\mlagents-learn config/2DPlatAlter2.yaml --run-id=2DPlatNovemAlterGammaReturnedTrialOneBlock",
        "mlagents_version": "0.27.0",
        "mlagents_envs_version": "0.27.0",
        "communication_protocol_version": "1.5.0",
        "pytorch_version": "1.7.1+cu110",
        "numpy_version": "1.21.2",
        "end_time_seconds": "1636867064"
    },
    "total": 1165.2216469999998,
    "count": 1,
    "self": 0.0057005999999546475,
    "children": {
        "run_training.setup": {
            "total": 0.08550659999999988,
            "count": 1,
            "self": 0.08550659999999988
        },
        "TrainerController.start_learning": {
            "total": 1165.1304398,
            "count": 1,
            "self": 0.9507220999942092,
            "children": {
                "TrainerController._reset_env": {
                    "total": 8.0167176,
                    "count": 1,
                    "self": 8.0167176
                },
                "TrainerController.advance": {
                    "total": 1156.087456000006,
                    "count": 45033,
                    "self": 0.9000361000112207,
                    "children": {
                        "env_step": {
                            "total": 1015.6906509999965,
                            "count": 45033,
                            "self": 882.4643169999654,
                            "children": {
                                "SubprocessEnvManager._take_step": {
                                    "total": 132.63323700002007,
                                    "count": 45033,
                                    "self": 2.3110957000145618,
                                    "children": {
                                        "TorchPolicy.evaluate": {
                                            "total": 130.3221413000055,
                                            "count": 38261,
                                            "self": 45.04662909999203,
                                            "children": {
                                                "TorchPolicy.sample_actions": {
                                                    "total": 85.27551220001348,
                                                    "count": 38260,
                                                    "self": 85.27551220001348
                                                }
                                            }
                                        }
                                    }
                                },
                                "workers": {
                                    "total": 0.5930970000110065,
                                    "count": 45032,
                                    "self": 0.0,
                                    "children": {
                                        "worker_root": {
                                            "total": 1157.1266611999913,
                                            "count": 45032,
                                            "is_parallel": true,
                                            "self": 325.5655142999956,