{
    "name": "root",
    "gauges": {
        "2DPlat.Policy.Entropy.mean": {
            "value": 0.022445274516940117,
            "min": 0.004928599111735821,
            "max": 0.03939318656921387,
            "count": 20
        },
        "2DPlat.Policy.Entropy.sum": {
            "value": 1119.7498779296875,
            "min": 247.84939575195312,
            "max": 1973.4410400390625,
            "count": 20
        },
        "2DPlat.Environment.EpisodeLength.mean": {
            "value": 51.98197242841994,
            "min": 42.72027972027972,
            "max": 52.26012793176972,
            "count": 20
        },
        "2DPlat.Environment.EpisodeLength.sum": {
            "value": 49019.0,
            "min": 48836.0,
            "max": 49226.0,
            "count": 20
        },
        "2DPlat.Step.mean": {
            "value": 999957.0,
            "min": 49967.0,
            "max": 999957.0,
            "count": 20
        },
        "2DPlat.Step.sum": {
            "value": 999957.0,
            "min": 49967.0,
            "max": 999957.0,
            "count": 20
        },
        "2DPlat.Policy.ExtrinsicValueEstimate.mean": {
            "value": 0.7459458112716675,
            "min": 0.4572416841983795,
            "max": 0.9454537034034729,
            "count": 20
        },
        "2DPlat.Policy.ExtrinsicValueEstimate.sum": {
            "value": 703.4268798828125,
            "min": 496.564453125,
            "max": 948.2900390625,
            "count": 20
        },
        "2DPlat.Environment.CumulativeReward.mean": {
            "value": 0.9154825416627643,
            "min": 0.26482942056363856,
            "max": 1.2000000476837158,
            "count": 20
        },
        "2DPlat.Environment.CumulativeReward.sum": {
            "value": 863.3000367879868,
            "min": 302.7000277042389,
            "max": 1200.0000476837158,
            "count": 20
        },
        "2DPlat.Policy.ExtrinsicReward.mean": {
            "value": 0.9154825416627643,
            "min": 0.26482942056363856,
            "max": 1.2000000476837158,
            "count": 20
        },
        "2DPlat.Policy.ExtrinsicReward.sum": {
            "value": 863.3000367879868,
            "min": 302.7000277042389,
            "max": 1200.0000476837158,
            "count": 20
        },
        "2DPlat.Losses.PolicyLoss.mean": {
            "value": 0.03526413679832456,
            "min": 0.03268303542995715,
            "max": 0.03722513993844409,
            "count": 20
        },
        "2DPlat.Losses.PolicyLoss.sum": {
            "value": 0.14105654719329824,
            "min": 0.09804910628987146,
            "max": 0.14105654719329824,
            "count": 20
        },
        "2DPlat.Losses.ValueLoss.mean": {
            "value": 0.06682809410167152,
            "min": 9.389203766878727e-05,
            "max": 0.5205652459000033,
            "count": 20
        },
        "2DPlat.Losses.ValueLoss.sum": {
            "value": 0.2673123764066861,
            "min": 0.00037556815067514907,
            "max": 1.56169573770001,
            "count": 20
        },
        "2DPlat.Policy.LearningRate.mean": {
            "value": 7.449097517000005e-06,
            "min": 7.449097517000005e-06,
            "max": 0.00029094700301766663,
            "count": 20
        },
        "2DPlat.Policy.LearningRate.sum": {
            "value": 2.979639006800002e-05,
            "min": 2.979639006800002e-05,
            "max": 0.0009911685696105,
            "count": 20
        },
        "2DPlat.Policy.Epsilon.mean": {
            "value": 0.10124149999999998,
            "min": 0.10124149999999998,
            "max": 0.14849116666666667,
            "count": 20
        },
        "2DPlat.Policy.Epsilon.sum": {
            "value": 0.40496599999999994,
            "min": 0.31161244999999993,
            "max": 0.5651947499999999,
            "count": 20
        },
        "2DPlat.Policy.Beta.mean": {
            "value": 0.00020839170000000015,
            "min": 0.00020839170000000015,
            "max": 0.007758888433333336,
            "count": 20
        },
        "2DPlat.Policy.Beta.sum": {
            "value": 0.0008335668000000006,
            "min": 0.0008335668000000006,
            "max": 0.02643812105,
            "count": 20
        },
        "2DPlat.IsTraining.mean": {
            "value": 1.0,
            "min": 1.0,
            "max": 1.0,
            "count": 20
        },
        "2DPlat.IsTraining.sum": {
            "value": 1.0,
            "min": 1.0,
            "max": 1.0,
            "count": 20
        }
    },
    "metadata": {
        "timer_format_version": "0.1.0",
        "start_time_seconds": "1639275669",
        "python_version": "3.9.5 (tags/v3.9.5:0a7dcbd, May  3 2021, 17:27:52) [MSC v.1928 64 bit (AMD64)]",
        "command_line_arguments": "D:\\Uni Work\\CGS\\Level Design Solo Project\\virtualenv\\Scripts\\mlagents-learn config/2DPlatAlterPostStats.yaml --initialize-from=2DPlatLevel1TIMEPart1 --run-id=2DPlatLevel1TIMEPart2SPECTATED",
        "mlagents_version": "0.27.0",
        "mlagents_envs_version": "0.27.0",
        "communication_protocol_version": "1.5.0",
        "pytorch_version": "1.7.1+cu110",
        "numpy_version": "1.21.2",
        "end_time_seconds": "1639277669"
    },
    "total": 2000.0992159,
    "count": 1,
    "self": 0.4046872000001258,
    "children": {
        "run_training.setup": {
            "total": 0.9749662999999984,
            "count": 1,
            "self": 0.9749662999999984
        },
        "TrainerController.start_learning": {
            "total": 1998.7195623999999,
            "count": 1,
            "self": 1.4901998999835087,
            "children": {
                "TrainerController._reset_env": {
                    "total": 19.925098199999997,
                    "count": 1,
                    "self": 19.925098199999997
                },
                "TrainerController.advance": {
                    "total": 1977.207680200016,
                    "count": 72444,
                    "self": 1.4921435000151178,
                    "children": {
                        "env_step": {
                            "total": 1562.4362894999815,
                            "count": 72444,
                            "self": 1279.9351210999587,
                            "children": {
                                "SubprocessEnvManager._take_step": {
                                    "total": 281.54536749998545,
                                    "count": 72444,
                                    "self": 4.185649099977013,
                                    "children": {
                                        "TorchPolicy.evaluate": {
                                            "total": 277.35971840000843,
                                            "count": 62520,
                                            "self": 77.22113339999734,
                                            "children": {
                                                "TorchPolicy.sample_actions": {
                                                    "total": 200.1385850000111,
                                                    "count": 62520,
                                                    "self": 200.1385850000111
                                                }
                                            }
                                        }
                                    }
                                },
                                "workers": {
                                    "total": 0.9558009000374028,
                                    "count": 72444,
                                    "self": 0.0,
                                    "children": {
                                        "worker_root": {
                                            "total": 1987.6375975999842,
                                            "count": 72444,